"Ô Dù 4 Lớp Che Nắng, Đi Mưa Chống Tia UV"
Ô (dù) tự động 2 chiều cao cấp DandiHome chống UV
Bao Giày Đi Mưa - Áo Mưa Bọc Giày Dép Thời Trang Bằng Cao Su Khô Ráo Dù Mưa Bão
Áo mưa bít người vải dù tổ ong cao cấp freesize
Ô dù gập 3 tự động đóng mở bằng nút bấm 60cm - Hàng xuất khẩu Nhật Bản
Áo mưa dây kéo vải dù tổ ong chống thấm ( nhiều màu)
Ủng bọc giày đi mưa đi phượt chống nước có đế chống trượt
Áo Mưa Bít Không Xẻ Tà Vải Dù Chống Thấm Dài 1m4
Ủng Bọc Giày Đi Mưa Dùng Nhiều Lần
"Ô, dù đi mưa gấp ngược thông minh GS00123"
Áo mưa bộ 2 lớp Thanh Long
Bộ Áo Mưa Vải Dù không thấm nước cao cấp
Áo mưa bộ 2 lớp Thành Long
Áo Mưa Bít Vải Dù Các Màu
Áo Mưa Vải Dù Cánh Dơi Dài 1m4 Chống Thấm
Áo mưa - Áo mưa 2 đầu cao cấp
Áo Mưa Măng Tô Vải Dù 1m4 Chống Thấm Cao Cấp
Ô Dù Che mưa Che Nắng Chống Tia UV (màu ngẫu nhiên)
Ô dù đi mưa gấp gọn hình gấu Brown
"Ô Dù Đi Mưa Cầm Tay Mini, Gấp Gọn Tiện Lợi - Giao Màu Ngẫu Nhiên"
Ủng Cao Su Đi Mưa Cao Cấp - Bao Giày Chống Ướt Đi Mưa - Bao Silicon Bảo Vệ Giày Khỏi Ướt
Ủng bọc giày đi mưa đi phượt chống nước có đế chống trượt - màu xanh
Bọc giày đi mưa PK212
"Ủng, Túi PVC Bọc Giày Đi Mưa PVC Có Đế Chống Trơn | Chống Nước, Chổng Bẩn Tuyệt Đối"
Bộ 2 bọc giày đi mưa silicon chống nước trong suốt co giãn hiệu Coolnice áo mưa cho giày
ÁO MƯA BIT NÂNG CAO
Ô gấp ngược đi mưa thông minh tiện lợi nhiều màu
Ô dù đi mưa đi nắng cỡ lớn 24 nan chống lật chống uv cao cấp màu đen
Áo Mưa Măng Tô Vải Dù 1m6 Không Thấm Nước - Lựa Màu
Áo mưa cánh bướm trẻ em Rando Poncho dành cho các bé có độ tuổi từ (2 tuổi đến 12 tuổi) tương đương với các size từ số 1 đến số 5 ( GIAO MÀU NGÂU NHIÊN)
Ô dù cầm tay trong suốt
"Ủng, Túi PVC Bọc Giày Đi Mưa Cao Cổ Có Đế Chống Trơn ALUVI TDM02 | Chống Nước, Chổng Bẩn Tuyệt Đối"
Bộ Quần Áo Mưa Vải Dù Từ 50-80kg 2 Lớp Khóa Không Thấm Nước Chống Rách
Áo mưa vải dù tổ ong có kiếng đèn
Áo Mưa Bộ Vải Dù Cao Cấp ( 2 size )
Áo mưa phản quang 2 đầu có kính che mặt bọc gương
Bộ Áo Mưa Vải Dù Cao Cấp Size XXXL Chống Thấm
Ô Dù Chống Nắng Gấp Gọn
Dù Che Nắng Che Mưa 8 Xương Xếp Gọn Tiện Lợi
Bộ Áo Quần Đi Mưa
Bao Giày Đi Mưa - Áo Mưa Bọc Giày Dép Thời Trang Size Từ 28 Đến 46
Áo Mưa Nam Nữ- Măng Tô Chống Nước
Ủng bọc giầy đi mưa chống trơn trượt
Áo mưa gấp gọn đi du lịch
Ô dù cán dài 24 nan cỡ lớn siêu chắc chắn chống lật vải chống uv màu xanh đen
"Áo Mưa Cánh Dơi Có Kiếng Đèn Vải Dù Loại Siêu Dày, Hàng Việt Nam, Khổ To Rộng, Chống Thấm Hiệu Quả, Phù Hợp Nam Và Nữ, Có Túi Đựng, Có Lựa Chọn Màu Sắc"
Ô Dù Che Nắng Mưa Mini Gấp Gọn Hình Viên Thuốc Siêu Xinh
Áo mưa Hàn Quốc nam nữ dáng dài cực cute
Bộ Quần Áo Mưa Nhựa Dẻo FreeSize ( 50 - 80kg ) ( Giao Màu Ngẫu Nhiên )
Áo mưa dây kéo vải dù tổ ong freesize
Áo Mưa Bít Vải Dù 1m4 Hoa Không Thấm Nước ( Không Xẻ Tà ) ( Giao Theo Họa Tiết Ngẫu Nhiên )
Ô dù tự động chống tia UV – Hàng cao cấp
Ô đi mưa cán dài cỡ lớn dù đi mưa cao cấp 24 nan siêu chắc chắn màu nâu
Áo mưa vải dù tổ ong siêu bền có kiếng đèn
ÁO MƯA ĐƠN NAM - ÁO MƯA ĐƠN NỮ NHỰA KHÔNG MÙI THÂN THIỆN MÔI TRƯỜNG
Áo Mưa Rando Easy Trum APPC-10
Ô DÙ CHE MƯA NẮNG TỰ ĐỘNG CAO CẤP
Áo mưa nhựa vi sinh trong suốt 1 đầu loại 1
Ô dù chống tia uv cao cấp
Áo Mưa Bít Người Đỏ Đô (1 bộ)
"Áo Mưa Trẻ Em, Áo Mưa Cho Trẻ Cao Dưới 1m2"
Áo mưa trong suốt 1 đầu có khẩu trang Panda
Ủng Bọc Giày Dép Đi Mưa Xuất Nhật
Áo Mưa Bít Nhựa Dẻo Rằn Ri 1m6 Không Xẻ Tà 
"TÚI ỦNG SILICONE BỌC GIÀY ĐI MƯA, CAO SU CO GIÃN CHỐNG NƯỚC, CHỐNG TRƠN TRƯỢT, THỜI TRANG"
Áo Mưa Rando Poncho Bisur - Bảo Vệ Toàn Diện - APNS-23 - Size XL
Bộ Áo Mưa Vải Dù Cao Cấp 2 Lớp Size XXL Chống Thấm
Áo mưa trơn một đầu kem túi xách - giao màu ngẫu nhiên
Ủng bọc giày đi mưa bảo vệ giày dép
Ô Dù Samurai - Cán Cầm Phong Cách Nhật Bản
Ủng bọc giày đi mưa cổ cao chống trơn trượt
Áo đi mưa balo EVA cúc bấm basic trơn
Áo Mưa 2 Đầu Vải Dù Cao Cấp 1m4 ( Xanh Đen )
Giày Cao Su Đi Mưa Chống Nước
Bọc giày đi mưa silicon 
Dù trong suốt - Màu Trắng
ô dù che nắng vuông lệch tâm - giao mầu ngẫu nhiên
Áo mưa BIT không xẻ tà vải dù size nữ (1m4 tính luôn cả nón) giao màu ngẫu nhiên
Áo mưa đơn siêu chất - áo mưa thời trang 2019
Áo Mưa Rando Bộ Best - ASNS-27 - Xanh Đậm
 Áo mưa Rando Bosur  che mưa linh hoạt ( APPS20) giúp che chở cho người thân yêu của bạn. GIAO MÀU NGẪU NHIÊN
Ô Dù Trong Suốt Tự Bật
Ô Dù Hình Gấu Nhiều Màu Gấp Gọn Có Túi Đựng Chống Tia UV Và Chống Thấm Nước Cực Tốt (Giao Mẫu Ngẫu Nhiên)
Ô dù gấp ngược 2 lớp chống tia UV - Hàng Cao Cấp
Áo mưa kiểu bít siêu nhẹ không xẻ tà (màu sắc ngẫu nhiên)
Ô Dù Tự Động Nhật - Hàng 10 nan cứng cáp 
"Ô, dù đi mưa gấp ngược (Giao Màu Ngẫu Nhiên)"
Bộ Quần Áo Mưa Vải Dù Size XL Vàng Chống Thấm Cao Cấp
Bộ quần áo mưa nam nữ cao cấp
Dù đi mưa gấp gọn - Màu ngẫu nhiên
Bộ quần áo đi mưa trẻ em ong mật  Size 1 dành cho bé có chiều cao từ  90 -110 cm Rando (GIAO MÀU NGẪU NHIÊN)
Ô dù gấp ngược chống lật chống tia UV - Hàng Cao Cấp
Ô tự động gấp gọn - Dù che nắng - Dù che mưa tự động - loại 10 nan - Giao màu ngẫu nhiên
Bộ Quần Áo Mưa Vải Dù 2 Lớp Chống Thấm Loại Dày  Cao Cấp Có Thể Giữ Ấm Cơ Thể 
Bộ Quần Áo Mưa Vải Dù L Từ 40-50kg 2 Lớp Khóa Không Thấm Nước Chống Rách
Áo Mưa Bit Trẻ Em Từ 5 - 13 Tuổi
"Ô Dù 4 Lớp Che Nắng, Đi Mưa Chống Tia UV"
Ô (dù) tự động 2 chiều cao cấp DandiHome chống UV
Bao Giày Đi Mưa - Áo Mưa Bọc Giày Dép Thời Trang Bằng Cao Su Khô Ráo Dù Mưa Bão
Áo mưa bít người vải dù tổ ong cao cấp freesize
Ô dù gập 3 tự động đóng mở bằng nút bấm 60cm - Hàng xuất khẩu Nhật Bản
Áo mưa dây kéo vải dù tổ ong chống thấm ( nhiều màu)
Ủng bọc giày đi mưa đi phượt chống nước có đế chống trượt
Áo Mưa Bít Không Xẻ Tà Vải Dù Chống Thấm Dài 1m4
Ủng Bọc Giày Đi Mưa Dùng Nhiều Lần
"Ô, dù đi mưa gấp ngược thông minh GS00123"
Áo mưa bộ 2 lớp Thanh Long
Bộ Áo Mưa Vải Dù không thấm nước cao cấp
Áo mưa bộ 2 lớp Thành Long
Áo Mưa Bít Vải Dù Các Màu
Áo Mưa Vải Dù Cánh Dơi Dài 1m4 Chống Thấm
Áo mưa - Áo mưa 2 đầu cao cấp
Áo Mưa Măng Tô Vải Dù 1m4 Chống Thấm Cao Cấp
Ô Dù Che mưa Che Nắng Chống Tia UV (màu ngẫu nhiên)
Ô dù đi mưa gấp gọn hình gấu Brown
"Ô Dù Đi Mưa Cầm Tay Mini, Gấp Gọn Tiện Lợi - Giao Màu Ngẫu Nhiên"
Ủng Cao Su Đi Mưa Cao Cấp - Bao Giày Chống Ướt Đi Mưa - Bao Silicon Bảo Vệ Giày Khỏi Ướt
Ủng bọc giày đi mưa đi phượt chống nước có đế chống trượt - màu xanh
Bọc giày đi mưa PK212
"Ủng, Túi PVC Bọc Giày Đi Mưa PVC Có Đế Chống Trơn | Chống Nước, Chổng Bẩn Tuyệt Đối"
Bộ 2 bọc giày đi mưa silicon chống nước trong suốt co giãn hiệu Coolnice áo mưa cho giày
ÁO MƯA BIT NÂNG CAO
Ô gấp ngược đi mưa thông minh tiện lợi nhiều màu
Ô dù đi mưa đi nắng cỡ lớn 24 nan chống lật chống uv cao cấp màu đen
Áo Mưa Măng Tô Vải Dù 1m6 Không Thấm Nước - Lựa Màu
Áo mưa cánh bướm trẻ em Rando Poncho dành cho các bé có độ tuổi từ (2 tuổi đến 12 tuổi) tương đương với các size từ số 1 đến số 5 ( GIAO MÀU NGÂU NHIÊN)
Ô dù cầm tay trong suốt
"Ủng, Túi PVC Bọc Giày Đi Mưa Cao Cổ Có Đế Chống Trơn ALUVI TDM02 | Chống Nước, Chổng Bẩn Tuyệt Đối"
Bộ Quần Áo Mưa Vải Dù Từ 50-80kg 2 Lớp Khóa Không Thấm Nước Chống Rách
Áo mưa vải dù tổ ong có kiếng đèn
Áo Mưa Bộ Vải Dù Cao Cấp ( 2 size )
Áo mưa phản quang 2 đầu có kính che mặt bọc gương
Bộ Áo Mưa Vải Dù Cao Cấp Size XXXL Chống Thấm
Ô Dù Chống Nắng Gấp Gọn
Dù Che Nắng Che Mưa 8 Xương Xếp Gọn Tiện Lợi
Bộ Áo Quần Đi Mưa
Bao Giày Đi Mưa - Áo Mưa Bọc Giày Dép Thời Trang Size Từ 28 Đến 46
Áo Mưa Nam Nữ- Măng Tô Chống Nước
Ủng bọc giầy đi mưa chống trơn trượt
Áo mưa gấp gọn đi du lịch
Ô dù cán dài 24 nan cỡ lớn siêu chắc chắn chống lật vải chống uv màu xanh đen
"Áo Mưa Cánh Dơi Có Kiếng Đèn Vải Dù Loại Siêu Dày, Hàng Việt Nam, Khổ To Rộng, Chống Thấm Hiệu Quả, Phù Hợp Nam Và Nữ, Có Túi Đựng, Có Lựa Chọn Màu Sắc"
Ô Dù Che Nắng Mưa Mini Gấp Gọn Hình Viên Thuốc Siêu Xinh
Áo mưa Hàn Quốc nam nữ dáng dài cực cute
"Ô Dù 4 Lớp Che Nắng, Đi Mưa Chống Tia UV"
Ô (dù) tự động 2 chiều cao cấp DandiHome chống UV
Bao Giày Đi Mưa - Áo Mưa Bọc Giày Dép Thời Trang Bằng Cao Su Khô Ráo Dù Mưa Bão
Áo mưa bít người vải dù tổ ong cao cấp freesize
Ô dù gập 3 tự động đóng mở bằng nút bấm 60cm - Hàng xuất khẩu Nhật Bản
Áo mưa dây kéo vải dù tổ ong chống thấm ( nhiều màu)
Ủng bọc giày đi mưa đi phượt chống nước có đế chống trượt
Áo Mưa Bít Không Xẻ Tà Vải Dù Chống Thấm Dài 1m4
Ủng Bọc Giày Đi Mưa Dùng Nhiều Lần
"Ô, dù đi mưa gấp ngược thông minh GS00123"
Áo mưa bộ 2 lớp Thanh Long
Bộ Áo Mưa Vải Dù không thấm nước cao cấp
Áo mưa bộ 2 lớp Thành Long
Áo Mưa Bít Vải Dù Các Màu
Áo Mưa Vải Dù Cánh Dơi Dài 1m4 Chống Thấm
Áo mưa - Áo mưa 2 đầu cao cấp
Áo Mưa Măng Tô Vải Dù 1m4 Chống Thấm Cao Cấp
Ô Dù Che mưa Che Nắng Chống Tia UV (màu ngẫu nhiên)
Ô dù đi mưa gấp gọn hình gấu Brown
"Ô Dù Đi Mưa Cầm Tay Mini, Gấp Gọn Tiện Lợi - Giao Màu Ngẫu Nhiên"
Ủng Cao Su Đi Mưa Cao Cấp - Bao Giày Chống Ướt Đi Mưa - Bao Silicon Bảo Vệ Giày Khỏi Ướt
Ủng bọc giày đi mưa đi phượt chống nước có đế chống trượt - màu xanh
Bọc giày đi mưa PK212
"Ủng, Túi PVC Bọc Giày Đi Mưa PVC Có Đế Chống Trơn | Chống Nước, Chổng Bẩn Tuyệt Đối"
Bộ 2 bọc giày đi mưa silicon chống nước trong suốt co giãn hiệu Coolnice áo mưa cho giày
ÁO MƯA BIT NÂNG CAO
Ô gấp ngược đi mưa thông minh tiện lợi nhiều màu
Ô dù đi mưa đi nắng cỡ lớn 24 nan chống lật chống uv cao cấp màu đen
Áo Mưa Măng Tô Vải Dù 1m6 Không Thấm Nước - Lựa Màu
Áo mưa cánh bướm trẻ em Rando Poncho dành cho các bé có độ tuổi từ (2 tuổi đến 12 tuổi) tương đương với các size từ số 1 đến số 5 ( GIAO MÀU NGÂU NHIÊN)
Ô dù cầm tay trong suốt
"Ủng, Túi PVC Bọc Giày Đi Mưa Cao Cổ Có Đế Chống Trơn ALUVI TDM02 | Chống Nước, Chổng Bẩn Tuyệt Đối"
Bộ Quần Áo Mưa Vải Dù Từ 50-80kg 2 Lớp Khóa Không Thấm Nước Chống Rách
Áo mưa vải dù tổ ong có kiếng đèn
Áo Mưa Bộ Vải Dù Cao Cấp ( 2 size )
Áo mưa phản quang 2 đầu có kính che mặt bọc gương
Bộ Áo Mưa Vải Dù Cao Cấp Size XXXL Chống Thấm
Ô Dù Chống Nắng Gấp Gọn
Dù Che Nắng Che Mưa 8 Xương Xếp Gọn Tiện Lợi
Bộ Áo Quần Đi Mưa
Bao Giày Đi Mưa - Áo Mưa Bọc Giày Dép Thời Trang Size Từ 28 Đến 46
Áo Mưa Nam Nữ- Măng Tô Chống Nước
Ủng bọc giầy đi mưa chống trơn trượt
Áo mưa gấp gọn đi du lịch
Ô dù cán dài 24 nan cỡ lớn siêu chắc chắn chống lật vải chống uv màu xanh đen
"Áo Mưa Cánh Dơi Có Kiếng Đèn Vải Dù Loại Siêu Dày, Hàng Việt Nam, Khổ To Rộng, Chống Thấm Hiệu Quả, Phù Hợp Nam Và Nữ, Có Túi Đựng, Có Lựa Chọn Màu Sắc"
Ô Dù Che Nắng Mưa Mini Gấp Gọn Hình Viên Thuốc Siêu Xinh
Áo mưa Hàn Quốc nam nữ dáng dài cực cute
"Ô Dù 4 Lớp Che Nắng, Đi Mưa Chống Tia UV"
Ô (dù) tự động 2 chiều cao cấp DandiHome chống UV
Bao Giày Đi Mưa - Áo Mưa Bọc Giày Dép Thời Trang Bằng Cao Su Khô Ráo Dù Mưa Bão
Áo mưa bít người vải dù tổ ong cao cấp freesize
Ô dù gập 3 tự động đóng mở bằng nút bấm 60cm - Hàng xuất khẩu Nhật Bản
Áo mưa dây kéo vải dù tổ ong chống thấm ( nhiều màu)
Ủng bọc giày đi mưa đi phượt chống nước có đế chống trượt
Áo Mưa Bít Không Xẻ Tà Vải Dù Chống Thấm Dài 1m4
Ủng Bọc Giày Đi Mưa Dùng Nhiều Lần
"Ô, dù đi mưa gấp ngược thông minh GS00123"
Áo mưa bộ 2 lớp Thanh Long
Bộ Áo Mưa Vải Dù không thấm nước cao cấp
Áo mưa bộ 2 lớp Thành Long
Áo Mưa Bít Vải Dù Các Màu
Áo Mưa Vải Dù Cánh Dơi Dài 1m4 Chống Thấm
Áo mưa - Áo mưa 2 đầu cao cấp
Áo Mưa Măng Tô Vải Dù 1m4 Chống Thấm Cao Cấp
Ô Dù Che mưa Che Nắng Chống Tia UV (màu ngẫu nhiên)
Ô dù đi mưa gấp gọn hình gấu Brown
"Ô Dù Đi Mưa Cầm Tay Mini, Gấp Gọn Tiện Lợi - Giao Màu Ngẫu Nhiên"
Ủng Cao Su Đi Mưa Cao Cấp - Bao Giày Chống Ướt Đi Mưa - Bao Silicon Bảo Vệ Giày Khỏi Ướt
Ủng bọc giày đi mưa đi phượt chống nước có đế chống trượt - màu xanh
Bọc giày đi mưa PK212
"Ủng, Túi PVC Bọc Giày Đi Mưa PVC Có Đế Chống Trơn | Chống Nước, Chổng Bẩn Tuyệt Đối"
Bộ 2 bọc giày đi mưa silicon chống nước trong suốt co giãn hiệu Coolnice áo mưa cho giày
ÁO MƯA BIT NÂNG CAO
Ô gấp ngược đi mưa thông minh tiện lợi nhiều màu
Ô dù đi mưa đi nắng cỡ lớn 24 nan chống lật chống uv cao cấp màu đen
Áo Mưa Măng Tô Vải Dù 1m6 Không Thấm Nước - Lựa Màu
Áo mưa cánh bướm trẻ em Rando Poncho dành cho các bé có độ tuổi từ (2 tuổi đến 12 tuổi) tương đương với các size từ số 1 đến số 5 ( GIAO MÀU NGÂU NHIÊN)
Ô dù cầm tay trong suốt
"Ủng, Túi PVC Bọc Giày Đi Mưa Cao Cổ Có Đế Chống Trơn ALUVI TDM02 | Chống Nước, Chổng Bẩn Tuyệt Đối"
Bộ Quần Áo Mưa Vải Dù Từ 50-80kg 2 Lớp Khóa Không Thấm Nước Chống Rách
Áo mưa vải dù tổ ong có kiếng đèn
Áo Mưa Bộ Vải Dù Cao Cấp ( 2 size )
Áo mưa phản quang 2 đầu có kính che mặt bọc gương
Bộ Áo Mưa Vải Dù Cao Cấp Size XXXL Chống Thấm
Ô Dù Chống Nắng Gấp Gọn
Dù Che Nắng Che Mưa 8 Xương Xếp Gọn Tiện Lợi
Bộ Áo Quần Đi Mưa
Bao Giày Đi Mưa - Áo Mưa Bọc Giày Dép Thời Trang Size Từ 28 Đến 46
Áo Mưa Nam Nữ- Măng Tô Chống Nước
Ủng bọc giầy đi mưa chống trơn trượt
Áo mưa gấp gọn đi du lịch
Ô dù cán dài 24 nan cỡ lớn siêu chắc chắn chống lật vải chống uv màu xanh đen
"Áo Mưa Cánh Dơi Có Kiếng Đèn Vải Dù Loại Siêu Dày, Hàng Việt Nam, Khổ To Rộng, Chống Thấm Hiệu Quả, Phù Hợp Nam Và Nữ, Có Túi Đựng, Có Lựa Chọn Màu Sắc"
Ô Dù Che Nắng Mưa Mini Gấp Gọn Hình Viên Thuốc Siêu Xinh
Áo mưa Hàn Quốc nam nữ dáng dài cực cute
"Ô Dù 4 Lớp Che Nắng, Đi Mưa Chống Tia UV"
Ô (dù) tự động 2 chiều cao cấp DandiHome chống UV
Bao Giày Đi Mưa - Áo Mưa Bọc Giày Dép Thời Trang Bằng Cao Su Khô Ráo Dù Mưa Bão
Áo mưa bít người vải dù tổ ong cao cấp freesize
Ô dù gập 3 tự động đóng mở bằng nút bấm 60cm - Hàng xuất khẩu Nhật Bản
Áo mưa dây kéo vải dù tổ ong chống thấm ( nhiều màu)
Ủng bọc giày đi mưa đi phượt chống nước có đế chống trượt
Áo Mưa Bít Không Xẻ Tà Vải Dù Chống Thấm Dài 1m4
Ủng Bọc Giày Đi Mưa Dùng Nhiều Lần
"Ô, dù đi mưa gấp ngược thông minh GS00123"
Áo mưa bộ 2 lớp Thanh Long
Bộ Áo Mưa Vải Dù không thấm nước cao cấp
Áo mưa bộ 2 lớp Thành Long
Áo Mưa Bít Vải Dù Các Màu
Áo Mưa Vải Dù Cánh Dơi Dài 1m4 Chống Thấm
Áo mưa - Áo mưa 2 đầu cao cấp
Áo Mưa Măng Tô Vải Dù 1m4 Chống Thấm Cao Cấp
Ô Dù Che mưa Che Nắng Chống Tia UV (màu ngẫu nhiên)
Ô dù đi mưa gấp gọn hình gấu Brown
"Ô Dù Đi Mưa Cầm Tay Mini, Gấp Gọn Tiện Lợi - Giao Màu Ngẫu Nhiên"
Ủng Cao Su Đi Mưa Cao Cấp - Bao Giày Chống Ướt Đi Mưa - Bao Silicon Bảo Vệ Giày Khỏi Ướt
Ủng bọc giày đi mưa đi phượt chống nước có đế chống trượt - màu xanh
Bọc giày đi mưa PK212
"Ủng, Túi PVC Bọc Giày Đi Mưa PVC Có Đế Chống Trơn | Chống Nước, Chổng Bẩn Tuyệt Đối"
Bộ 2 bọc giày đi mưa silicon chống nước trong suốt co giãn hiệu Coolnice áo mưa cho giày
ÁO MƯA BIT NÂNG CAO
Ô gấp ngược đi mưa thông minh tiện lợi nhiều màu
Ô dù đi mưa đi nắng cỡ lớn 24 nan chống lật chống uv cao cấp màu đen
Áo Mưa Măng Tô Vải Dù 1m6 Không Thấm Nước - Lựa Màu
Áo mưa cánh bướm trẻ em Rando Poncho dành cho các bé có độ tuổi từ (2 tuổi đến 12 tuổi) tương đương với các size từ số 1 đến số 5 ( GIAO MÀU NGÂU NHIÊN)
Ô dù cầm tay trong suốt
"Ủng, Túi PVC Bọc Giày Đi Mưa Cao Cổ Có Đế Chống Trơn ALUVI TDM02 | Chống Nước, Chổng Bẩn Tuyệt Đối"
Bộ Quần Áo Mưa Vải Dù Từ 50-80kg 2 Lớp Khóa Không Thấm Nước Chống Rách
Áo mưa vải dù tổ ong có kiếng đèn
Áo Mưa Bộ Vải Dù Cao Cấp ( 2 size )
Áo mưa phản quang 2 đầu có kính che mặt bọc gương
Bộ Áo Mưa Vải Dù Cao Cấp Size XXXL Chống Thấm
Ô Dù Chống Nắng Gấp Gọn
Dù Che Nắng Che Mưa 8 Xương Xếp Gọn Tiện Lợi
Bộ Áo Quần Đi Mưa
Bao Giày Đi Mưa - Áo Mưa Bọc Giày Dép Thời Trang Size Từ 28 Đến 46
Áo Mưa Nam Nữ- Măng Tô Chống Nước
Ủng bọc giầy đi mưa chống trơn trượt
Áo mưa gấp gọn đi du lịch
Ô dù cán dài 24 nan cỡ lớn siêu chắc chắn chống lật vải chống uv màu xanh đen
"Áo Mưa Cánh Dơi Có Kiếng Đèn Vải Dù Loại Siêu Dày, Hàng Việt Nam, Khổ To Rộng, Chống Thấm Hiệu Quả, Phù Hợp Nam Và Nữ, Có Túi Đựng, Có Lựa Chọn Màu Sắc"
Ô Dù Che Nắng Mưa Mini Gấp Gọn Hình Viên Thuốc Siêu Xinh
Áo mưa Hàn Quốc nam nữ dáng dài cực cute
Áo Mưa Cánh Dơi Vải Dù 1m4 Màu Lính Rằn Ri 
"Ô dù đi mưa, năng siêu chất - Xanh Ngọc"
Ô Dù Gấp 3 Sang Trọng Phong Cách Hiện Đại
Bọc Giày Đi Mưa Trẻ Em Có Họa Tiết Hoạt Hình Dễ Thương
ÁO MƯA BIT CƠ BẢN
"Ô Dù Tự Động Hai Chiều Gấp Gọn ALUVI OD06 - Vải Chống Nước, Cản Tia UV"
Aó Mưa Măng Tô Thời Trang Mẫu Mới Nhất 2019
"Áo mưa, áo măng tô, đồ đi mưa, áo thời trang đủ màu"
Áo mưa cho giày - Steprain
Ô dù tự động chống tia UV thiết kế hiện đại sang trọng
"Áo mưa chấm bi 1 đầu người lớn, chất liệu nhựa dẻo trong suốt, chống thấm tốt, nhẹ nhàng, tiện lợi - Màu ngẫu nhiên"
Ô dù cầm tay gấp gọn 10 nan tự động hai chiều chống tia UV 
Dù  che mưa nắng (dù lớn - màu ngẫu nhiên)
Ô Dù Tự Động 2 Chiều Xuất Nhật - 10 Nan (5 màu)
"Dù đội đầu đi câu, dã ngoại loại lớn 77cm, dù đội đầu du lịch 2 tầng cao cấp Mẫu mới 2020 chống nắng cực tốt GIAO MÀU NGẪU NHIÊN"
Bộ Quần Áo Mưa Vải Dù Chống Thấm Thảo Kiên - Màu Vàng
COMBO 2 Đôi Bọc Giày Đi Mưa Tiện Lợi
áo mưa nhựa trong đục mờ
Áo mưa trong suốt 2 đầu Thành Long
Áo mưa vải dù chống thấm 2 đầu có kinh đèn Thảo Kiên (Màu ngẫu nhiên)
Ô ngược - Ô dù mở ngược ( Màu ngẫu nhiên )
"Ô đi mưa cán dài 24 nan chống lật, dù đi mưa đi nắng cán dài chống uv"
Áo Mưa Vải Dù 1m6 Rằn Ri Không Thấm Nước
Áo mưa đơn nam nữ cao cấp
Áo mưa cánh dơi có lỗ kiếng trong suốt dùng cho đèn xe máy AM12
Áo Mưa Măng Tô Hoa Vải Dù 1m6 Không Thấm Nước - Giao Màu Ngẫu Nhiên Theo Nền 
BỘ ÁO MƯA 2 ĐẦU CÓ KÍNH CHE MẶT PHẢN QUANG THÔNG MINH
Dù Thời Trang Cao Cấp Tự Động 1 Chiều Gập 3
Bộ Quần Áo Mưa Vải Dù Hoa Từ 45-70kg 2 Lớp Khóa Không Thấm Nước Chống Rách
Áo Mưa Bít 1m4 Nhựa Dẻo Trong Suốt Bi Màu ( Không Xẻ Tà ) ( Giao Màu Ngẫu Nhiên )
Ô DÙ CÁN CONG TỰ ĐỘNG THỜI TRANG ĐƯỜNG KÍNH LỚN CHỐNG TIA UV - TÍM
Áo mưa Rando Poncho Cánh Bướm trong màu free size giúp che chở cho người thân yêu của bạn ( GIAO MÀU NGẪU NHIÊN)
Áo mưa không xẻ tà
Áo Mưa Măng Tô Siêu Nhẹ Họa Tiết Hoa có túi (màu ngẫu nhiên)
Áo mưa cánh dơi cao cấp vải dù trơn
Dù Xếp Đi Mưa Nở Ra Hoa 5 Lá
Bộ Quần Áo Mưa Trẻ Em Chất Lượng Cao Thảo Kiên
"Ô (dù) gấp gọn chấm bi, cán dẹt Water Front - Nhật Bản"
"ô cán dài 24 nan siêu chắc chắn, dù đi mưa cán dài cao cấp chống thấm nước chống uv"
Áo Mưa Rando Poncho Bisur - Bảo Vệ Toàn Diện - APNS-23 - Size L Màu Ngẫu Nhiên
Ô gấu Brown Gấp Gọn Thông Minh Chống Tia UV (Đủ Màu)
Áo mưa Aomua123 bộ vải dù 1 lớp
Ô Dù Cầm Tay Cán Thẳng
Bộ quần áo mưa 2 lớp 2 chức năng cao cấp - Thảo Kiên
Ủng đi mưa chống nước chống trượt
Áo Mưa Bộ Vải Dù Cao Cấp Màu Lính ( 2 size )
Áo mưa vi sinh trong suốt có khẩu trang loại 1 đầu
Áo Mưa Bộ Givi CAM01 - S
Áo Mưa Rando Bộ GEM 2 Công Dụng - ASNM-37 - Size XL
Túi Chống Nước Rando Waterlock OBNS-01 - Xanh
Áo Mưa Cánh Dơi Xanh Đen
Áo mưa trẻ em bít 2 bên size 9 ( họa tiết ngẫu nhiên)
"Túi bọc giày trong suốt, chống thấm nước khi đi mưa, có khóa kéo tiện lợi"
Áo mưa RANDO Poncho Cosy “Không ướt ống quần”- Freesize - Giao Màu Ngẫu Nhiên
Ô dù cỡ lớn chống tia UV ( cán cong )
Áo mưa 2 đầu phản quang có kính che mặt – Giao màu ngẫu nhiên
Áo Mưa Trong suốt Tiện Lợi - AO05
Ô dù mở ngược chống tia UV - Luxstay
Cây dù chống tia uv Bút chì có hộp đựng tiện dụng 
Dù Tự Động Xiaomi Automatic Umbrella (Black) - Hàng Chính Hàng
Áo mưa vi sinh trong suốt loại 2 đầu
"Ô đi nắng tự động 2 chiều chống uv cao  cấp, dù đi mưa cỡ lớn 10 nan"
Dù 7 Màu 14 Nan Cao Cấp Loại Lớn
Áo Mưa Bit Cơ Bản
Ô Dù Gấp Gọn Hình Lông Vũ Chống Tia uv
"Dù đội đầu đi câu, dã ngoại loại cực đại 95cm, dù đội đầu du lịch 2 tầng cao cấp Mẫu mới 2020 chống nắng cực tốt GIAO MÀU NGẪU NHIÊN"
Ô dù bỏ túi tiện lợi YL0001-RN
Dù đi mưa ren bướm quí phái
ÁO MƯA BỘ THÀNH LONG VẢI DÙ 2 LỚP CAO CẤP
Ô gấp gọn cho nữ nội địa Nhật Bản
Ô dù cỡ lớn bật mở 2 chiều trơn
"Ô đóng mở tự động với khả năng chống thấm, chống tia UV hiệu quả"
Ô che nắng mưa  - Hàng chính hãng
Áo Mưa Việt Ý Cao Cấp (Giao Mẫu Ngẫu Nhiên)
Áo mưa bộ vải dù cao cấp chống thấm 
Ô dù gấp tự động chống tia UV cao cấp
"DÙ CHE MƯA, CHE NẮNG GẤP GỌN"
Áo mưa phản quang 1 đầu có kính cao cấp Thảo Kiên - Màu Ngẫu Nhiên
Bộ Quần Áo Mưa Vải Dù Size Lớn Từ 75-95kg 2 Lớp Khóa Không Thấm Nước Chống Rách
Ô tự động 2 chiều cao cấp chống UV 10 nan chắc chắn
"Ô cán ngắn tự động 2 chiều vải  chống uv tuyệt đối, dù đi mưa cán gỗ khắc logo cao cấp"
GIÀY ĐI MƯA
Ô dù gập Hoa Cúc GD
Bao túi ủng bọc giầy đi mưa cho giầy cao gót đủ size
Bộ áo mưa Thành Long 2 lớp cao cấp 
Dù Gấu Chống Tia UV 2 Lớp
ÁO MƯA KÍNH TRẺ EM ( BÉ TỪ 5 ĐẾN 10 TUỔI ) GIAO MÀU NGẪU NHIÊN
Áo Mưa Bít 1m6 Nhựa Dẻo Siêu Bền Chống Rách Không Xẻ Tà ( Giao Màu Ngẫu Nhiên )
Áo mưa chấm bi nữ có kinh che mặt
Áo mưa bộ trẻ em
Ô DÙ CÁN CONG TỰ ĐỘNG THỜI TRANG ĐƯỜNG KÍNH LỚN CHỐNG TIA UV - XANH DƯƠNG
 Áo mưa Rando Poncho EVA Free size giúp che chở cho người thân yêu của bạn (GIAO MÀU NGẪU NHIÊN)
Áo mưa vải dù cánh dơi siêu bền
Áo mưa không xẻ tà vải Dù cao cấp Đỏ booc đô
Áo mua bộ nylon chống nước
Ô mở ngược 3D IN HÌNH HOA ĐỘC ĐÁO
"Ô Dù 4 Lớp Che Nắng, Đi Mưa Chống Tia UV"
Ô (dù) tự động 2 chiều cao cấp DandiHome chống UV
Bao Giày Đi Mưa - Áo Mưa Bọc Giày Dép Thời Trang Bằng Cao Su Khô Ráo Dù Mưa Bão
Áo mưa bít người vải dù tổ ong cao cấp freesize
Ô dù gập 3 tự động đóng mở bằng nút bấm 60cm - Hàng xuất khẩu Nhật Bản
Áo mưa dây kéo vải dù tổ ong chống thấm ( nhiều màu)
Ủng bọc giày đi mưa đi phượt chống nước có đế chống trượt
Áo Mưa Bít Không Xẻ Tà Vải Dù Chống Thấm Dài 1m4
Ủng Bọc Giày Đi Mưa Dùng Nhiều Lần
"Ô, dù đi mưa gấp ngược thông minh GS00123"
Áo mưa bộ 2 lớp Thanh Long
Bộ Áo Mưa Vải Dù không thấm nước cao cấp
Áo mưa bộ 2 lớp Thành Long
Áo Mưa Bít Vải Dù Các Màu
Áo Mưa Vải Dù Cánh Dơi Dài 1m4 Chống Thấm
Áo mưa - Áo mưa 2 đầu cao cấp
Áo Mưa Măng Tô Vải Dù 1m4 Chống Thấm Cao Cấp
Ô Dù Che mưa Che Nắng Chống Tia UV (màu ngẫu nhiên)
Ô dù đi mưa gấp gọn hình gấu Brown
"Ô Dù Đi Mưa Cầm Tay Mini, Gấp Gọn Tiện Lợi - Giao Màu Ngẫu Nhiên"
Ủng Cao Su Đi Mưa Cao Cấp - Bao Giày Chống Ướt Đi Mưa - Bao Silicon Bảo Vệ Giày Khỏi Ướt
Ủng bọc giày đi mưa đi phượt chống nước có đế chống trượt - màu xanh
Bọc giày đi mưa PK212
"Ủng, Túi PVC Bọc Giày Đi Mưa PVC Có Đế Chống Trơn | Chống Nước, Chổng Bẩn Tuyệt Đối"
Bộ 2 bọc giày đi mưa silicon chống nước trong suốt co giãn hiệu Coolnice áo mưa cho giày
ÁO MƯA BIT NÂNG CAO
Ô gấp ngược đi mưa thông minh tiện lợi nhiều màu
Ô dù đi mưa đi nắng cỡ lớn 24 nan chống lật chống uv cao cấp màu đen
Áo Mưa Măng Tô Vải Dù 1m6 Không Thấm Nước - Lựa Màu
Áo mưa cánh bướm trẻ em Rando Poncho dành cho các bé có độ tuổi từ (2 tuổi đến 12 tuổi) tương đương với các size từ số 1 đến số 5 ( GIAO MÀU NGÂU NHIÊN)
Ô dù cầm tay trong suốt
"Ủng, Túi PVC Bọc Giày Đi Mưa Cao Cổ Có Đế Chống Trơn ALUVI TDM02 | Chống Nước, Chổng Bẩn Tuyệt Đối"
Bộ Quần Áo Mưa Vải Dù Từ 50-80kg 2 Lớp Khóa Không Thấm Nước Chống Rách
Áo mưa vải dù tổ ong có kiếng đèn
Áo Mưa Bộ Vải Dù Cao Cấp ( 2 size )
Áo mưa phản quang 2 đầu có kính che mặt bọc gương
Bộ Áo Mưa Vải Dù Cao Cấp Size XXXL Chống Thấm
Ô Dù Chống Nắng Gấp Gọn
Dù Che Nắng Che Mưa 8 Xương Xếp Gọn Tiện Lợi
Bộ Áo Quần Đi Mưa
Bao Giày Đi Mưa - Áo Mưa Bọc Giày Dép Thời Trang Size Từ 28 Đến 46
Áo Mưa Nam Nữ- Măng Tô Chống Nước
Ủng bọc giầy đi mưa chống trơn trượt
Áo mưa gấp gọn đi du lịch
Ô dù cán dài 24 nan cỡ lớn siêu chắc chắn chống lật vải chống uv màu xanh đen
"Áo Mưa Cánh Dơi Có Kiếng Đèn Vải Dù Loại Siêu Dày, Hàng Việt Nam, Khổ To Rộng, Chống Thấm Hiệu Quả, Phù Hợp Nam Và Nữ, Có Túi Đựng, Có Lựa Chọn Màu Sắc"
Ô Dù Che Nắng Mưa Mini Gấp Gọn Hình Viên Thuốc Siêu Xinh
Áo mưa Hàn Quốc nam nữ dáng dài cực cute
Ô Dù Vải Cổ Trang Phong Cách Trung Hoa Kèm Túi Ô Phù Hợp Chụp Ảnh Cổ Trang Cosplay
Bộ Quần Áo Đi Mưa Cao Cấp - Màu Xanh Tím - 2 Lớp Pvc
Ô Dù Che Mưa Nắng Gọn Nhẹ Tiện Dụng - Ô Che Mưa Nhiều Màu Cực Đẹp ( phát ngẫu nhiên )
Áo Mưa Bit hoa văn vải dù cao cấp - Màu ngẫu nhiên
Ủng bọc giày đi mưa cao cấp
Ô dù tự động chống tia UV Luxury - Hàng Cao Cấp
Áo mưa đi xe có túi trùm gương-màu ngẫu nhiên
"Dù đi mưa cán ngắn tự động 2 chiều vải 2 lớp chống thấm nước chống tia cực tím cao cấp, ô đi nắng chống uv 10 nan chắc chắn"
Bộ Quần Áo Mưa Nhựa Dẻo Siêu Bền Cho Bé Từ 1 Đến 11 Tuổi
Bộ Quần Áo Đi Mưa Vải Dù Hình Áo Lính Siêu Bền Loại 1 Chống Thấm Nước Tuyệt Đối
Ô dù tự động 12 nan 12 xương cao cấp kiên cố che 2 người đường kính che phủ 108cm
"Ô đi mưa cán ngắn tự động 2 chiều cán gỗ bọc logo đồng, dù đi nắng chống uv cao cấp"
Áo mưa cánh dơi chống thấm cao cấp - thảo kiên
Áo mưa cánh dơi 1 đầu phối 2 màu thời trang dành cho người đi xe máy
Máy bọc giày tự động CM2001
Áo mưa hoa không xẻ tà - màu ngẫu nhiên
ÁO MƯA TRẺ EM TỪ 0.8-0.9M (BÍT SỐ 7)
Combo 2 Bộ Quần Áo Mưa Nhựa Không Thấm Nước Freesize 50-80kg
Ô Dù Phong Cách Cổ Trang Trung Quốc Có Tua Rua Dài Nhiều Màu Sắc
Áo mưa cao cấp có kính ngăn nước 2 người loại 1 ( Màu ngẫu nhiên)
Ô dù gấp gọn nở hoa khi gặp nước
Áo Mưa Bộ Vải Dù Màu Lính Rằn Ri Cao Cấp
"Ô Đi Câu Cá, Ô Che Nắng, Che Mưa, Ô Dã Ngoại"
Áo mưa phản quang 2 đầu có kính che mặt - Giao màu ngẫu nhiên
Áo Mưa Đơn Không Xé Tà
Ô gấp gọn mẫu mới
"ỦNG BỌC GIÀY SILICON  - BẢO VỆ GIÀY DÉP HIỆU QUẢ KHI MƯA, BÃO (Giao Hàng Theo Màu Ngẫu Nhiên)"
Aó Mưa Vải Dù Tổ Ong Cao Cấp 1 Đầu Nam Nữ Xẻ Tà Bóng Kính Đèn Chống Thấm-Xanh Than
Áo Mưa Rando ECO Thời Trang - Thân Thiện Với Môi Trường - ASUM-01 - Size 3XL
Áo mưa phản quang 2 đầu có kính che mặt tiện lợi
Ô gấp gọn chống tia UV 
Áo mưa trong suốt 2 đầu có khẩu trang che mặt SKU108
Áo mưa phản quang 1 đầu có kính cao cấp - Màu ngẫu nhiên
Áo mưa phản quang chống thấm có kính che mặt tiện lợi
Áo Mưa Việt Áo Mưa Bít Không Xẻ Tà Màu Xanh Dương
Dù giấy Wagasa Nhật Bản - MS04
Áo mưa vải dù tổ ong có kiếng đèn cao cấp
Combo 5 Áo Mưa Bít Nilon Đủ Màu ( Không Xẻ Tà )( Giao màu ngẫu nhiên )
Áo Mưa Vải Dù VI10 Phản Quang Ban Đêm  (Giao Màu Ngẫu Nhiên )
Áo mưa phong cách Hàn Quốc
Túi bọc giày Maryya HC065154
Ô Che Mưa Nắng Paradise 3311E1
"Áo Mưa Chất Liệu EVA Thời Trang Siêu Bền Không Độc Hại - Siêu Nhẹ, Siêu Chống Thấm - Nhiều Màu"
Ô dù Mini chống tia UV
Ô lệch tâm mái vuông 2.5m x 2.5m màu xanh lá
Bộ áo mưa 2 lớp Vĩnh Thịnh Siêu chống thấm 2 công dụng
"Ô đi mưa cao cấp, dù đi nắng vải 4 lớp chống uv 10 nan"
Ô Dù Đi Mưa Họa Tiết Gấu Mặt Đơ Ngộ Nghĩnh-Tặng Kèm Tất Gấu-Vàng
Áo mưa vải dù tổ ong có kiếng đèn cao cấp
Ô đi mưa gặp nước nở hoa gấp gọn tiện dụng
Ô dù đi mưa gấp gọn cao cấp Thỏ (Hồng)
Áo mưa Rando Poncho Dây kéo trong màu APPC09 che chở cho người thân yêu của bạn GIAO MÀU NGẪU NHIÊN
Áo mưa bộ nilon loại dày dai bền GỒM 1 ÁO 1 QUẦN
"Ô dù gấp gọn, kèm hộp đựng có khóa kéo-giao màu ngẫu nhiên"
Ô Dù gấp tự động K88 cao cấp(Giao màu ngẫu nhiên)
Bộ Quần Áo Mưa Vải Dù Chống Thấm Cao Cấp
Ô DÙ CÁN CONG TỰ ĐỘNG THỜI TRANG ĐƯỜNG KÍNH LỚN CHỐNG TIA UV - XANH BIỂN
Áo Mưa 2 Đầu Vải Dù Kính Đèn Không Thấm Nước ( Lựa Màu )
Áo mưa phản quang lái xe có kính che mặt (Giao màu ngẫu nhiên)
Ô - DÙ GẤP GỌN HÌNH GẤU BROWN RẤT LÀ TIỆN LỢI KHI ĐI NẮNG MƯA VÀ CÓ RẤT LÀ NHIỀU MÀU NHÉ 
Áo Mưa Măng Tô Vải Dù Chống Thấm Cao Cấp
Áo Mưa Phản Quang Cao Cấp Có Kính Che Mặt 1 Đầu Chất Liệu Dày Dặn - Chống Thấm Nước
Áo mưa nam nữ cao cấp EVA
Ô Dù Che Mưa Nắng Kẻ Caro
Ủng Đi Mưa Tiện Dụng 
Giày đi mưa chất liệu bằng nilong
Ô cán dài đi mưa cỡ lớn 24 nan chồng lật cao cấp màu đỏ đô
Dù che nắng chống tia UV - Màu Ngẫu nhiên
Ô dù gấp gọn tiên lợi Laura Sunshine Nhật Kim Anh
Ô Date a live dù che anime
Bộ Quần Áo Đi Mưa - 3XL
Ô dù mở ngược thông minh
Áo Mưa đôi
Ô dù đen trơn cán dài 90cm
Áo mưa cánh dơi vải dù họa tiết lính 1m2
Áo mưa vải dù nhiều hình - Áo Mưa bít vải dù người lớn 1m4 - Giao hình ngẫu nhiên 
Ô dù gấp gọn chống tia UV 96cm
Áo mưa thời trang nữ EVAN
Áo mưa dùng 1 lần gấp gọn trong quả bóng tiện dụng
Áo đi mưa Peppa Pig chống thấm nước kèm bao bảo vệ cho bé gái
Dù Trong Suốt Xếp - Hoa Cúc - Giao Màu Ngẫu Nhiên 
Bộ Quần Áo Mưa Vải Dù 2 Lớp 3 Chức Năng Thành Long Siêu Bền + Tặng Kèm Túi Đựng
Áo Mưa Trẻ Em Vải Dù Bít 2 Bên từ 6 đến 11 tuổi Phú Hiển Store
Ô sakura thủ lĩnh thẻ bài dù che anime
"Ô (dù) gấp gọn kẻ sọc ngang, cán dẹt Water Front - Nhật Bản"
Aó mưa cho bé thiết kế mang cặp balo phía sau lưng
Áo mưa bộ Rando Best - ASNS-27 - Xanh Đen
Ô lệch tâm mái vuông 2.5m x 2.5m màu đỏ 
Áo mưa có kính che mặt an toàn - Giao màu ngẫu nhiên
"Ô dù đi mưa 2 lớp chống gió lớn, chống nóng 2 lớp bán tự động"
Ô dù lệch tâm mái tròn 1m3 bao gồm dù với đế
Ô dù kẻ sọc cầm tay gấp gọn
Áo mưa chấm bi dành cho 1 người
ÁO MƯA BƯỚM RANDO CAO CẤP MÀU NGẪU NHIÊN TRẺ DƯỚI 1.3 M
Áo mưa con vịt cho bé
Áo mưa cánh dơi đơn N088
"Ô Dù 4 Lớp Che Nắng, Đi Mưa Chống Tia UV"
Ô (dù) tự động 2 chiều cao cấp DandiHome chống UV
Bao Giày Đi Mưa - Áo Mưa Bọc Giày Dép Thời Trang Bằng Cao Su Khô Ráo Dù Mưa Bão
Áo mưa bít người vải dù tổ ong cao cấp freesize
Ô dù gập 3 tự động đóng mở bằng nút bấm 60cm - Hàng xuất khẩu Nhật Bản
Áo mưa dây kéo vải dù tổ ong chống thấm ( nhiều màu)
Ủng bọc giày đi mưa đi phượt chống nước có đế chống trượt
Áo Mưa Bít Không Xẻ Tà Vải Dù Chống Thấm Dài 1m4
Ủng Bọc Giày Đi Mưa Dùng Nhiều Lần
"Ô, dù đi mưa gấp ngược thông minh GS00123"
Áo mưa bộ 2 lớp Thanh Long
Bộ Áo Mưa Vải Dù không thấm nước cao cấp
Áo mưa bộ 2 lớp Thành Long
Áo Mưa Bít Vải Dù Các Màu
Áo Mưa Vải Dù Cánh Dơi Dài 1m4 Chống Thấm
Áo mưa - Áo mưa 2 đầu cao cấp
Áo Mưa Măng Tô Vải Dù 1m4 Chống Thấm Cao Cấp
Ô Dù Che mưa Che Nắng Chống Tia UV (màu ngẫu nhiên)
Ô dù đi mưa gấp gọn hình gấu Brown
"Ô Dù Đi Mưa Cầm Tay Mini, Gấp Gọn Tiện Lợi - Giao Màu Ngẫu Nhiên"
Ủng Cao Su Đi Mưa Cao Cấp - Bao Giày Chống Ướt Đi Mưa - Bao Silicon Bảo Vệ Giày Khỏi Ướt
Ủng bọc giày đi mưa đi phượt chống nước có đế chống trượt - màu xanh
Bọc giày đi mưa PK212
"Ủng, Túi PVC Bọc Giày Đi Mưa PVC Có Đế Chống Trơn | Chống Nước, Chổng Bẩn Tuyệt Đối"
Bộ 2 bọc giày đi mưa silicon chống nước trong suốt co giãn hiệu Coolnice áo mưa cho giày
ÁO MƯA BIT NÂNG CAO
Ô gấp ngược đi mưa thông minh tiện lợi nhiều màu
Ô dù đi mưa đi nắng cỡ lớn 24 nan chống lật chống uv cao cấp màu đen
Áo Mưa Măng Tô Vải Dù 1m6 Không Thấm Nước - Lựa Màu
Áo mưa cánh bướm trẻ em Rando Poncho dành cho các bé có độ tuổi từ (2 tuổi đến 12 tuổi) tương đương với các size từ số 1 đến số 5 ( GIAO MÀU NGÂU NHIÊN)
Ô dù cầm tay trong suốt
"Ủng, Túi PVC Bọc Giày Đi Mưa Cao Cổ Có Đế Chống Trơn ALUVI TDM02 | Chống Nước, Chổng Bẩn Tuyệt Đối"
Bộ Quần Áo Mưa Vải Dù Từ 50-80kg 2 Lớp Khóa Không Thấm Nước Chống Rách
Áo mưa vải dù tổ ong có kiếng đèn
Áo Mưa Bộ Vải Dù Cao Cấp ( 2 size )
Áo mưa phản quang 2 đầu có kính che mặt bọc gương
Bộ Áo Mưa Vải Dù Cao Cấp Size XXXL Chống Thấm
Ô Dù Chống Nắng Gấp Gọn
Dù Che Nắng Che Mưa 8 Xương Xếp Gọn Tiện Lợi
Bộ Áo Quần Đi Mưa
Bao Giày Đi Mưa - Áo Mưa Bọc Giày Dép Thời Trang Size Từ 28 Đến 46
Áo Mưa Nam Nữ- Măng Tô Chống Nước
Ủng bọc giầy đi mưa chống trơn trượt
Áo mưa gấp gọn đi du lịch
Ô dù cán dài 24 nan cỡ lớn siêu chắc chắn chống lật vải chống uv màu xanh đen
"Áo Mưa Cánh Dơi Có Kiếng Đèn Vải Dù Loại Siêu Dày, Hàng Việt Nam, Khổ To Rộng, Chống Thấm Hiệu Quả, Phù Hợp Nam Và Nữ, Có Túi Đựng, Có Lựa Chọn Màu Sắc"
Ô Dù Che Nắng Mưa Mini Gấp Gọn Hình Viên Thuốc Siêu Xinh
Áo mưa Hàn Quốc nam nữ dáng dài cực cute
"Ô Dù 4 Lớp Che Nắng, Đi Mưa Chống Tia UV"
Ô (dù) tự động 2 chiều cao cấp DandiHome chống UV
Bao Giày Đi Mưa - Áo Mưa Bọc Giày Dép Thời Trang Bằng Cao Su Khô Ráo Dù Mưa Bão
Áo mưa bít người vải dù tổ ong cao cấp freesize
Ô dù gập 3 tự động đóng mở bằng nút bấm 60cm - Hàng xuất khẩu Nhật Bản
Áo mưa dây kéo vải dù tổ ong chống thấm ( nhiều màu)
Ủng bọc giày đi mưa đi phượt chống nước có đế chống trượt
Áo Mưa Bít Không Xẻ Tà Vải Dù Chống Thấm Dài 1m4
Ủng Bọc Giày Đi Mưa Dùng Nhiều Lần
"Ô, dù đi mưa gấp ngược thông minh GS00123"
Áo mưa bộ 2 lớp Thanh Long
Bộ Áo Mưa Vải Dù không thấm nước cao cấp
Áo mưa bộ 2 lớp Thành Long
Áo Mưa Bít Vải Dù Các Màu
Áo Mưa Vải Dù Cánh Dơi Dài 1m4 Chống Thấm
Áo mưa - Áo mưa 2 đầu cao cấp
Áo Mưa Măng Tô Vải Dù 1m4 Chống Thấm Cao Cấp
Ô Dù Che mưa Che Nắng Chống Tia UV (màu ngẫu nhiên)
Ô dù đi mưa gấp gọn hình gấu Brown
"Ô Dù Đi Mưa Cầm Tay Mini, Gấp Gọn Tiện Lợi - Giao Màu Ngẫu Nhiên"
Ủng Cao Su Đi Mưa Cao Cấp - Bao Giày Chống Ướt Đi Mưa - Bao Silicon Bảo Vệ Giày Khỏi Ướt
Ủng bọc giày đi mưa đi phượt chống nước có đế chống trượt - màu xanh
Bọc giày đi mưa PK212
"Ủng, Túi PVC Bọc Giày Đi Mưa PVC Có Đế Chống Trơn | Chống Nước, Chổng Bẩn Tuyệt Đối"
Bộ 2 bọc giày đi mưa silicon chống nước trong suốt co giãn hiệu Coolnice áo mưa cho giày
ÁO MƯA BIT NÂNG CAO
Ô gấp ngược đi mưa thông minh tiện lợi nhiều màu
Ô dù đi mưa đi nắng cỡ lớn 24 nan chống lật chống uv cao cấp màu đen
Áo Mưa Măng Tô Vải Dù 1m6 Không Thấm Nước - Lựa Màu
Áo mưa cánh bướm trẻ em Rando Poncho dành cho các bé có độ tuổi từ (2 tuổi đến 12 tuổi) tương đương với các size từ số 1 đến số 5 ( GIAO MÀU NGÂU NHIÊN)
Ô dù cầm tay trong suốt
"Ủng, Túi PVC Bọc Giày Đi Mưa Cao Cổ Có Đế Chống Trơn ALUVI TDM02 | Chống Nước, Chổng Bẩn Tuyệt Đối"
Bộ Quần Áo Mưa Vải Dù Từ 50-80kg 2 Lớp Khóa Không Thấm Nước Chống Rách
Áo mưa vải dù tổ ong có kiếng đèn
Áo Mưa Bộ Vải Dù Cao Cấp ( 2 size )
Áo mưa phản quang 2 đầu có kính che mặt bọc gương
Bộ Áo Mưa Vải Dù Cao Cấp Size XXXL Chống Thấm
Ô Dù Chống Nắng Gấp Gọn
Dù Che Nắng Che Mưa 8 Xương Xếp Gọn Tiện Lợi
Bộ Áo Quần Đi Mưa
Bao Giày Đi Mưa - Áo Mưa Bọc Giày Dép Thời Trang Size Từ 28 Đến 46
Áo Mưa Nam Nữ- Măng Tô Chống Nước
Ủng bọc giầy đi mưa chống trơn trượt
Áo mưa gấp gọn đi du lịch
Ô dù cán dài 24 nan cỡ lớn siêu chắc chắn chống lật vải chống uv màu xanh đen
"Áo Mưa Cánh Dơi Có Kiếng Đèn Vải Dù Loại Siêu Dày, Hàng Việt Nam, Khổ To Rộng, Chống Thấm Hiệu Quả, Phù Hợp Nam Và Nữ, Có Túi Đựng, Có Lựa Chọn Màu Sắc"
Ô Dù Che Nắng Mưa Mini Gấp Gọn Hình Viên Thuốc Siêu Xinh
Áo mưa Hàn Quốc nam nữ dáng dài cực cute
Ô dù che mưa họa tiết đơn giản gập rút tiện ích UB00015 ( Màu ngẫu nhiên)
Áo Mưa Bit hoa văn vải dù cao cấp (màu sắc ngẫu nhiên)
"Ô dù với nút bấm tự động, họa tiết gấu dễ  thương"
Ô dù 2 lớp trang trí họa tiết lông vũ
Ô dù tự động chống tia UV – Hàng cao cấp - Đen
Ô dù gập Gấu Panda
Áo mưa cánh dơi mẫu caro (giao mẫu ngẫu nhiên)
Ô dù gập tự động BTS chibi
Ô dù Vitamin bỏ túi tiện lợi VTM00001
Áo Mưa Cánh Dơi Xẻ Tà 1m2 Chống Thấm Cao Cấp
Áo Mưa Cánh Dơi Vải Dù Rằn Ri Tiện Lợi
Dù xếp họa tiết lông vũ - Màu đen
Dù xếp trơn màu đen (loại lớn) Winwinshop88 - Màu Đen
"Áo Mưa Không Xẻ Tà Vải Dù Phong Cách, Chống Nước, Không Ướt Hai Bên Hông"
ÁO MƯA TRONG SUỐT 1 ĐẦU CÓ KHẨU TRANG TẶNG KÈM LẤY RÁY TAI CÓ ĐÈN TIỆN DỤNG CHO BÉ
Ô dù thông minh đóng mở tự động GS0098 (giao màu ngẫu nhiên)
Dù cán gỗ Nhật Bản đỏ trơn
Dù xếp hoa cúc daisy Hàn Quốc màu đen
Áo mưa bit vải dù tổ ong chống thấm cao cấp màu cam 
Áo Mưa Không Xẻ Tà Vải Dù 1m2 Hàng cao cấp ( Nhiều Màu )
Ô dù đi mưa ngũ sắc tiết kiệm UB690 -Màu ngẫu nhiên
Ô Che Mưa Nắng 33188E - Đen Xanh Dương
Ô Dù đi mưa họa tiết gấu mặt đơ ngộ nghĩnh GMD05071
Ô dù tự động chống tia UV – Hàng cao cấp - Xanh dương
Ô gấp 3 kẻ
Áo Mưa Cánh Dơi 2 Đầu Việt Linh
Dù xếp tự động 2 chiều - Màu Đỏ Đô
Ô Gập 3 Tự Động 2 Chiều Chống Tia UV Cao Cấp Hoàng Long - Đỏ
Ô chống uv
Rain coat dáng choàng chống thấm cao cấp 
Ô Dù Chống nắng che mưa chống nắng thông minh 
Ô Dù che nắng che mưa chống tia UV tự gấp thông minh OG01
Dù Gập Ba Chất Liệu Cao Su Paradise 3331E
Áo mưa phản quang siêu nhẹ một đầu tiện dụng + tặng kèm ủng đi mưa cổ ngắn tiện dụng
Dù trong suốt hoa anh đào
Dù gấp tự động mini
Ô câu cá LEO 27431 - 2m - Hàng chính hãng
Áo mưa 2 đầu tiện lợi
Ô dù gập BTS đen che nắng mưa
Ô dài màu trơn giao màu ngẫu nhiên
Bọc Giày Đi Mưa Silicone Siêu Bền - Bảo Vệ Giày Trắng Khỏi Bùn Đất
Áo Mưa Bít Vải Dù Hoạt Hình Cho Bé Từ 4-12 Tuổi ( Không Xẻ Tà ) ( Giao màu ngẫu nhiên ) 
Ô cán dài chấm bi nội địa Nhật Bản
Áo Mưa Rando Bộ Ong Mật 2 - CSPS-17
Áo Mưa Phản Quang Có Kính Che Mặt 2 Đầu Chất Liệu Dày Dặn - Chống Thấm Tốt + TẶNG KÈM Đôi Ủng Đi Mưa Cổ Ngắn Tiện Ích
Áo mưa bít người free size (hồng)
Bộ Quần Áo Đi Mưa Vải Dù Siêu Bền 
Áo mưa đôi vải dù PVC 2 lớp chống thấm
"Ô Dù 4 Lớp Che Nắng, Đi Mưa Chống Tia UV"
Ô (dù) tự động 2 chiều cao cấp DandiHome chống UV
Bao Giày Đi Mưa - Áo Mưa Bọc Giày Dép Thời Trang Bằng Cao Su Khô Ráo Dù Mưa Bão
Áo mưa bít người vải dù tổ ong cao cấp freesize
Ô dù gập 3 tự động đóng mở bằng nút bấm 60cm - Hàng xuất khẩu Nhật Bản
Áo mưa dây kéo vải dù tổ ong chống thấm ( nhiều màu)
Ủng bọc giày đi mưa đi phượt chống nước có đế chống trượt
Áo Mưa Bít Không Xẻ Tà Vải Dù Chống Thấm Dài 1m4
Ủng Bọc Giày Đi Mưa Dùng Nhiều Lần
"Ô, dù đi mưa gấp ngược thông minh GS00123"
Áo mưa bộ 2 lớp Thanh Long
Bộ Áo Mưa Vải Dù không thấm nước cao cấp
Áo mưa bộ 2 lớp Thành Long
Áo Mưa Bít Vải Dù Các Màu
Áo Mưa Vải Dù Cánh Dơi Dài 1m4 Chống Thấm
Áo mưa - Áo mưa 2 đầu cao cấp
Áo Mưa Măng Tô Vải Dù 1m4 Chống Thấm Cao Cấp
Ô Dù Che mưa Che Nắng Chống Tia UV (màu ngẫu nhiên)
Ô dù đi mưa gấp gọn hình gấu Brown
"Ô Dù Đi Mưa Cầm Tay Mini, Gấp Gọn Tiện Lợi - Giao Màu Ngẫu Nhiên"
Ủng Cao Su Đi Mưa Cao Cấp - Bao Giày Chống Ướt Đi Mưa - Bao Silicon Bảo Vệ Giày Khỏi Ướt
Ủng bọc giày đi mưa đi phượt chống nước có đế chống trượt - màu xanh
Bọc giày đi mưa PK212
"Ủng, Túi PVC Bọc Giày Đi Mưa PVC Có Đế Chống Trơn | Chống Nước, Chổng Bẩn Tuyệt Đối"
Bộ 2 bọc giày đi mưa silicon chống nước trong suốt co giãn hiệu Coolnice áo mưa cho giày
ÁO MƯA BIT NÂNG CAO
Ô gấp ngược đi mưa thông minh tiện lợi nhiều màu
Ô dù đi mưa đi nắng cỡ lớn 24 nan chống lật chống uv cao cấp màu đen
Áo Mưa Măng Tô Vải Dù 1m6 Không Thấm Nước - Lựa Màu
Áo mưa cánh bướm trẻ em Rando Poncho dành cho các bé có độ tuổi từ (2 tuổi đến 12 tuổi) tương đương với các size từ số 1 đến số 5 ( GIAO MÀU NGÂU NHIÊN)
Ô dù cầm tay trong suốt
"Ủng, Túi PVC Bọc Giày Đi Mưa Cao Cổ Có Đế Chống Trơn ALUVI TDM02 | Chống Nước, Chổng Bẩn Tuyệt Đối"
Bộ Quần Áo Mưa Vải Dù Từ 50-80kg 2 Lớp Khóa Không Thấm Nước Chống Rách
Áo mưa vải dù tổ ong có kiếng đèn
Áo Mưa Bộ Vải Dù Cao Cấp ( 2 size )
Áo mưa phản quang 2 đầu có kính che mặt bọc gương
Bộ Áo Mưa Vải Dù Cao Cấp Size XXXL Chống Thấm
Ô Dù Chống Nắng Gấp Gọn
Dù Che Nắng Che Mưa 8 Xương Xếp Gọn Tiện Lợi
Bộ Áo Quần Đi Mưa
Bao Giày Đi Mưa - Áo Mưa Bọc Giày Dép Thời Trang Size Từ 28 Đến 46
Áo Mưa Nam Nữ- Măng Tô Chống Nước
Ủng bọc giầy đi mưa chống trơn trượt
Áo mưa gấp gọn đi du lịch
Ô dù cán dài 24 nan cỡ lớn siêu chắc chắn chống lật vải chống uv màu xanh đen
"Áo Mưa Cánh Dơi Có Kiếng Đèn Vải Dù Loại Siêu Dày, Hàng Việt Nam, Khổ To Rộng, Chống Thấm Hiệu Quả, Phù Hợp Nam Và Nữ, Có Túi Đựng, Có Lựa Chọn Màu Sắc"
Ô Dù Che Nắng Mưa Mini Gấp Gọn Hình Viên Thuốc Siêu Xinh
Áo mưa Hàn Quốc nam nữ dáng dài cực cute
Dù Che Mưa Nắng Thái Lan Vải Dù Cao cấp ( màu ngẫu nhiên)
Dù bấm 2 chiều xuất Nhật 
Dù nhiều màu
	 Ô Naruto dù che anime
"Dù đi mưa cỡ lớn cán ngắn tự động 2 chiều cao cấp, ô đi nắng chống uv tán to"
Ô dù đen trơn cán dài viền vàng 1m
Ô Sakura đỏ Thủ lĩnh thẻ bài thiết kế độc đáo tặng ảnh Blue Vcone
Bọc giày dép đi mưa trắng mờ
Ô totoro dù che anime
Áo mưa trong màu đa dụng rando - Loại chấm bi Freesize GIAO MÀU NGẪU NHIÊN
Áo mưa bọc - áo mưa nilong sử dụng một lân giao màu ngẫu nhiên
Ô dù cán dài style Nhật Bản tay cầm gỗ thẳng 108cm
"Áo mưa cho bé trai và bé gái hình thú, không dính nước, không mùi và tuyệt đối an toàn, nhiều màu, chọn màu theo ý+ Tặng kèm hình dán ngộ nghĩnh cho bé"
Ô Boku no hero academia dù che anime
Áo mưa 2 đầu đi xe cho 2 người - Giao màu ngẫu nhiên
Dù Trong Suốt Hoa Anh Đào
Ô DÙ CÁN CONG TỰ ĐỘNG THỜI TRANG ĐƯỜNG KÍNH LỚN CHỐNG TIA UV - VÀNG
"Áo mưa nhựa phối màu in chữ honda, thiết kế kiểu dáng cánh dơi - Giao Ngẫu Nhiên - Hàng Nhập Khẩu"
Dù xếp tự động 2 chiều - Màu Đen
Aó Mưa Vải Dù Tổ Ong Cao Cấp 1 Đầu Nam Nữ Xẻ Tà Bóng Kính Đèn Chống Thấm-Đỏ Đô
Dù Tự Động 2 Lớp Dành Cho Nam Công Sở C'mon
Ô Ma đạo tổ sư dù che anime
Áo Mưa Cánh Dơi Cho Bé Từ 3 - 13 Tuổi - Tặng 1 Khăn Lau Mặt
Dù giấy Wagasa Nhật Bản - MS02
Áo mưa cánh dơi Vải Dù - giao màu ngẫu nhiên
Ô Dù Đi Mưa Họa Tiết Gấu Mặt Đơ Ngộ Nghĩnh-Tặng Kèm Tất Gấu-Hồng
Áo mưa chấm bi có kính che mặt an toàn
Áo đi mưa cánh dơi áo đôi có kính che mặt và tay gương freesize
Dù Gấp Ba Paradise 33188E
Áo mưa vải dù dành cho nữ (Màu xanh dương)
Áo Mưa Dùng Một Lần - Màu ngẫu nhiên
"Ô DÙ NỞ HOA KHI TRỜI MƯA, Ô ĐỒI MÀU THEO THỜI TIẾT"
"Ô dù múa Nhật Bản tua rua retro, Ô dù trang trí, biểu diễn, chụp ảnh phong cách Nhật Bản - Màu hồng"
Cây Dù Nở Hoa NCA - Giao Màu Ngẫu Nhiên
Áo mưa cánh dơi 1 đầu vải dù màu ( màu ngẫu nhiên)
Ô dù chống tia UV ánh kim gấp 3 - ODG06
Ô Hai Nấc LEO - 93 x 55 Cm
Ô dù tự động chống tia UV – Hàng cao cấp - Xanh Rêu
"Áo Mưa Thời Trang Phong Cách, Thiết Kế Mới Lạ"
Ô Dù Thời Trang Gập 3
Áo Mưa chấm bi hàng đẹp chất dày (Giao màu ngẫu nhiên)
áo mưa 2 đầu cánh dơi hàng Việt Nam Việt Linh( Giao màu ngẫu nhiên)
Dù Đi Nắng Paradise 31814E
Áo mưa cánh dơi - Màu ngẫu nhiênoem
Ô Chống Nắng Làm Từ Cao Su Đen Paradise - 31020E
Áo Mưa Măng Tô Họa Tiết Hoa form rộng (màu ngẫu nhiên)
Áo mưa bít không xẻ tà vải dù tổ ong size nữ
Ô Che Mưa Paradise 200g
Ô Dù Paradise 307E
Ô dù gấp gọn hình gấu Brown – Tặng 1 lọ tinh dầu Oải Hương (Màu ngẫu nhiên)
Ô che nắng GBU
Bộ quần áo mưa - giao màu ngẫu nhiên
"Dù giấy Wagasa Nhật Bản - MS17 dùng trang trí nhà cửa, làm đạo cụ biểu diễn"
COMBO Ô Dù Gấp Gọn Thông Minh 2 Chiều + Áo Mưa Trong Suốt 1 Đầu - Tặng 1 lọ tẩy mốc quần áo trời mưa ( màu ngẫu nhiên )
Áo Mưa Cánh Dơi Vải Dù Chống Thấm Cao Cấp Màu Lính Rằn Ri - Thảo Kiên
"Bộ Áo Mưa Vải Dù Cao Cấp , Không Thấm Size lớn (70-80kg)"
Ô Dù Cầm Tay Cán Cong Chống Tia UV
Dù đơn SNOOPY chính hãng
Bộ Áo Mưa Vải Dù Cao Cấp – Không Thấm - size XL  từ 55-60kg 
Dù giấy Wagasa Nhật Bản - hoa anh đào MS10
"Ô DÙ BTS,TWICE,EXO"
Túi Đựng Ô Dù Đi Mưa : OD - B311
Dù Xếp Mini Winwinshop88 V.3 - Xanh Đen
Combo 2 Bộ Quần Áo Mưa Nhựa Không Thấm Nước Freesize 50-80kg ( Giao Màu Ngẫu Nhiên )
Ô cao cấp cán dài kẻ sọc nội địa Nhật Bản
Ô Dù PARADISE 31820E (UPF50 +) 
Áo Mưa Có Khẩu Trang Che Mặt Sắc Màu Pha Lê AOMUA
Ô Dù Cầm Tay Cán Thẳng
Ô Dù Cầm Tay Cán Thẳng - Xanh Lá
Áo mưa cánh dơi vải dù hoạ tiết lính nữ 1m2
Dù Cầm Tay Cán Thẳng Gỗ - Vàng Đen
Ô che nắng UPF chống tia UV ( Màu ngẫu nhiên )
Áo chống nắng có nón và che mặt (tặng kèm 1 sản phẩm ngẫu nhiên)
Ô Gấp 3 Tự Động 1 Chiều Ocean 3469 (Màu Ngẫu Nhiên)
Ô tự động cao cấp chống tia UV
Ô Dù Paradise 32248ELHB 
Ô Gấp 3 Tự Động 2 Chiều Ocean 3509 (Màu Ngẫu Nhiên)
"Ô hai gập tự động đóng mở 2 chiều cao cấp theo logo hãng dành cho xe Audi, Mercedes, Lexus, BMW, Toyota và Honda "
Dù Xếp Mini Winwinshop88 V.3 - Xanh Lá
Ô dù gập chống tia UV Gấu Brown 97cm
Ô Trẻ Em LEO - 72 x 60 Cm
Dù Nở Hoa (Giao màu ngẫu nhiên)
Áo Mưa Bít Vải Dù Padersi Siêu Nhẹ ( Nhận Màu Ngẫu Nhiên)
Ô gấu Brown Gấp Gọn Thông Minh - DU12
Dù xếp hình bông hoa V.2 (Màu xanh dương)
Dù xếp họa tiết lông vũ - Màu trắng
Dù cán gỗ Nhật Bản - Màu hồng đậm
Dù Xếp 3 Lớp Hình Con Bướm Viền Ren
Combo Dù Mỡ Mỡ + Túi Xách Cung Hoàng Đạo
Dù cán gỗ Nhật Bản - Màu đỏ
Áo mưa cánh dơi PVC - Giao hàng màu sắc ngẫu nhiên
ÁO MƯA THỜI TRANG HOT NHÂT 2020
Bộ Áo Mưa Vải Dù Cao Cấp – Không Thấm  size M - 45-50kg
Áo Mưa Vải Dù Xẻ Tà Cánh Dơi Họa Tiết Hoa Cá Tính
Combo 4 Áo Mưa Bít Nhựa Nhiều Kiểu Dáng ( Không Xẻ Tà ) ( Giao mẫu ngẫu nhiên )
Dù Xếp Gấu Brown - UV Protection - Giao Màu Ngẫu Nhiên 
Bọc Ngoài Bảo Vệ Giầy Eva love Chống Trơn Chống Thấm Nước
Ô Dù Thẳng Cán Cong Nhựa - Đen
Ô Gập JUST MODE
Áo mưa bít không xẻ tà họa tiết lính vải nhựa
Ô Dù Cầm Tay Cán Cong
"Dù ngũ sắc - màu ngẫu nhiên ( dù lớn nhiều màu với đường kính 120cm ,dài 95 cm)"
Ô Gặp Nước Nở Hoa Gấp Gọn - Mẫu Mới
Dù đội đầu quân đội 65cm (tặng kèm 1 sản phẩm ngẫu nhiên)
Ô Dù gập 3 chống tia UV 50CM Super Prevent Sun - Hàng xuất Nhật
Ô Chống Nắng Gió Unisex Hommy
Ô Che Nắng Paradise 33T6
Combo 5 Áo Mưa Bít Nilon Đủ Màu ( Không Xẻ Tà ) ( Giao Màu Ngẫu Nhiên )
Aó mưa cao cấp có mặt nạ chắn
Bộ 2 chiếc Ô đi mưa gặp nước nở hoa gấp gọn tiện dụng
Áo mưa Trong suốt Thời trang - Chấm bi xanh lá
Dù che mưa nắng ( loại trung - màu ngẫu nhiên)
Ô dù cán dài cho bé hoạ tiết dễ thương tay cầm hình kem ốc quế 72x85cm
Ô dù cao cấp cỡ lớn chống tia uv ( cán cong )-xanh
Ô dù gấp gọn hình gấu Brown – Nền Vàng – Tặng 1 lọ tinh dầu Oải Hương
Ô Dù UPF50+ Paradise 3311E
Ô Paradise 33188E
Dù gấp đi mưa tiện lợi (tặng kèm 1 sản phẩm ngẫu nhiên)
Ô Dài LEO - 96 x 80 Cm
Ô Dù chống tia UV 3 lớp mẫu mới
Áo Mưa PE Dẻo Phong Cách Áo Khoác Cài Nút
Ô Cán Gỗ LEO 102 x 90 Cm
Phim bảo vệ màn hình điện thoại KOOLIFE Nubian Z17
Dù Gấp Paradise 339S
Set Áo Mưa BUBM YCYY-01 (6 Cái)
Combo 100 Bao Chất Liệu PE Bọc Giày MARYYA Hc11427 (33 x 13 cm)
Ô dù tự động bật tắt gấp đôi - ODG04
Dù Xếp Trơn Màu Đen (Loại Lớn) Xếp Nhỏ Gọn Tiện Lợi
ÁO MƯA MĂNG TÔ TRƠN
Ô 3 Nấc LEO - 100 x 56 Cm
Ô dù chống tia UV gấp 3 - ODG09
Ô 3 Nấc LEO 322 (24 x 4 cm) - Màu Ngẫu Nhiên
Áo Mưa Bộ Givi CAM01 - XXL
Áo mưa cánh dơi vải nhựa PVC đỏ Coop
Dù xếp hoạt hình gấu Brown V.4 gấp gọn siêu tiện lợi che nắng che mưa màu hồng
Áo mưa bộ xuất khẩu xanh đen
Ô dù che mưa cán cong có nút bấm tự động màu đen
Áo Mưa Rando Pretty Girl 3 - CPPM-17
Áo Mưa Rando Bộ Ong Mật 3 - CSPS-18
Áo Mưa Rando Mèo Con 3 - CPPS-13
"Dù Giấy Wagasa Nhật Bản - MS18 Phù Hợp Trang Trí, Làm Đạo Cụ Trình Diễn"
Áo Mưa Cánh Bướm Vải Dù Hoạt Hình Cho Bé Từ 4-15 Tuổi Không Thấm Nước ( Giao Màu Ngẫu Nhiên )
Ô dù mở gập tự động 10 nan 10 xương cao cấp che mưa che nắng loại 2 người đường kính che 104cm
Ô dù xếp gọn che nắng che mưa họa tiết đáng yêu 8 xương
"Áo Mưa Rando Mèo Con, chính hãng"
Ô Dù Chống Tia UV Hình Gấu Hoạt Hình Nhiều Màu Sắc
