"Banh Bóng Rổ Graffiti - Chuyên Outdoor - Size 7 - Tặng Bơm, Kim Bơm và Túi Lưới"
Combo Khung Bóng Rổ +Bóng +Lưới (màu cam)
Đồ Chơi Bóng Rổ Trẻ Em (Trụ Sắt Kèm 2 Bóng)
"Banh Bóng Rổ Graffiti - Chuyên Outdoor - Size 7 - Tặng Balo Rút, Kim Bơm và Túi Lưới"
Vành bóng rổ Đại Nam Sport kèm lưới 
Quả Bóng Rổ Spalding Size Số 7 Tiêu Chuẩn Thi Đấu NBA Cao cấp
Bóng rổ PVC Agnite No.7
Khung Bóng Rổ Thi Đấu Có Tặng Kèm Lưới
Quả bóng rổ da PU Gerustar Federation có nhiều size để lựa chọn
Combo Bộ Khung Và Bóng Rổ Phân Phối Chính Hãng Chất Lượng
Bóng rổ Spalding TF150 Performance outdoor
Bóng Rổ Prostar size 7 màu cam tặng kèm kim bơm bóng
Banh Bóng Rổ Cao Su Outdoor (size 7) - Giao màu ngẫu nhiên
Chân trụ bóng rổ  trường học chuyên nghiệp hàng nhập khẩu kích thước ngang 75cm * Rộng 55cm x Cao 200-240 cm
Banh Bóng Rổ Da Big Playes - Số 7 - Tặng Bơm + Balo rút + Kim bơm + Túi lưới
Bóng Rổ Trẻ Em Trụ Sắt Sơn Tĩnh Điện Kèm 2 Bóng
Bộ Vành bóng rổ + Quả bóng rổ (Kèm kim bơm và lưới)
Bóng Rổ Zocker Số 5 - Cam (Size 5)
Bóng rổ trẻ em PU size 3 - Màu ngẫu nhiên
Quả Bóng Rổ Học Sinh Số 5 - Cam
Đồ Chơi Bóng Rổ Trẻ Em Cho Bé Trụ Sắt Kèm 2 Bóng - Chính Hãng Amalife
Quả bóng rổ Spalding NBA Graffiti số 7 (73-722Z)
Bóng rổ TARMAK 
Bóng rổ Gerustar Size 7 PU 2M Federation - Dán (Tặng Băng dán thể thao + Kim bơm + Lưới đựng)
Banh Bóng Rổ Geru Cam
Bóng Rổ Prostar No.7 - Cam
Combo Khung Bóng Rổ + Bóng + Lưới
Bóng rổ Molten BG3200
Bóng rổ Spalding TF150 Performance outdoor- Tặng kèm Kim bơm bóng và túi lưới đựng bóng
Banh Bóng Rổ Geru 2 da
"Bộ khung và bóng rổ tiêu chuẩn - có kèm lưới khung,túi đựng bóng và kim bơm bóng"
Bộ Đồ Chơi Bóng Rổ Cho Bé Trẻ Em - Chính Hãng Amalife
BÓNG RỔ JOGARBOLA J6000
Bóng Rổ Zocker Số 7
Bạnh Bóng Rổ Da Chuyên Outdoor - Size 7 - Tặng Bơm + Balo rút + Kim Bơm Và Túi lưới
Bóng rổ Spalding NBA Highlight Hologram Outdoor Size 7 
Combo Vành bóng rổ kèm lưới  + Quả bóng rổ  (kèm túi và kim bơm)
Bóng rổ trẻ em cao su Gerustar Size 3 - 8 màu (Tặng kèm Kim bơm + Lưới đựng)
Vành Bóng Rổ kèm lưới 
Bóng Rổ Câu Lạc Bộ NBA - Size 7 - Chuyên Outdoor
Bóng rổ cao su Gerustar - Cam (Tặng Kim bơm + Lưới đựng)
Vành bóng rổ 40cm +quả bóng rổ số 7 (tặng túi lưới và kim bơm)
Tất Bóng Rổ Curry - Loại cổ ngắn
Vành Bóng Rổ Tiến Sport TS-L (45cm) + Kèm Lưới (Lưới màu ngẫu nhiên)
Vành Rổ Bóng Rổ - Size 7 (42cm) - Tặng Kèm Lưới Rổ
Quả Bóng Rổ Học Sinh Số 6 - Cam
Bóng Rổ Zocker Số 6 - Cam (Size 6)
Băng bảo vệ ngón tay khi chơi bóng rổ AOLIKES YE-1589
Bóng Rổ AKPro AB2000
Khung bóng rổ
"Bóng Rổ Da Quà Tặng Con Trai - Bóng Rổ Da Size 7 - Tặng kèm bơm, Balo rút, Kim Bơm, Túi lưới"
Quả bóng rổ Spalding NBA Gold Series Indoor/Outdoor size 7 (76-014z)
Vành bóng rổ 30cm + quả bóng rổ caosu số 3 có tặng kèm kim bơm và lưới đựng bóng
Bóng rổ cao su xốp Gerustar Size 7 - Giao màu ngẫu nhiên (Tặng Băng dán thể thao + Kim bơm + Lưới đựng)
Bóng rổ Spalding TF500 Perfomance- Indoor/ Outdoor Size 7 (74-529Y)- Tặng kim và túi lưới đựng bóng
Khung bóng rổ thi đấu - có kèm lưới
Combo Khung Bóng Rổ +Bóng rổ +Lưới màu cam size 40
Bóng Rổ Spalding Tiêu Chuẩn Thi Đấu NBA Cao cấp
Bóng rổ da PU Gerustar 3x3
Quả bóng rổ cao cấp số 5 Gentra (Cam) + Kèm kim bơm bóng
Bóng rổ cao su Leikesi No.5
BÓNG RỔ MOLTEN B7G4500 – SỐ 7 DA
Quả bóng rổ số 7 Gentra (Cam) + Kèm kim bơm bóng
Trụ bóng rổ thiếu niên Vifa Sport
Banh Bóng Rổ Trẻ Em Graffiti - Size 5 - Tặng kim bơm và túi lưới
Quả bóng rổ số 6 tiêu chuẩn thi đấu. Tặng kèm kim bơm bóng và lưới đựng bóng
Bộ 2 Lưới bóng rổ T&T
Lưới Bóng Rổ - Size bóng 7 - Loại 12 mắt - Dày 5mm
Bộ combo vành bóng rổ và quả bóng rổ (tặng kèm kim bơm và túi đựng)
Bóng Rổ AKPro AB6000
Bóng rổ Spalding TF 250 All Surface- Indoor/Outdoor- size 7 + Kim bơm bóng và túi lưới đựng bóng
Bóng rổ dán Gerustar Size 7 Champion (Tặng Băng dán thể thao + Kim bơm + Lưới đựng)
BÓNG RỔ MOLTEN B5G1600
Đồ Chơi Bóng Rổ Trẻ Em Cho Bé Trụ Sắt Kèm 2 Bóng - Chính Hãng miDoctor
Bóng rổ cao su 2 màu Gerustar Size 5 (Tặng Băng dán thể thao + Kim bơm + Lưới đựng)
Bóng rổ trẻ em PU size 3 (Cam)
Quả bóng rổ Prostar  tiêu chuẩn thi đấu số 6
Bóng rổ Spalding VBA New 76-501 Indoor/ Outdoor Size 7- Tặng kim bơm bóng và túi lưới đựng bóng
Banh Bóng Rổ Nữ - Size 6 - Chuyên Outdoor - Giao màu ngẫu nhiên
Lưới Khung Bóng Rổ - 2 cái 
Vành bóng rổ 35cm + quả bóng rổ số 5 tặng kèm kim bơm và lưới đựng bóng
Bóng rổ Spalding NBA Graffiti Outdoor (Chơi ngoài trời)- Tặng Kim bơm bóng và túi lưới đựng bóng
Quả bóng rổ PU Sportslink Kaida
Đồ Chơi Bóng Rổ Trẻ Em (Kèm bóng + Kim bơm)
Băng Đàn Hồi Bảo Vệ Ngón Tay (10 Chiếc) - màu ngẫu nhiên
BÓNG RỔ MOLTEN BG3800 SỐ 6
Bóng rổ AKpro AB 5000 Cam
Bóng rổ Spalding Golden State Warriors - Outdoor size 7 (Tặng kim bơm bóng và túi lưới đựng bóng)
Banh Bóng Rổ Da Dành Cho Trẻ Em BigPlayers - Size 5 - Tặng bơm bóng + Kim bơm + Túi lưới
Bóng Rổ AKPro ABX1
Quả Bóng Rổ Học Sinh Số 7 - Cam
Bóng rổ Gerustar Size 6 PU 2M Federation - Dán (Tặng Băng dán thể thao + Kim bơm + Lưới đựng)
Bóng rổ Spalding NBA Junior Outdoor (chơi ngoài trời)
Quả bóng rổ Spalding NBA 3X 83-002Z (size 6)- tặng kim bơm bóng và túi lưới đựng bóng
Băng Bảo Vệ Hỗ Trợ Mắt Cá Chân AOLIKES TC-7526
Quả Bóng rổ Gold Seris All  Surface Outdoor size 7 mẫu mới 2019 - Tặng kèm Kim bơm và túi lưới đựng bóng
Bóng Rổ D5000 Số 7
Bóng rổ trẻ em số 3 (size 3)
Bóng rổ JR NBA (74-946Z)- indoor/ Outdoor- size 7 (Tặng kim bơm bóng và túi lưới đựng bóng)
Quả bóng rổ số 7 tiêu chuẩn thi đấu
Bóng rổ Spalding NBA Graffiti Outdoor (Chơi ngoài trời)
Bóng Rổ Cao Su Size 2 Cho Bé Từ 1-6 Tuổi - Tặng kim bơm & Lưới đựng bóng
Bóng rổ cao su 8 màu Gerustar Size 6 (Tặng Băng dán thể thao + Kim bơm + Lưới đựng)
Trụ bóng rổ S021A
Bóng Rổ AKPro AB8000
Bóng rổ cao cấp QP002
Bóng Rổ Bàn Mini Giải Stress
"Vành Bóng Rổ + Lưới Size 30,35.40(Màu Cam)"
Bóng rổ Gerustar cao su số 6
Bóng rổ JR NBA - Indoor/ Outdoor - Size 6 (Kèm Kim bơm và túi lưới đựng bóng)
Bóng rổ Spalding NBA Team Los Angeles Lakers 83-510Z Outdoor size 7- Tặng kèm Kim bơm bóng và Túi lưới đựng bóng
Trò chơi thể thao Bóng rổ mini - Basketball game
"Bộ đồ chơi bóng rổ cho bé, đồ chơi bóng rổ cho bé PR005"
Bóng Rổ Cao Su Molten BGS5
Trụ bóng rổ nhập khẩu SBA021A
Quả Bóng Rổ Da Số 7 Thi Đấu T1000
Bóng rổ Geru Star cao su số 7
Bóng rổ Spalding NBA Team Golden State Warriors 2017 size 7 chơi ngoài trời
Vành bóng rổ Đại Nam Sport kèm lưới (40cm)
Bóng Rổ Da Molten BGN5X
Bóng rổ dán Gerustar 3X3 PU GS-3300 - Số 6  - (Tặng Băng dán thể thao + Kim bơm + Lưới đựng)
Bóng rổ Cao Cấp Spadling NBA Siêu Hot
Quả bóng rổ cao su geru số 5
Gọng Kính Chơi Bóng Rổ Cho Người Cận Viễn Loạn KB811
Bóng Rổ Thể Thao Siêu Bền Spadling Size 7 Hot Hit
Bóng Rổ Size 7 Tiêu Chuẩn Thi Đấu Chuyên Nghiệp NBA
Quả bóng rổ Prostar tiêu chuẩn thi đấu số 5
Bộ vành bóng rổ + Quả bóng rổ cao cấp (Kèm lưới và kim bơm bóng)
Quả bóng rổ Prostar tiêu chuẩn thi đấu số 7
Lưới bóng rổ 824851 Vifa sport
Bóng Rổ Cao Su Molten BGS6
Bóng rổ Gerustar cao su có nhiều size để lựa chọn + Tặng bộ kim lưới đựng bóng
Bóng rổ cao su xốp Gerustar 3x3 (Tặng Băng dán thể thao + Kim bơm + Lưới đựng)
Quả bóng rổ Pro Star số 5 kèm túi và kim
Quả bóng rổ số 5 tiêu chuẩn thi đấu. Tặng kèm kim bơm bóng và lưới đựng bóng
Vành Bóng Rổ TT - Mart (40cm)
Bóng rổ Gerustar số 6 cao su GreenSport
Trụ Bóng Rổ Trường Học Nhập Khẩu Sba018 - Đen
Vành Bóng Rổ Treo Tường - Cam
Quả bóng rổ cao cấp số 6 Gentra (Cam) + Kèm kim bơm bóng
Bóng Rổ Thể Thao Siêu Bền Spadling Size 7 Hot Hit
Bóng rổ Spalding NBA Team Boston Celtics (83-505Z)- Outdoor size 7- Tặng kim bơm bóng và túi lưới đựng bóng
Quả bóng rổ số 7 + tặng kim bơm và lưới đựng bóng
Quả bóng rổ da PVC gerustar số 7
Khung bóng rổ loại nhỏ 30cm
Bóng rổ Spalding NBA Team Chicago Bulls Outdoor  size7 
Bóng Rổ D2000 Số 7
Vành Bóng Rổ Tiến Sport TS-S (30cm) + Kèm Lưới
Khung Bóng Rổ + Lưới Size Nhỏ/Trung/Đại
Quả Bóng Rổ  Số 3 + Tặng Kim Bơm Và Lưới Đựng Bóng - Cam
Bóng rổ Gerustar Size 7 PU 2M Premier - Dán (Tặng Băng dán thể thao + Kim bơm + Lưới đựng)
Bóng rổ BKWECOLL tiêu chuẩn số 7 (giao mầu mầu ngẫu nhiên)
Vành Bóng Rổ Tiến Sport TS-A (40cm) + Kèm Lưới
Bóng rổ Spalding NBA Team Spurs (Chơi ngoài trời)
Bóng rổ Spalding San Antonio Spurs- Outdoor size 7- Tặng kim bơm bóng và túi lưới đựng bóng
Quả Bóng Rổ Thể Thao Siêu Bền Size 7 Tiêu Chuẩn NBA
"Bóng rổ Outdoor ( sản phẩm nhiều sizẽ mầu, giao mầu ngẫu nhiên)"
Quả bóng rổ Pro Star cao cấp + tặng kim bơm
Lưới bóng rổ thi đấu sợi Polypropylene 5mm S14850
Khung bóng rổ 30cm (Cam)
Quả bóng rổ Pro Star số 3 kèm túi và kim 
"Quả bóng rổ Prostar tiêu chuẩn thi đấu 5,6,7"
BÓNG RỔ MOLTEN BG3800 SỐ 7
"Lưới Bóng rổ Thi đấu sợi Polypropylene 6mm, có tua lưới S14860"
Vành bóng rổ thi đấu 45 cm NK+ tặng kèm lưới bóng rổ  
Quả Bóng Rổ ProStar Số 5 6 7 Cao Su (Cam)
Bóng rổ Spalding NBA Highlight Series Outdoor
Băng Chân Bóng Rổ có pad màu trắng size L
Bóng rổ Spalding NBA 3X Official Outdoor
BÓNG RỔ JOGARBOLA J2000
Bóng rổ Spalding NBA Team Lakers (Chơi ngoài trời)
Lót giày chuyên dụng cho môn bóng rổ Spenco Ground Reaction Force
Khung Bóng Rổ + Lưới (trung)
Gọng kính chịu lực cho người cận chơi bóng rổ 
Băng Chân Bóng Rổ có pad trắng size M
Bóng rổ Spalding NBA Team Cleveland Cavaliers Outdoor size7 
Bóng rổ Spalding NBA 3X Official Outdoor size7 
Bóng rổ Spalding Gold 10 Panel  TF 33- Indoor/ Outdoor size 7 (74-489Z)- Tặng kèm Kim bơm bóng và Túi lưới đựng bóng
Qủa bóng bàn DHS 3 sao (hộp 6 quả)
Bóng Rổ BKWECOLL Số 7 quả  tiêu chuẩn
Bóng rổ GeruSport Cam cao su số 5
Quả bóng rổ cao su gerustar số 7
Bóng Rổ AKPro AB9000
Bóng rổ PU Gerustar Size 7 Promaster - Dán (Tặng Băng dán thể thao + Kim bơm + Lưới đựng)
Bộ vành bóng rổ kèm lưới 
Quả bóng rổ ngoài trời Outdoor chống mòn trơn trượt độ nảy đàn hồi tốt Basket Ball Regail YE-NO75
Bóng rổ Spalding NBA Team Golden State Warriors chơi ngoài trời
BÓNG RỔ MOLTEN B7F1601 – SỐ 7
Vớ tập bóng rổ trắng xanh lá
Bóng rổ PU Gerustar Size 7 BS-700 - Dán (Tặng Băng dán thể thao + Kim bơm + Lưới đựng)
Quả bóng rổ cao su gerustar số 3
Bóng rổ Spalding NBA Team Boston Celtics  (Chơi ngoài trời)
Bóng rổ cao su AKpro ABX1 màu Cam
Bóng rổ số 3 cho bé yêu( giao mầu nhẫu nhiên)
