"Vam Cảo 3 Càng Đa Năng Tháo Vòng Bi, Bánh Răng"
"Vam Cảo 2 Càng Đa Năng Tháo Vòng Bi, Bánh Răng"
Combo 4 Cảo Vam Chữ C 5 Inch Kẹp Max 130mm
Cảo Tháo Mắt Sên Xe Gắn Máy Cao Cấp Century 160512-DC
Cảo 3 Chấu 6''/150mm
"Vam Cảo 2 Càng Đa Năng Tháo Vòng Bi, Bánh Răng Tháo Lắp Linh Hoạt"
"Bộ cảo bạc đạn, cảo vòng bi 8 món"
Cảo Mắt Sên Cam Xe Gắn Máy Century LS906008
Vam cảo kẹp nhanh chữ G 2 Inch
Cảo Chữ C Asaki AK-6260 2''/50mm
"Vam Tháo Lọc Dầu, Cảo Lọc Dầu 3 Chấu - Chân Dẹt"
"Cảo chữ C  1""/25mm Asaki AK-6259"
Kẹp lò xo - Kẹp gỗ chữ A
Cảo 3 Chấu - Loại 1 Tốt
" Cảo vỏ bạc Piston 4"" "
"Vam Cảo Thủy Lực ABG ZYL-05, Vam 3 Càng Loại 5 Tấn Dùng Mở Vòng Bi và Pít Tông - Hàng Chính Hãng"
"Cảo vỏ bạc Piston 3"" "
"Bộ Cảo Bạc Đạn Chữ H Từ 8mm-25mm (Cảo Chữ H, Vam Cảo Bạc Đạn)"
Cảo Chữ G Tolsen 10113 - 4inch - Vàng
Cảo 3 chấu 6” ( 150 mm ) Asaki AK-1039
cảo 2 chấu 8''/200mm
Cảo 3 chấu 100mm DC50
Cảo 2 chấu 3” ( 75 mm ) Asaki AK-1032
Cảo kẹp gỗ - E tô bóp tay độ mở 760mm
"Cảo 3 Chấu 6"" - 2 Lỗ Century 15046-6"" (150mm)"
"Vam Tháo Lọc Dầu, Cảo Lọc Dầu 3 Chấu - Chân Tròn"
Cảo Kẹp Nhanh Độ Mở 103mm
Cảo 3 Chấu 4''/100mm
cảo 3 chấu 10''/250mm
Cảo Chữ F Tolsen 10156 - 120 x 1000 (mm)
Cảo xanh chữ C 3 inch 75mm
Cảo  kìm dây xích 160mm chính hãng C-MART F0008-09
Vam cảo chữ C thép đen cỡ 6 INCH
Cảo Chữ F Tolsen 10151
Bộ 2 Vam cảo gang chữ C 6 inch
cảo 3 chấu 8''/200mm
Cảo 2 Chấu Công Nghiêp Tolsen 65021 (4inch)
Cảo Chữ F Tolsen 10161 - 50 x 150 (mm)
"COMBO 4 VAM CHỮ G CỠ 2"""
"Cảo chữ C 3""/75mm Asaki AK-6262"
"Vam Tháo Lọc Dầu, Cảo Lọc Dầu 3 Chấu"
CẢO CHỮ C - VAM CẢO THÉP ĐEN CỠ 3 INCH
"Cảo kẹp nhanh Eclipse – EOHBC6 Handed Bar Clamps, Spreaders"
"Kẹp lò xo 2"" 2 chiếc"
Cảo chữ C thép đen cỡ 5 inch
 Cảo ba chấu 75mm/3″ B0041-03
Vam Cảo 3 Càng  4 Inch A1038
Cảo chữ F 80x300mm INGCO HFC020802
"COMBO 2 CẢO CHỮ C 4"" BẰNG THÉP DẦY 4.8MM"
Cảo xanh chữ C  2 inch 50mm
Cảo kẹp nhanh các cỡ
Cảo chữ F 50x200mm INGCO HFC020502
cảo 2 chấu 6''/150mm
Cảo kẹp nhanh cỡ lớn độ mở 255mm
Cảo thủy lực bơm rời 10 tấn độ mở max 250 mm HHL-10F (with hand pump HHB-700)
Cảo 2 chấu total THTGP246
Cảo Chữ F Cán Gỗ Tolsen - Đen
Cảo thủy lực 10 tấn độ mở max 250 mm HHL-10
 CẢO 2 CHẤU 3''/75MM
Cảo thủy lực bơm rời 5 tấn độ mở max 200 mm HHL-5F (with hand pump HHB-700C)
Cảo chữ C 10 inh màu đen
Cảo Chữ F Tolsen 10163 - 50 x 250 (mm)
Cảo thủy lực 20 tấn độ mở max 350 mm HHL-20
Cảo 3 Chấu Tolsen 65033 - 8inch
VAM CẢO CHỮ C 5 Inch KẸP MAX 130mm
Cảo thủy lực bơm rời 20 tấn độ mở max 350mm HHL-20F (with hand pump HHB-700)
Cảo thủy lực 50 tấn DPUL-50
Cảo 2 chấu (3 inch) Total THTGP236
"Vam Cảo Thủy Lực ABG YL-10,  Vam 3 Càng Lực Kéo Tối Đa 10 Tấn, Cảo Thủy Lực 3 Chấu Tự Định Tâm Dùng mở Vòng Bi Và Bánh Răng - Hàng Chính Hãng"
Cảo 3 chấu 200mm DC52
Cảo chữ C 12 inch thép đen 
Cảo tăng đơ (hai chấu ngang) 4#(200×150) B0045-04
 Eto bóp tay cỡ 24 độ mở 600mm
"Vam chữ G cỡ 12"""
Cảo ba chấu 200mm/8″ B0041-08
Cảo kẹp nhanh độ mở 203mm
"Cảo dây đa năng kẹp góc tam giác, tứ giác dài 4m"
 Cảo tăng đơ (hai chấu ngang) 1#(80×100) B0045-01
Cảo kẹp nhanh cỡ lớn độ mở 310mm
Cảo Chữ G Tolsen - Vàng
Cảo Xanh Chữ C 5''/125mm
"Cảo 2 Chấu (Công Nghiệp) Tolsen 65022 (6"")"
"Cảo 3 Chấu Tolsen 65013 (8"")"
VAM CẢO CHỮ C 4 Inch KẸP MAX 100MM
Cảo F nguyên khối Eclipse EC-GS10
Cảo Xanh Chữ C Berrylion 052101006 - Xanh Lá (150mm)
Cảo 3 chấu (4inch) Total THTGP346
"Cảo 3 Chấu (Công Nghiệp) Tolsen 65030 (3"")"
Cảo chữ F 50x150mm INGCO HFC020501
Cảo Chữ F Tolsen 10189 - 120 x 300 (mm)
"Cảo chữ F 12"" Eclipse EC-PJC12"
VAM CẢO CHỮ C 3 KẸP MAX 85MM
Bộ 4 cảo chữ C 5 inch màu đen
"Vam Cảo Thủy Lực ABG YL-5,  Vam 3 Càng Lực Kéo Tối Đa 5 Tấn, Cảo Thủy Lực 3 Chấu Tự Định Tâm Dùng mở Vòng Bi Và Bánh Răng - Hàng Chính Hãng"
Cảo ba chấu 300mm/12″ B0041-12
Cảo 3  chấu 400mm DC56
"Vam Cảo 3 Càng Đa Năng Tháo Vòng Bi, Bánh Răng"
"Vam Cảo 2 Càng Đa Năng Tháo Vòng Bi, Bánh Răng"
Combo 4 Cảo Vam Chữ C 5 Inch Kẹp Max 130mm
Cảo Tháo Mắt Sên Xe Gắn Máy Cao Cấp Century 160512-DC
Cảo 3 Chấu 6''/150mm
"Vam Cảo 2 Càng Đa Năng Tháo Vòng Bi, Bánh Răng Tháo Lắp Linh Hoạt"
"Bộ cảo bạc đạn, cảo vòng bi 8 món"
Cảo Mắt Sên Cam Xe Gắn Máy Century LS906008
Vam cảo kẹp nhanh chữ G 2 Inch
Cảo Chữ C Asaki AK-6260 2''/50mm
"Vam Tháo Lọc Dầu, Cảo Lọc Dầu 3 Chấu - Chân Dẹt"
"Cảo chữ C  1""/25mm Asaki AK-6259"
Kẹp lò xo - Kẹp gỗ chữ A
Cảo 3 Chấu - Loại 1 Tốt
" Cảo vỏ bạc Piston 4"" "
"Vam Cảo Thủy Lực ABG ZYL-05, Vam 3 Càng Loại 5 Tấn Dùng Mở Vòng Bi và Pít Tông - Hàng Chính Hãng"
"Cảo vỏ bạc Piston 3"" "
"Bộ Cảo Bạc Đạn Chữ H Từ 8mm-25mm (Cảo Chữ H, Vam Cảo Bạc Đạn)"
Cảo Chữ G Tolsen 10113 - 4inch - Vàng
Cảo 3 chấu 6” ( 150 mm ) Asaki AK-1039
cảo 2 chấu 8''/200mm
Cảo 3 chấu 100mm DC50
Cảo 2 chấu 3” ( 75 mm ) Asaki AK-1032
Cảo kẹp gỗ - E tô bóp tay độ mở 760mm
"Cảo 3 Chấu 6"" - 2 Lỗ Century 15046-6"" (150mm)"
"Vam Tháo Lọc Dầu, Cảo Lọc Dầu 3 Chấu - Chân Tròn"
Cảo Kẹp Nhanh Độ Mở 103mm
Cảo 3 Chấu 4''/100mm
cảo 3 chấu 10''/250mm
Cảo Chữ F Tolsen 10156 - 120 x 1000 (mm)
Cảo xanh chữ C 3 inch 75mm
Cảo  kìm dây xích 160mm chính hãng C-MART F0008-09
Vam cảo chữ C thép đen cỡ 6 INCH
Cảo Chữ F Tolsen 10151
Bộ 2 Vam cảo gang chữ C 6 inch
cảo 3 chấu 8''/200mm
Cảo 2 Chấu Công Nghiêp Tolsen 65021 (4inch)
Cảo Chữ F Tolsen 10161 - 50 x 150 (mm)
"COMBO 4 VAM CHỮ G CỠ 2"""
"Cảo chữ C 3""/75mm Asaki AK-6262"
"Vam Tháo Lọc Dầu, Cảo Lọc Dầu 3 Chấu"
CẢO CHỮ C - VAM CẢO THÉP ĐEN CỠ 3 INCH
"Cảo kẹp nhanh Eclipse – EOHBC6 Handed Bar Clamps, Spreaders"
"Kẹp lò xo 2"" 2 chiếc"
Cảo chữ C thép đen cỡ 5 inch
 Cảo ba chấu 75mm/3″ B0041-03
Vam Cảo 3 Càng  4 Inch A1038
Cảo chữ F 80x300mm INGCO HFC020802
