"Sen Đá Ruby Đỏ - 7x7x15 Cm - Cây Mini Để Bàn & Chậu Gốm Sứ Bát Tràng Trồng Cây Sen Đá, Xương Rồng, Tiểu cảnh Terrarium - Dáng Trôn Ốc"
Cây Kim Tiền để bàn
Cây Lưỡi Hổ Thái để bàn
Cây Vạn Niên Thanh thủy sinh để bàn
Cây Ngũ Gia Bì để bàn
Cây Kim Ngân 3 thân để bàn
Cây Tùng Bồng Lai để bàn
Bộ 4 cây sen đá kim cương 4 màu
Chậu Cây Đuôi Công Tím
"Cây Kim Phát Tài mini để bàn (cây Kim Tiền) (Cây, chậu gốm & đĩa lót)"
Cây Lưỡi Hổ Ta để bàn
Chậu thuỷ tinh cỏ đồng tiền thuỷ canh tặng kèm đá trang trí 
"Cây Sen Đá Móng Rồng- 7x7x15 Cm - Chậu Đa Diện - Gốm Sứ Bát Tràng - Cây Mini Để Bàn & Chậu Trồng Cây Sen Đá, Xương Rồng, Tiểu cảnh Terrarium"
Chậu đất nung cây Sen Đá  nâu tặng kèm đá trang trí 
Cây Kim Ngân tam lộc để bàn
Cây Lưỡi Hổ Vàng mini để bàn
Cây tùng xà bonsai
Cây Lan Ý Thủy Sinh
"Combo: cây Tùng Bồng Lai, bình tưới cây"
"Combo: cây Lưỡi Hổ Thái, bình tưới"
"Cây Kim Tiền mini để bàn (cây Kim Phát Tài) (cây, chậu gốm, đĩa lót & phụ kiện trang trí) "
Chậu thuỷ tinh cây cỏ đồng tiền thuỷ canh chậu to
Cây Cau Tiểu Trâm để bàn
Chậu thuỷ tinh cây trầu bà Nam Mỹ thuỷ canh
Cây Kim Ngân 3 thân để bàn (cây & chậu nhựa)
"Bộ 2 Cây Mini Để Bàn - 8x8x20 Cm - Cây Lưỡi Hổ, Xương Rồng Thiên Trụ & Chậu Trồng Cây Gốm Sứ Bát Tràng - Dáng Nón Cụt"
Cây Kim Ngân xoắn để bàn
Chậu thuỷ tinh cây trầu bà xanh thuỷ canh tặng kèm đá trang trí
Cây trầu bà đế vương đỏ mẫu mới thủy sinh để bàn
Chậu sứ cây Tùng Bồng Lai tặng kèm đá trang trí 
Cây Trúc Phát Tài để bàn
Chậu Cây Trúc Phú Quý Thủy Sinh
"Cây Cẩm Nhung - 6x6x8 Cm - Lá Mầu Đỏ Viền Xanh - Tán Thấp - Cây Mini Để Bàn & Chậu Gốm Sứ Bát Tràng Trồng Cây Fittonia (May Mắn), Sen Đá, Xương Rồng, Tiểu Cảnh Terrarium - Chậu Lục Giác Đen"
Chậu sứ cây Phú Quý tặng kèm đá trang trí 
Cây Lan Ý thủy sinh để bàn
Cây Xương Rồng Thanh Sơn - 7x7x20 Cm - Chậu Cây Mini Để Bàn - Chậu Sứ Trồng Cây Dáng Quả Trứng – Cây Xương Rồng Mini Thật
Chậu sứ cây Ngũ Gia Bì tặng kèm đá trang trí 
Cây Bàng Singapore để bàn
Cây Lưỡi Hổ lùn để bàn
"Cây Cẩm Nhung - 6x6x8 Cm - Lá Mầu Xanh Sọc Trắng - Tán Cao - Cây Mini Để Bàn & Chậu Gốm Sứ Bát Tràng Trồng Cây Fittonia (May Mắn), Sen Đá, Xương Rồng, Tiểu Cảnh Terrarium - Chậu Lục Giác Trắng"
Cây Đuôi Công xanh sọc trắng để bàn
Chậu thuỷ tinh cây 3 cây Phát Tài Búp Sen tặng kèm đá trang trí 
Chậu cây phát tài phú quý 4 tầng 
Cây Lan Ý Thủy Sinh
Cây Lan Ý Chậu Sứ Tròn
Chậu sứ cây Kim Tiền tặng kèm đá trang trí 
Chậu cây Trường Sinh xanh để bàn tặng kèm đá trang trí 
Cây để bàn Lưỡi Hổ
Chậu sứ cây Ngọc Ngân tặng kèm đá trang trí
Chậu Cây Kim Tiền
Cây Lưỡi Hổ Thái để bàn (Cây & chậu nhựa)
Cây Kim Ngân để bàn
"Combo: cây Kim Tiền, bình tưới cây"
Combo 10 Chậu Sen Đá Đủ Loại
Cây Ngọc Ngân để bàn
Chậu Cây Kim Ngân 3 Gốc
Cây kim ngân mẫu mới so cute để bàn
Cây kim ngân so cute
Cây Ngũ Gia Bì Để Bàn Chậu Nhựa
"Cây Lưỡi Hổ Thái - 8x8x20 Cm - Cây Mini Để Bàn & Chậu Gốm Sứ Bát Tràng Trồng Cây Cẩm Nhung Fittonia, Sen Đá, Xương Rồng, Tiểu cảnh Terrarium - Dáng Nón Cụt – Mầu Trắng"
"Cây Cẩm Nhung - 6x6x8 Cm - Lá Mầu Xanh Viền Đỏ - Tán Thấp - Cây Mini Để Bàn & Chậu Gốm Sứ Bát Tràng Trồng Cây Fittonia (May Mắn), Sen Đá, Xương Rồng, Tiểu Cảnh Terrarium - Chậu Lục Giác Trắng"
Chậu Cây Cỏ Đồng Tiền Thủy Sinh
Cây để bàn Bàng Sing
Cây Xương Rồng Lông Thiên Nga - 7x7x20 Cm - Chậu Cây Mini Để Bàn - Chậu Sứ Trồng Cây Dáng Quả Trứng – Cây Xương Rồng Mini Thật
Chậu sứ cây xương rồng Thanh Sơn tặng kèm đá trang trí 
Cây Lưỡi Hổ để bàn
"Bộ 2 Cây Mini Để Bàn - 6x6x8 Cm - Cây Cẩm Nhung ( Fittonia, May Mắn) & Chậu Trồng Cây Gốm Sứ Bát Tràng - Dáng Chậu Lục Giác Đen & Trắng - Lá Xanh & Đỏ"
"Combo 3 cây Phát Lộc, Ngọc Ngân, Đuôi Công"
Cây Vạn Lộc để bàn
Chậu Cây Ngọc Ngân Thủy Sinh
Chậu sứ cây đuôi công lá đỏ tặng kèm đá trang trí
Cây Trường Sinh
Cây trầu bà đế vương xanh thủy sinh
Chậu thuỷ tinh cây nha đam thuỷ canh tặng kèm đá trang trí 
Chậu Cây Trầu Bà Đế Vương Xanh
Chậu sứ cây Bạch Mã Hoảng Tử vàng tặng kèm đá trang trí 
Chậu sứ cây Ngọc Bích tặng kèm đá trang trí
Cây Vạn Lộc Thủy Sinh
Chậu Cây Trúc Phú Quý
Chậu cây phát tài phú quý 2 tầng 
Cây kim ngân bím thủy sinh
Chậu sứ cây xương rồng chùm tặng kèm đá trang trí
Chậu sứ cây lan quan tử để bàn tặng kèm đá trang trí 
"Sen Đá Phật Bà - 7x7x10 Cm - Cây Mini Để Bàn & Chậu Gốm Sứ Bát Tràng Trồng Cây Sen Đá, Xương Rồng, Tiểu cảnh Terrarium - Dáng Trụ - Mầu Trắng"
Cây Tùng Bồng Lai chậu nhựa
"Bộ 2 Cây Mini - 9x9x15 Cm - Chậu Dáng Trôn Ốc - Gốm Sứ Bát Tràng - Sen Đá Hồng Phấn, Xương Rồng Thanh Sơn & Chậu Trồng Cây Gốm Sứ"
cây lưỡi hổ thủy sinh mẫu mới
"Bộ 2 Cây Mini Để Bàn - 09x09x09 Cm – Sen Đá Viền Hồng, Sen Đá Móng Rồng & Chậu Trồng Cây Gốm Sứ Bát Tràng"
Cây hồng môn chậu trắng
"Bộ 2 Cây Mini Để Bàn - 07x07x10 Cm - Cây Cẩm Nhung, Sen Đá Móng Rồng & Chậu Trồng Cây Gốm Sứ Bát Tràng - Dáng Chum"
"Chậu kim tiền để bàn trang trí nhà cửa, văn phòng"
Cây Ngũ Gia Bì Chậu Đen
"Sen Đá Tim Lá Dài - 7x7x15 Cm - Cây Mini Để Bàn & Chậu Gốm Sứ Bát Tràng Trồng Cây Sen Đá, Xương Rồng, Tiểu cảnh Terrarium - Dáng Trôn Ốc"
"Cây Sen Đá Chuỗi Ngọc Đứng - 10x10x10 Cm - Chậu Dáng Bán Cầu - Gốm Sứ Bát Tràng - Mầu Hồng - Cây Mini Để Bàn & Chậu Trồng Cây Sen Đá, Xương Rồng, Tiểu cảnh Terrarium"
"Sen Đá Đô La Trắng - 7x7x15 Cm - Cây Mini Để Bàn & Chậu Gốm Sứ Bát Tràng Trồng Cây Sen Đá, Xương Rồng, Tiểu cảnh Terrarium - Dáng Trôn Ốc"
Cây kim ngân mẫu 15
Cây kim tiền để bàn - 25x25x30cm - chậu tròn bát tràng
Chậu treo cây may mắn hình trái tim
"Bộ 2 Cây Mini Để Bàn - 10x10x10 Cm - Cây Sen Đá Chuỗi Ngọc Đứng, Sen Đá Móng Rồng & Chậu Trồng Cây Gốm Sứ Bát Tràng - Dáng Bán Cầu"
Cây Cau Tiểu Trâm Chậu Nhựa
Chậu sứ cây Vạn Lộc tặng kèm đá trang trí
"Combo: cây Kim Tiền, cây Lưỡi Hổ, bình tưới cây"
Bộ 2 Cây Mini Để Bàn - 7x7x15 cm - Sen Đá Ruby Đỏ & Sen Đá Tim Lá Dài & Chậu Trồng Cây Gốm Sứ Bát Tràng - Dáng Trôn Ốc
Chậu Cây Ngọc Ngân
Cây trạng nguyên 
Cây bàng chậu nhựa
Chậu sứ cây hạnh phúc tặng kèm đá trang trí 
Chậu vạn lộc 
Chậu sứ cây Kim Ngân 3 thân tặng kèm đá trang trí 
Chậu phát tài phú quý 7 tầng 
"Bộ 2 Cây Mini Để Bàn - 6x6x8 Cm - Cây Cẩm Nhung ( Fittonia, May Mắn) & Chậu Trồng Cây Gốm Sứ Bát Tràng - Dáng Lục Giác Hồng - Lá Xanh & Đỏ"
"Combo: cây Lưỡi Hổ Vàng, bình tưới"
Chậu sứ cây hồng môn đỏ tặng kèm đá trang trí 
Chậu sứ cây Sen Đá tặng kèm đá trang trí 
Cây hương thảo để bàn vườn xanh 24h
Cây Kim Tiền để bàn
Chậu Cây Mạ Non
Cây đuôi công xanh mẫu 5
Chậu Cây Nhất Mạt Hương
Cây trường sinh để bàn
"Combo: cây Kim Ngân thắt bím, bình tưới"
cây Kim Ngân bính mini để bàn
Cây Phú Quý
Chậu sứ cây tùng Nhật tặng kèm đá trang trí
Cây hương thảo
Bộ 4 Cây Xương Rồng Thanh Sơn - 7x7x20 Cm - Chậu Cây Mini Để Bàn - Chậu Sứ Trồng Cây Dáng Quả Trứng – Cây Xương Rồng Mini Thật
Cây Kim Tiền Để Bàn Chậu Nhựa
"Bộ 2 Cây Mini Để Bàn - 8x8x20 Cm - Cây Lưỡi Hổ, Cẩm Nhung Fittonnia & Chậu Trồng Cây Gốm Sứ Bát Tràng - Dáng Nón Cụt"
Chậu Cây Kim Ngân Thủy Sinh
Cây Đuôi Công Xanh
Chậu trường sinh
"Cây Cẩm Nhung - 6x6x8 Cm - Lá Mầu Xanh Sọc Trắng - Tán Thấp - Cây Mini Để Bàn & Chậu Gốm Sứ Bát Tràng Trồng Cây Fittonia (May Mắn), Sen Đá, Xương Rồng, Tiểu Cảnh Terrarium - Chậu Lục Giác Trắng"
Cây Vạn Lộc để bàn
Cây bàng singapore mẫu 1
"Cây Cẩm Nhung - 8x8x15 Cm - Lá Mầu Xanh Sọc Trắng - Tán Cao - Cây Mini Để Bàn & Chậu Gốm Sứ Bát Tràng Trồng Cây Fittonia (May Mắn), Sen Đá, Xương Rồng, Tiểu Cảnh Terrarium - Chậu Nón Cụt – Mầu Be Đậm"
Cây oai hùng để bàn
Xương Rồng Thanh Sơn - Chậu Trung
Chậu Cây Hồng Môn
"Xương Rồng Thạch Trụ Thiên - 7x7x15 Cm - Cây Mini Để Bàn & Chậu Gốm Sứ Bát Tràng Trồng Cây Sen Đá, Xương Rồng, Terrarium - Dáng Quả Trứng"
Cây Phú Quý Để Bàn
Cây Kim Ngân Tình Yêu
Chậu treo cây Cẩm Cù đứng
Cây May Mắn Quả Cầu
Chậu sứ cây Nhất Mạc Hương tặng kèm đá trang trí 
Cây trường sinh
Chậu Cây Lưỡi Hổ Thái
Cây Phú Quý để bàn
Chậu sứ cây Sen Đá tặng kèm đá trang trí 
Bộ 2 Cây Xương Rồng - 7x7x20 Cm - Chậu Cây Mini Để Bàn - Chậu Sứ Trồng Cây Dáng Quả Trứng – Cây Xương Rồng Mini Thật - Xương Rồng Thanh Sơn & Xương Rồng Thạch Trụ Thiên
Chậu thuỷ tinh cây hồng môn thuỷ canh tặng kèm đá trang trí 
Chậu sứ cây Trầu Bà Bông tặng kèm đá trang trí
Cây Nhất Mạt Hương Chậu Men Hồng
Chậu Cây Tùng Bồng Lai Thân Già
Cây lan tim vổ ốc
Cây kim ngân mẫu 10
Combo Xương Rồng Thanh Sơn Và Lá May Mắn - Mẫu 02
Chậu Cây Tùng Thơm
"Cây Xương Rồng Thanh Sơn - 9x9x15 Cm - Chậu Dáng Trôn Ốc - Gốm Sứ Bát Tràng - Cây Mini Để Bàn & Chậu Trồng Cây Sen Đá, Xương Rồng, Tiểu cảnh Terrarium"
Cây Sen Đá kim cương màu tím tặng kèm đất trồng 
Cây phú quý
Cây sen đá Kim Cương màu xanh dương tặng kèm đất trồng
Cây Phát Lộc
Cây địa cầu may mắn vườn xanh
Chậu Cây Trường Sinh
Cây Kim Tiền (Kim Phát Tài) Chậu Sứ Để Bàn Tặng Kèm Sỏi Trang Trí 
Cây tần ấn độ nhỏ
Chậu sứ thuyền Xương rồng lớn 
Phát Lộc
Chậu Cây Phát Tài Như Ý (Thiết Mộc Lan)
Chậu sứ cây dương xỉ khổng tước tặng kèm đá trang trí 
Cây kim ngân mẫu 6
Chậu treo cây thường xuân xanh 
Bộ 2 Cây Mini Để Bàn - 7x7x15 cm - Sen Đá Phật Bà & Sen Đá Tim Lá Dài & Chậu Trồng Cây Gốm Sứ Bát Tràng - Dáng Trôn Ốc
Cây ngũ gia bì so cute
Cây Kim Tiền Chậu Sứ Để Bàn Tặng Kèm Sỏi Trang Trí
Cây Kim Ngân
cây đuôi công chậu xanh
"Sen Đá Hàm Cá Mập - 7x7x15 Cm - Cây Mini Để Bàn & Chậu Gốm Sứ Bát Tràng Trồng Cây Sen Đá, Xương Rồng, Tiểu cảnh Terrarium - Dáng Trôn Ốc"
"Cây Cẩm Nhung Lá Đỏ - 07x07x10 Cm - Chậu Dáng Cầu - Gốm Sứ Bát Tràng - Cây Mini Để Bàn & Chậu Trồng Cây Sen Đá, Xương Rồng, Tiểu cảnh Terrarium"
Chậu sứ cây Hương Thảo  tặng kèm đá trang trí 
"Cây Sen Đá Viền Hồng- 9x9x9 Cm - Chậu Dáng Kiềng - Gốm Sứ Bát Tràng - Cây Mini Để Bàn & Chậu Trồng Cây Sen Đá, Xương Rồng, Tiểu cảnh Terrarium"
Cây kim ngân để bàn
Chậu sứ cây Si thân Sâm tặng kèm đá trang trí 
Chậu sứ cây Kim Ngân nơ tặng kèm đá trang trí 
Chậu sứ cây quả cầu may mắn 
Chậu Cây Lan Ý
Chậu sứ cây Lưỡi Hổ Hoàng Kim tặng kèm đá trang trí 
Cây trúc phú quý thủy sinh để bàn
Cây may mắn quả địa cầu mẫu mới
Cây Lưỡi Hổ Thủy Sinh Để Bàn Tặng Kèm Sỏi Trang Trí
Chậu sứ cây Phát Tài tặng kèm đá trang trí 
Chậu sứ cây Sen Đá tặng kèm đá trang trí 
Cây kim ngân chậu ông địa
Chậu Cây Vạn Niên Tùng Mini
Cây Lưỡi Hổ Chậu Nhựa
Tùng La Hán
"Cây Cẩm Nhung - 6x6x8 Cm - Lá Mầu Xanh Viền Đỏ - Tán Thấp - Cây Mini Để Bàn & Chậu Gốm Sứ Bát Tràng Trồng Cây Fittonia (May Mắn), Sen Đá, Xương Rồng, Tiểu Cảnh Terrarium - Chậu Lục Giác Hồng"
Cây Bàng Sing Chậu Sứ Để Bàn Tặng Kèm Sỏi Trang Trí
Chậu Cây Bàng Singapore
Cây trầu bà đế vương xanh trồng thủy sinh
Chậu sứ cây Sen Đá tặng kèm đá trang trí 
Cây sen đá kim cương màu xanh lá tặng kèm đất trồng 
Chậu sứ cây Phong Lộc Hoa tặng kèm đá trang trí 
Chậu sứ cây xương rồng chùm tặng kèm đá trang trí 
"Combo: cây Kim Tiền, cây Kim Ngân, cây Lưỡi Hổ, bình tưới cây"
Cây Kim Ngân Chậu Xanh
Cây Kim Tiền mini để bàn (cây Kim Phát Tài) (cây chậu nhựa)
Chậu sứ cây Sen Đá tặng kèm đá trang trí 
Cây kim ngân mẫu 12
Cây Phú Quý ( Thịnh Vượng) Lá Đỏ Để Bàn Chậu Nhựa
Cây Kim Tiền  Chậu Sứ Để Bàn Tặng Kèm Sỏi Trang Trí
Cây trái tim mai mắn chậu trắng để bàn
Cây Bạch Mã Hoàng Tử Và Chậu
Cây Hương Thảo
Chậu sứ cây Hồng Phát Lộc tặng kèm đá trang trí 
Cây nhất mạc hương
Chậu sứ cây Đuôi Công Táo xanh tặng kèm đá trang trí 
Chậu thuỷ tinh cây trầu thái bà vàng thuỷ canh 
Ngũ gia bì chậu nhỏ
Sen đá mẫu 7
Cây Ngọc Ngân Chậu Sứ Để Bàn Tặng Kèm Sỏi Trang Trí
Cây sen đá Kim Cương màu đỏ tặng kèm đất trồng 
Cây hồng môn mẫu mới
Cây tùng lu vàng để bàn
Cây vạn lộc thủy sinh
"Bộ 2 Cây Mini Để Bàn - 6x6x8 Cm - Cây Cẩm Nhung ( Fittonia, May Mắn) & Chậu Trồng Cây Gốm Sứ Bát Tràng - Dáng Lục Giác - Lá Xanh Sọc Trắng"
Cây để bàn trang đỏ
Cây Kim Ngân Thủy Sinh
Cây cọ để bàn
Cây kim ngân bím nhỏ để bàn
Chậu Cây Thủy Tùng
Cây lưỡi hổ thủy sinh
Cây kim ngân mẫu 1
Cây Kim Ngân Uốn
"Cây Sen Đá Hồng Phấn- 9x9x12 Cm - Chậu Dáng Trôn Ốc - Gốm Sứ Bát Tràng - Cây Mini Để Bàn & Chậu Trồng Cây Sen Đá, Xương Rồng, Tiểu cảnh Terrarium"
Cây Lan Ý Mini Chậu  Sứ Để Bàn Tặng Kèm Sỏi Trang Trí
Cây ngọc ngân thủy sinh để bàn
Chậu Cây Vạn Lộc Thủy Sinh
Cây Kim Tiền- Cây Kim Phát Tài- May Mắn Tài Lộc Chậu Sứ Để Bàn Tặng Kèm Sỏi Trang Trí
Cây ngũ gia bì để bàn
"Combo: cây Kim Tiền, cây Kim Ngân, bình tưới cây"
Cây trầu bà đế vương đỏ
Chậu thuỷ tinh cây ngũ gia bì tặng kèm đá trang trí 
"Xương Rồng Bông Gòn - 7x7x15 Cm - Cây Mini Để Bàn & Chậu Gốm Sứ Bát Tràng Trồng Cây Sen Đá, Xương Rồng, Tiểu Cảnh Terrarium - Dáng Trôn Ốc"
Cây phú quý lá viền đỏ thủy sinh
Sen đá mix chậu mẫu 1
Chậu đất nung cây  Sen Đá tặng kèm đá trang trí 
Móng Rồng Sao Biển Trân Châu Chậu To
Chậu sứ cây Bạch Mã Hoàng Tử tặng kèm đá trang trí 
Cây Kim Ngân bính mini để bàn (Cây & chậu nhựa)
Cây cọ trồng thủy sinh
Sen đá mix chậu mẫu 2
Cây lưỡi hổ thủy sinh
"Sen Đá Móng Rồng - 8x8x20 Cm - Cây Mini Để Bàn & Chậu Gốm Sứ Bát Tràng Trồng Cây Cẩm Nhung Fittonia, Xương Rồng, Tiểu cảnh Terrarium - Dáng Nón Cụt – Mầu Vàng Chanh"
"Xương Rồng Astro - 7x7x15 Cm - Cây Mini Để Bàn & Chậu Gốm Sứ Bát Tràng Trồng Cây Sen Đá, Xương Rồng, Tiểu cảnh Terrarium - Dáng Trụ - Mầu Vàng Chanh"
Cây để bàn cỏ nhện
"Cây Cẩm Nhung Lá Đỏ - 07x07x10 Cm - Chậu Dáng Chum - Gốm Sứ Bát Tràng - Cây Mini Để Bàn & Chậu Trồng Cây Sen Đá, Xương Rồng, Tiểu cảnh Terrarium"
Cây mai mắn quả địa cầu mẫu mới vườn xanh 24h
Combo Xương Rồng Thanh Sơn Và Cây Lá Tròn
Đinh Lăng Lá Nhỏ (Đinh Lăng Nếp) Chậu Nhựa
"Bộ 2 Cây Mini - 9x9x15 Cm - Chậu Dáng Trôn Ốc - Gốm Sứ Bát Tràng - Sen Đá Hồng Phấn, Xương Rồng Trứng Chim Cút & Chậu Trồng Cây Gốm Sứ"
"Xương Rồng Mới - 7x7x15 Cm - Cây Mini Để Bàn & Chậu Gốm Sứ Bát Tràng Trồng Cây Sen Đá, Xương Rồng, Tiểu cảnh Terrarium - Dáng Trụ - Mầu Trắng"
Chậu thuỷ tinh cây trầu bà sữa thuỷ canh tặng kèm đá trang trí 
Cây Đế Vương Xanh  Chậu Sứ Để Bàn Tặng Kèm Sỏi Trang Trí
Xương Rồng Thanh Sơn
Cây ngọc ngân thủy sinh
Chậu sứ 3 cây phong lộc hoa tặng kèm đá trang trí 
Cây kim ngân
Cây tuyết tùng
Trúc phú quý để bàn
Cây Hạnh Phúc
Cây phú quý thủy sinh
Cây lan ý vườn xanh
Cây Thủy Tùng
Chậu Hoa Sống Đời Kép  Để Bàn  Đủ Màu Sắc Lựa Chọn
"Cây Sen Đá Phật Bà - 10x10x10 Cm - Dáng Bán Cầu - Mầu Xanh Biển - Cây Mini Để Bàn & Chậu Gốm Sứ Bát Tràng Trồng Cây Sen Đá, Xương Rồng, Tiểu cảnh Terrarium"
Chậu Cây Bàng Mini
Chậu Cây Dứa Cảnh Nến
Chậu hoa hồng để bàn
Sen Đá Ngọc Bích
Chậu sứ cây Tùng Bách tặng kèm đá trang trí 
Cây Bàng mini để bàn (Cây & chậu nhựa)
Cây Kim Ngân
Combo Xương Rồng Bụi Và Cây Lá May Mắn
Cây lan ý mẫu 12
Chậu cây tùng
Cây lan quân tử
Chậu thuỷ tinh cây phát tài phú quý 3 tầng 
Cây Hồng Môn
Cây Kim Tiền - Mẫu 01
Cây kim ngân thắt bím để bàn
Chậu Cây Lưỡi Hỗ
Cây bàng sing so cute
Cây Hồng Lộc
Chậu Cây Cau Tiểu Trâm Mini
Chậu Cây Hoa Cúc Vàng Để Bàn
Chậu đất nung cây Xương Rồng nhện
Chậu Cây Lưỡi Hổ Cây Cảnh Trang Trí Bàn Làm Việc - Chậu Vẽ Cải Thiện Không Khí -Dễ Chăm Sóc
Cây Kim Ngân 1 Củ
Trầu bà đế vương đỏ
Chậu sứ cây Đuôi Công Tím tặng kèm đá trang trí 
Cây Thanh Tâm thủy sinh
Chậu cây Vạn Lộc Lá Hồng
Chậu sứ hình trái tim cây may mắn 
Cây Cẩm Nhung Chậu Sứ Để Bàn Tặng Kèm Sỏi Thủy Tinh
Cây phú quý mẫu trồng thủy sinh
Chậu Cây Sen Đá Ngọc Bích
Vạn niên tùng chậu hồng để bàn
Cây sen đá chậu men size trung
Đuôi phụng xanh
Bộ 2 Cây Mini Để Bàn - 7x7x15 cm - Sen Đá Đô La Trắng & Sen Đá Hàm Cá Mập & Chậu Trồng Cây Gốm Sứ Bát Tràng - Dáng Trôn Ốc
Chậu thuỷ tinh cậy lan ý thuỷ anh tặng kèm đá trang trí
"Cây Sen Đá Móng Rồng - 10x10x10 Cm - Dáng Bán Cầu - Mầu Vàng - Cây Mini Để Bàn & Chậu Gốm Sứ Bát Tràng Trồng Cây Sen Đá, Xương Rồng, Tiểu cảnh Terrarium"
Cây Kim Ngân Xoắn Chậu Sứ Để Bàn Tặng Kèm Sỏi Trang Trí
Cây lưỡi hổ thủy sinh vườn xanh 24h
"Terrarium, tiểu cảnh sen đá & xương rồng mẫu 002"
Cây  quả cầu May Mắn hình trái tím 
Cây Kim Ngân Chậu Trắng Tròn
"Cây Cẩm Nhung - 10x10x10 Cm - Lá Mầu Trắng - Chậu Dáng Bán Cầu - Gốm Sứ Bát Tràng - Cây Mini Để Bàn & Chậu Trồng Cây Sen Đá, Xương Rồng, Tiểu cảnh Terrarium"
Cây thủy sinh trầu bà
Chậu Cây Nha Đam
Cây Hồng Môn
"Bộ 2 Cây Mini Để Bàn - 07x07x10 Cm - Cây Cẩm Nhung, Sen Đá Móng Rồng & Chậu Trồng Cây Gốm Sứ Bát Tràng"
Cây để bàn vạn lộc
Cây lưỡi hổ
Cây Phát Tài Nhỏ
Chậu thuỷ tinh cây phát tài phú quý 7 tầng
Cây Lưỡi Hổ Chậu Trắng
Combo Móng Rồng Và Lá May Mắn
"Cây Cẩm Nhung - 6x6x8 Cm - Lá Mầu Xanh Sọc Trắng - Tán Thấp - Cây Mini Để Bàn & Chậu Gốm Sứ Bát Tràng Trồng Cây Fittonia (May Mắn), Sen Đá, Xương Rồng, Tiểu Cảnh Terrarium - Chậu Lục Giác Hồng"
Cây bút chì (cây xương khô)
Cây cau để bàn trang trí
Cây Lan Ý Chậu Nhựa
Đồng Tiền Lùn - Cây Cảnh
Cây Vạn Lộc- Cây Thiên Phú Chậu Sứ Để Bàn Tặng Kèm Sỏi Trang Trí
Cây Trầu Bà Đế Vương để bàn
"Sen Đá Ruby Đỏ - 7x7x15 Cm - Cây Mini Để Bàn & Chậu Gốm Sứ Bát Tràng Trồng Cây Sen Đá, Xương Rồng, Tiểu cảnh Terrarium - Dáng Trôn Ốc"
Cây Kim Tiền để bàn
Cây Lưỡi Hổ Thái để bàn
Cây Vạn Niên Thanh thủy sinh để bàn
Cây Ngũ Gia Bì để bàn
Cây Kim Ngân 3 thân để bàn
Cây Tùng Bồng Lai để bàn
Bộ 4 cây sen đá kim cương 4 màu
Chậu Cây Đuôi Công Tím
"Cây Kim Phát Tài mini để bàn (cây Kim Tiền) (Cây, chậu gốm & đĩa lót)"
Cây Lưỡi Hổ Ta để bàn
Chậu thuỷ tinh cỏ đồng tiền thuỷ canh tặng kèm đá trang trí 
"Cây Sen Đá Móng Rồng- 7x7x15 Cm - Chậu Đa Diện - Gốm Sứ Bát Tràng - Cây Mini Để Bàn & Chậu Trồng Cây Sen Đá, Xương Rồng, Tiểu cảnh Terrarium"
Chậu đất nung cây Sen Đá  nâu tặng kèm đá trang trí 
Cây Kim Ngân tam lộc để bàn
Cây Lưỡi Hổ Vàng mini để bàn
Cây tùng xà bonsai
Cây Lan Ý Thủy Sinh
"Combo: cây Tùng Bồng Lai, bình tưới cây"
"Combo: cây Lưỡi Hổ Thái, bình tưới"
"Cây Kim Tiền mini để bàn (cây Kim Phát Tài) (cây, chậu gốm, đĩa lót & phụ kiện trang trí) "
Chậu thuỷ tinh cây cỏ đồng tiền thuỷ canh chậu to
Cây Cau Tiểu Trâm để bàn
Chậu thuỷ tinh cây trầu bà Nam Mỹ thuỷ canh
Cây Kim Ngân 3 thân để bàn (cây & chậu nhựa)
"Bộ 2 Cây Mini Để Bàn - 8x8x20 Cm - Cây Lưỡi Hổ, Xương Rồng Thiên Trụ & Chậu Trồng Cây Gốm Sứ Bát Tràng - Dáng Nón Cụt"
Cây Kim Ngân xoắn để bàn
Chậu thuỷ tinh cây trầu bà xanh thuỷ canh tặng kèm đá trang trí
Cây trầu bà đế vương đỏ mẫu mới thủy sinh để bàn
Chậu sứ cây Tùng Bồng Lai tặng kèm đá trang trí 
Cây Trúc Phát Tài để bàn
Chậu Cây Trúc Phú Quý Thủy Sinh
"Cây Cẩm Nhung - 6x6x8 Cm - Lá Mầu Đỏ Viền Xanh - Tán Thấp - Cây Mini Để Bàn & Chậu Gốm Sứ Bát Tràng Trồng Cây Fittonia (May Mắn), Sen Đá, Xương Rồng, Tiểu Cảnh Terrarium - Chậu Lục Giác Đen"
Chậu sứ cây Phú Quý tặng kèm đá trang trí 
Cây Lan Ý thủy sinh để bàn
Cây Xương Rồng Thanh Sơn - 7x7x20 Cm - Chậu Cây Mini Để Bàn - Chậu Sứ Trồng Cây Dáng Quả Trứng – Cây Xương Rồng Mini Thật
Chậu sứ cây Ngũ Gia Bì tặng kèm đá trang trí 
Cây Bàng Singapore để bàn
Cây Lưỡi Hổ lùn để bàn
"Cây Cẩm Nhung - 6x6x8 Cm - Lá Mầu Xanh Sọc Trắng - Tán Cao - Cây Mini Để Bàn & Chậu Gốm Sứ Bát Tràng Trồng Cây Fittonia (May Mắn), Sen Đá, Xương Rồng, Tiểu Cảnh Terrarium - Chậu Lục Giác Trắng"
Cây Đuôi Công xanh sọc trắng để bàn
Chậu thuỷ tinh cây 3 cây Phát Tài Búp Sen tặng kèm đá trang trí 
Chậu cây phát tài phú quý 4 tầng 
Cây Lan Ý Thủy Sinh
Cây Lan Ý Chậu Sứ Tròn
Chậu sứ cây Kim Tiền tặng kèm đá trang trí 
Chậu cây Trường Sinh xanh để bàn tặng kèm đá trang trí 
Cây để bàn Lưỡi Hổ
Lan Quân Tử
Cây trầu bà chậu
Vạn lộc 
Sen đá mẫu 1
Xương rồng bát tiên mẫu 1
Cây kim ngân mẫu 17
Cây Kim Tiền - Mẫu 03
Hoa hồng đỏ chậu trắng vườn xanh
"Chậu cau tiểu trâm để bàn trang trí nhà cửa, văn phòng"
Chậu sứ cây Xương Rồng chùm tặng kèm đá trang trí 
Cây Trầu Bà Chậu Sứ Tròn
Cây Lưỡi Hổ Thái - Mẫu 02
"Combo 2 cây Ngũ Gia Bì, Kim Ngân"
Chậu sứ cây trầu bà Thái vàng tặng kèm đá trang trí
Cây Lưỡi Hổ Thái Chậu Sứ Để Bàn Tặng Kèm Sỏi Trang Trí
Trúc phú quý
Cây xương rồng Tân thiên địa
Cây phú quý chậu thủy sinh
Cây sen đá và sao biển
Đuôi phụng
Chậu Cây Lan Quân Tử
"Bộ 2 Cây Mini Để Bàn - 8x8x20 Cm - Cây Cẩm Nhung Fittonnia, Xương Rồng Thiên Trụ & Chậu Trồng Cây Gốm Sứ Bát Tràng - Dáng Nón Cụt"
Chậu sứ cây bàn Singapore tặng kèm đá trang trí
Chậu Sen Đá Mini Giả Trang Trí Để Bàn Dễ Thương Quà Tặng Ý nghĩa Chậu Xi Măng Giả Đá
Cây kim ngân mẫu 9
Sen đá để bàn mẫu 2
Chậu sứ cây Thanh Tâm xanh tặng kèm đá trang trí 
Cây Vạn Lộc Cọ
Cây vạn lộc trong nước 
Cây trường sinh mẫu mới
Cây trầu bà đế vương để bàn vườn xanh 24h
Chậu sừ cây đuôi công tím tặng kèm đá trang trí
Cây đế vương đỏ mẫu 1
Vạn niên thanh lu xanh
Chậu sứ cây Trầu Bà Sữa tặng kèm đá trang trí
Chậu sứ cây Kim Ngân 1 thân tặng kèm đá trang trí 
Cây xương rồng Nanh heo nhỏ
Chậu vạn lộc
vạn niên tùng mẫu 1
Xương Rồng Lớn
Trầu bà đế vương xanh chậu vuông
Chậu sứ cây Phát Tài Nhật tặng kèm đá trang trí 
Sen đá để bàn mẫu 1
Cây Fittonia Xanh - Mẫu 03
Cây ngọc ngân trong nước
Cây kim ngân mẫu 21
Trúc Phú Quý
Cây kim ngân mẫu 12
Cây kim ngân và đôi lứa
Cây phú quý mẫu mới vườn xanh 24h
"Cây Đuôi Công Tím, Chậu Tròn"
Cây phú quý trong nước mẫu 2
Cây Đuôi Phụng
Chậu Cây Vạn Niên Thanh
Phát lộc chậu trắng
Chậu sứ cây lưỡi hổ Thái vàng tặng kèm đá trang trí
Chậu sứ cây Như Ý tặng kèm đá trang trí 
Chậu bàng singapore mẫu 4
"Combo 2 cây Ngũ Gia Bì, Cau Tiểu  Châm"
Ngọc Ngân
Chậu sứ cây Ngân Hậu Cao tặng kèm đá trang trí
"Cây Đuôi Công Tím, Chậu Vuông"
Dứa cảnh nến
Cây Fittonia Xanh - Mẫu 01
Cây phú quý lá viền đỏ
Chậu sứ cây Kim Ngân 3 thân tặng kèm đá trang trí
Sao Biển
cây lan ý mẫu 1
Cây thanh ngân
Cây trầu bà đế vương chậu trắng vườn xanh
Cây đa búp đỏ vườn xanh 24h
Cây ngũ gia bì 
Cây kim ngân mẫu 14
Cây phú quý mẫu lá viền đỏ
Chậu sứ cây Đuôi Công tím sọc trắng tặng kèm đá trang trí 
Thịnh Vượng
Combo 2 cây Ngũ Gia Bì và Cau Tiểu Châm
chậu kim ngân mẫu 2
Sen đá
Hộp cây mini để bàn carton
Cây Tùng Thơm Chậu Nhựa
Combo 3 Cây Lưỡi Hổ Kim Tiền Ngọc Ngân Chậu Sứ Để Bàn Tặng Kèm Sỏi Trang Trí
"Cây Cẩm Nhung - 6x6x8 Cm - Lá Xanh Sọc Trắng - Tán Cao - Cây Mini Để Bàn & Chậu Gốm Sứ Bát Tràng Trồng Cây Fittonia (May Mắn), Sen Đá, Xương Rồng, Tiểu Cảnh Terrarium - Chậu Trụ - Mầu Be Nhạt"
"Xương Rồng Astro Râu Dê - 7x7x15 Cm - Cây Mini Để Bàn & Chậu Gốm Sứ Bát Tràng Trồng Cây Sen Đá, Xương Rồng, Tiểu cảnh Terrarium - Dáng Trôn Ốc"
Chậu Cây Trầu Bà
Cây hoa hồng vàng vườn xanh
Cây sen đá
Chậu Cây Sơn Tùng
Cây tùng thơm - ông già noel 
Cây Lan Ý Thủy Sinh Để Bàn Tặng Kèm Sỏi Trang Trí
Chậu Hoa Lan Hồ Điệp Để Bàn 1 Cành Trắng Tặng Kèm Chậu Sứ - Hoa Tươi
Cây Lưỡi Hổ Chậu Đen
Chậu Cây Nha Đam Thủy Sinh
"Combo ba cây Hồng Môn, Phát Lộc, Kim Tiền"
Chậu sứ cây trầu bà xanh tặng kèm đá trang trí
Cây tùng thơm cho mùa noel
Cây sơn tùng noel
Cây Kim Tiền
Cây lưỡi hổ trang trí bàn làm việc
Chậu Hoa Hồng Đỏ Để Bàn So Cute
Cây nha đam
Trầu bà thủy sinh
"Cây Lưỡi Hổ Thái, Cây Lưỡi Hổ Vàng Chậu Sứ Để Bàn Tặng Kèm Sỏi Trang Tri"
Cây để bàn trrái tim may mắn
Chậu Sen đá
Cây lan quan tử để bàn
Sen đá mix chậu
Cây vạn niên thanh mẫu trồng thủy sinh
Cây hồng môn để bàn
Sen đá mix để bàn
Sen đá mix xương rồng bánh sinh nhật
Cây cỏ đồng tiền mẫu 1
Cây cẩm nhung lá đỏ để bàn
"Combo: cây Kim Ngân 3 thân, bình tưới"
Chậu Cây Thường Xuân
Cây Xương Rồng Trụ - 7x7x20 Cm - Chậu Cây Mini Để Bàn - Chậu Sứ Trồng Cây Dáng Quả Trứng – Cây Xương Rồng Mini Thật
"Bộ 2 Cây Mini - 9x9x15 Cm - Chậu Dáng Trôn Ốc - Gốm Sứ Bát Tràng - Cây Cẩm Nhung, Xương Rồng Thanh Sơn & Chậu Trồng Cây Gốm Sứ"
Chậu sứ cây xương rồng  Nhím tặng kèm đá trang trí 
Cây kim tiền để bàn vườn xanh 24h
Cây kim ngân để bàn
"Combo 3 cây Phát Lộc, Ngọc Ngân, Kim Ngân Xuắn"
Chậu Cây Cỏ Nhện
"Terrarium, tiểu cảnh sen đá & xương rồng mẫu 001"
Cây Kim Ngân Tam Lộc Chậu Sứ Để Bàn Tặng Kèm Sỏi Trang Trí
Cây Lưỡi Hổ Thái
Sen Móng Rồng
Sen đá mix chậu hoa mẫu 1
"Cây Cẩm Nhung Đỏ - 9x9x12 Cm - Chậu Dáng Trôn Ốc - Gốm Sứ Bát Tràng - Cây Mini Để Bàn & Chậu Trồng Cây Sen Đá, Xương Rồng, Tiểu cảnh Terrarium"
Cây kim ngân bím để bàn chậu xanh
Chậu sứ cây trúc đốm tặng kèm đá trang trí
"Sen Đá Móng Rồng - 7x7x15 Cm - Cây Mini Để Bàn & Chậu Gốm Sứ Bát Tràng Trồng Cây Sen Đá, Xương Rồng, Tiểu cảnh Terrarium - Dáng Trôn Ốc"
Cây phú quý để bàn thủy sinh
Chậu sứ cây Kim Tiền tặng kèm đá trang trí 
Chậu Cây Trúc Phát Lộc Dưa Hấu
Giỏ cây sơn tùng và ông già noel
Cây bướm đêm để bàn
Giỏ cây trạng nguyên gò vấp
"Combo ba cây Xương Rồng Khế Bụi, Phát Lộc, Xương Rồng Len Bụi"
"Combo hai cây Ngũ Gia Bì, Phát Lộc"
Cây Tài Lộc
Cây Ngũ Gia Bì Chậu Sứ Để Bàn Tặng Kèm Sỏi Trang Trí
Cây Trầu Bà Đế Vương để bàn
Chậu sứ cây Ngọc Ngân thuỷ canh tặng kèm đá trang trí 
Cây dứa cảnh nến để bàn
Chậu Cây Cọ
Cây Lưỡi Hổ Xanh
Chậu phát tài phú quý 5 tầng 
Cây bướm đêm để bàn
"Xương Rồng Mắc Áo - 8x8x20 Cm - Cây Mini Để Bàn & Chậu Gốm Sứ Bát Tràng Trồng Cây Cẩm Nhung Fittonia, Sen Đá, Terrarium - Dáng Nón Cụt"
Chậu Cây Phát Tài Thân Gỗ
Chậu Cây Trầu Bà Thủy Sinh
"Terrarium, tiểu cảnh sen đá & xương rồng mẫu 004"
Cây để bàn trúc phú quý
Chậu kim ngân để bàn
Chậu treo cây đô la hạt dưa
Chậu sứ cây giữ tiền tặng kèm đá trang trí
Cây Lưỡi Hổ
Phát Tài 5 Tầng Trong Nước
Chậu treo cây dương xỉ
Chậu thuỷ tinh cây phát tài phú quý 5 tầng 
Chậu thuỷ tinh cây phát tài phú phú 4 tầng
Cây Thường Xuân Chậu Sứ Tròn
Cây Hồng Môn
Cây trái tim may mắn 
Cây Kim Tiền Chậu Sứ Tròn Để Bàn Tặng Kèm Sỏi Trang Trí
"Chậu bàng sing để bàn trang trí nhà cửa, văn phòng"
Cây Cau tiểu trâm mẫu mới vườn xanh 24h
Cây đại phú gia
Cây kim giao để bàn
Sen đá mix chậu hoa mẫu 4
Chậu Cây Phú Quý
Chậu Cây Dương Sỉ
Chậu Cây Lưỡi Hổ Xanh
Cây Lan Ý
Xương Rồng Len Bụi
Cây cỏ nhện để bàn
Cây Vạn Niên Thanh Chậu Sứ Để Bàn Tặng Kèm Sỏi Trang Trí
Chậu treo đô la hạt dưa mini
Cây Lưỡi Hổ Chậu Sứ Để Bàn Tặng Kèm Sỏi Trang Trí
Chậu sứ 3 cây lưỡi hổ Thái tặng kèm đá trang trí 
Bộ 2 Cây Mini Để Bàn - 7x7x15 cm - Sen Đá Móng Rồng & Xương Rồng Astro & Chậu Trồng Cây Gốm Sứ Bát Tràng - Dáng Trôn Ốc
Chậu Cây Lan Ý
Cây xương rồng và đôi bạn trẻ
"Combo 2 cây Ngũ Gia Bì, Cây Hạt Dẻ"
Cây Ngọc Ngân
Kim Tiền
"Combo 3 cây Xương Rồng Khế Bụi, Móng Rồng, Sao Biển"
Cây trầu bà lá xẻ
Cây kim ngân mẫu 19
Combo Xương Rồng Thanh Sơn Và Lá May Mắn - Mẫu 01
"Combo: cây Bàng Sinapore, bình tưới"
Cây xương rồng 
Cây Trầu Bà Thái
"Bộ 2 Cây Mini Để Bàn - 10x10x10 Cm - Cây Cẩm Nhung, Sen Đá Móng Rồng & Chậu Trồng Cây Gốm Sứ Bát Tràng - Dáng Bán Cầu"
Chậu xương rồng bụi
Cây lưỡi hổ thái mẫu mới vườn xanh 24h
Cây bàng chậu nhỏ
Cây Đế Vương Xanh Chậu Sứ Để Bàn Tặng Kèm Sỏi Trang Trí Và Dĩa Lót
Cây để bàn cẩm nhung xanh
Cây ngũ gia bì để bàn
Cây tài lộc mẫu mới
Cây nha đam thủy sinh vườn xanh
Cây phát tài vườn xanh 24h
"Combo ba cây Xương Rồng Khế Bụi, Móng Rồng, Trầu Bà Đế Vương Vàng"
Chậu trầu bà bán thủy sinh để bàn
Cây kim ngân mẫu 5
"Combo ba cây Xương Rồng Khế Bụi, Phát Lộc, Vạn Niên Thanh Lá Đốm"
Trầu Bà Đế Vương Vàng Để Bàn Chậu Nhựa
Chậu Hồng Môn
Cây mai mắn quả địa cầu vườn xanh 24h
Bộ 2 Cây Mini Để Bàn - 7x7x15 cm - Xương Rồng Bông Gòn & Xương Rồng Thạch Trụ Thiên & Chậu Trồng Cây Gốm Sứ Bát Tràng - Dáng Trôn Ốc
Sen đá chậu men
Trầu bà lá xẻ
Cây sen đá vườn xanh 24h
Cây trầu bà nam mỹ 
Chậu thuyền lớn thuận bườm xuôi gió cây Trúc Phú Quý 
Sen đá mẫu 6
Chậu trúc phát tài thuận buồm xuôi gió
Chậu xương rồng 
Cây kim ngân bím so cute
Chậu sứ cây Trầu Bà cẩm thạch tặng kèm đá trang trí 
Sen đá mix chậu hoa mẫu 3
Chậu sứ cây Dương Xỉ tặng kèm đá trang trí 
Sen đá mix xương rồng để bàn
"Chậu đa búp đỏ để bàn trang trí nhà cửa, văn phòng"
"Chậu trầu bà đế vương đỏ trang trí nhà cửa, văn phòng"
"Chậu cọ nhật để bàn trang trí nhà cửa, văn phòng"
Cây xương rồng
Chậu sen đá 2 cây 
Cây phú quý thủy sinh
Cây trầu bà đế vương xanh thủy sinh mẫu mới
Sen đá mix ngẫu nhiên chậu nung
Chậu Cây Trắc Bách Diệp
Trầu bà đế vương để bàn trang trí
Cây Kim Ngân  Chậu Sứ Để Bàn Tặng Kèm Sỏi Trang Trí
Chậu sứ thuyền xương rồng trung
Chậu sứ cây cỏ Lan Chi tặng kèm đá trang trí 
Chậu sứ cây Lưỡi Hổ Thái tặng kèm đá trang trí
"Combo ba cây Ngũ Gia Bì, Tùng Bồng Lai, Kim Ngân Xuắn"
Hồng Môn
Cây kim ngân kím lớn
"Combo 2 cây Ngũ Gia Bì, Tùng Bồng Lai"
"Cây Trầu Bà Sữa, Trầu Bà Ngọc Thảo Chậu Sứ Để Bàn Tặng Kèm Sỏi Trang Trí"
Vạn niên thanh thủy sinh
Cây Trầu bà đế vương sọc
Cây kim ngân mẫu 13
Cây kim ngân mẫu 3
Chậu sứ cây xương rồng Chỉ Thiên tặng kèm đá trang trí 
Cây cỏ nhện
Sen đá mix nhiều loại chậu đất nung
Cây để bàn phú quý
Sen đá mix chậu mẫu 2
Cây Cau Tiểu Trâm
Cây tùng
"Combo 3 cây Xương Rồng Khế Bụi, Móng Rồng, Vạn Niên Thanh Lá Đốm"
"Chậu vạn niên tùng để bàn trang trí nhà cửa, văn phòng"
Chậu sứ cây Cọ Pháp tặng kèm đá trang trí
Cây Đinh Lăng Chậu Đốt Trúc
Chậu Sơn tùng gò vấp
Cây Kim Tiền - Mẫu 02
Sen đá để bàn mẫu 3
Chậu sứ cây Vạn Niên Thanh tặng kèm đá trang trí 
Cây lan quân tử mẫu 2
Cây phát tài
Chậu sứ cây Xương Rồng chùm tặng kèm đá trang trí 
Cây kim tiền bọ đàn vịt
Cây lan ý so cute
Cây Ngũ Gia Bì  Chậu Sứ Để Bàn Tặng Kèm Sỏi Trang Trí
Cây tùng vạn niên
Cây kim ngân thắt bím để bàn
Cây cẩm nhung xanh để bàn
Sen đá mẫu 2
Cây kim ngân mẫu 11
Cây Đa Búp Đỏ Chậu Sứ Tròn
Cây Đa Búp Đỏ Chậu Sứ Để Bàn Tặng Kèm Sỏi Trang Trí
Cây cọ so cute
Cây Lan Quân Tử Chậu Kim Cương Tròn
"Chậu kim ngân bím để bàn trang trí nhà cửa, văn phòng"
Cây kim ngân mẫu 18
Chậu sứ cây ráng ổ phụng tặng kèm đá trang trí
Combo 2 Cây Vạn Lộc Cây Ngũ Gia Bì Chậu Sứ Để Bàn Tặng Kèm Sỏi Trang Trí
" Combo 2 cây Ngũ Gia Bì, Đuôi Công"
"Combo hai cây Ngũ Gia Bì, Ngọc Ngân"
"Combo ba cây Trầu Bà Đế Vương Xanh, Phát Lộc, Xương Rồng Khế Bụi"
Trúc Phú Quý Thuận Buồm Xuôi Gió
"Chậu phú quý để bàn trang trí nhà cửa, văn phòng"
Cây Đuôi Công Tím Chậu Sứ Để Bàn Tặng Kèm Sỏi Trang Trí
Combo 2 Cây Kim Ngân Kim Tiền Chậu Sứ Để Bàn Tặng Kèm Sỏi Trang Trí
Ngũ Gia Bì
Cây kim ngân mẫu 7
Chậu sứ cây phát tài phú quý 3 tầng 
"Combo 3 cây Ngũ Gia Bì, Tùng Bồng Lai, Ngọc Ngân"
Cây phú quý để bàn vườn xanh 24h
Ngọc ngân
Cây lan ý mẫu 5
Cây đuôi công xanh mẫu 10
Cẩm nhung chậu trắng vườn xanh
Cây Đinh Lăng Chậu Trụ Tròn
Chậu xương rồng mẫu 4
Trầu bà đế vương đỏ 
Cây Ngũ Gia Bì Chậu Sứ Để Bàn Tặng Kèm Sỏi Trang Trí
Chậu sứ cây Xương Rồng chùm tặng kèm đá trang trí 
Chậu sứ cây Tùng Vạn Niên tặng kèm đá trang trí
Cây cau 
Cây lá kim
Cây kim giao 
"Bộ 2 Cây Mini Để Bàn - 10x10x10 Cm - Cây Sen Đá Chuỗi Ngọc Đứng, Sen Đá Phật Bà & Chậu Trồng Cây Gốm Sứ Bát Tràng - Dáng Bán Cầu"
Trầu bà đế vương xanh mẫu để bàn
Cây phú quý lá đỏ để bàn
Phát tài như ý để bàn trang trí
Cây phát tài so cute
Sen đá mẫu 5
Sen đá để bàn mẫu 4
Sen đá mẫu 3
Cây đuôi công xanh mẫu 9
Môn quan âm
Ổ Phụng
Chậu sứ cây Trầu Bà Lỗ tặng kèm đá trang trí 
Cây Trắc Bách Diệp
Cây Đa Búp Đỏ
Cây phát tài dưa hấu
Cây lan ý mẫu 11
Cây Fittonia Đỏ
Chậu bàng singapore mẫu 2
Cây trầu bà đế vương để bàn
Trầu bà lá xẻ thủy sinh
Chậu sứ cây Sen Đá tặng kèm đá trang trí 
Cây trầu bà đế vương xanh mẫu mới
Sen đá mẫu 4
Sen đá để bàn mẫu 7
Chậu sứ cây Mống Rồng tặng kèm đá trang trí 
Chậu sứ cây Ổ Phụng tặng kèm đá trang trí 
"Bộ 2 Cây Mini Để Bàn - 8x8x20 Cm - Cây Cẩm Nhung Fittonnia, Sen Đá Móng Rồng & Chậu Trồng Cây Gốm Sứ Bát Tràng - Dáng Nón Cụt"
Chậu bàng singapore mẫu 3
Chậu cây hương thảo 
Chậu sứ cây trầu Bà Khía tặng kèm đá trang trí 
Cây lan quân tử mẫu mới
Sen đá hồng phấn
Sen đá phong thủy để bàn văn phòng
Cây phú quý chậu đen
Nhung lá xanh lá đỏ
Cây lan ý mẫu 7
vạn niên tùng
Cây Đuôi Chồn
Cây đa búp đỏ
Chậu sứ cây kim ngân 1 thân tặng kèm đá trang trí 
Cây Phú Quý Chậu Sứ Để Bàn Tặng Kèm Sỏi Trang Trí
Chậu Cây Ngũ Gia Bì
Cây Kim Ngân Thắt Bím
Cây Kim Ngân 1 Gốc
Cây phú quý lá đỏ chậu đất
Kim giao
Chậu sứ cây Ngân Hậu tặng kèm đá trang trí
Chậu sứ cây dạ lan thanh tặng kèm đá trang trí
Chậu sứ cây đuôi công xanh tặng kèm đá trang trí
Chậu sứ cây Dứa Mỹ tặng kèm đá trang trí 
Chậu sứ cây Thiên Nga đen tặng kèm đá trang trí 
Chậu cau tiểu trâm
Kim ngân+chậu nhựa trắng
Agrioly Cây Đa Búp Đỏ Và Chậu
"Combo 3 cây Trầu Bà Đế Vương Xanh, Phát Lộc, Lan Ý"
"Combo 2 cây Trường Sinh, Ngũ Gia Bì"
Cau Tiểu Châm
Kim Ngân
Dương Sỉ
Chậu sứ cây Lưỡi Hỗ Bạch Kim tặng kèm đá trang trí
"Combo 2 cây Ngũ Gia Bì, Hồng Lộc"
Combo Trầu Bà vạn Lộc Chậu Sứ Để Bàn Tặng Kèm Sỏi Trang Trí
Vạn Niên Thanh Lá Đốm
"Combo 3 cây Ngũ Gia Bì, Cau Tiểu Châm, Hồng Lộc"
"Combo 2 cây Ngũ Gia Bì, Vạn Lộc"
"Ngũ Gia Bì, Kim Ngân Xuắn"
Trầu Bà Đế Vương Vàng
"Combo 2 cây Trầu Bà Đế Vương Xanh, Ngũ Gia Bì"
Combo Cây Trầu bà Ngũ Gia Bì Chậu Sứ Để Bàn Tặng Kèm Sỏi Trang Trí
Combo Cây Cau Tiểu Trâm Ngọc Ngân
Trường Sinh
Cây Trầu Bà Đế Vương Xanh
Lan ý chậu trắng
Chậu Cây Môn Quan Âm
Cây kim ngân củ mẫu mới
Chậu kim ngân mẫu 4
Chậu sứ cây đa Đại Phúc tặng kèm đá trang trí
Chậu phát tài phú quý 3 tầng 
Xương Rồng Khế Bụi
Cây kim ngân mẫu 16
Cây kim ngân mẫu 2
Cây kim ngân thắt bím mẫu chậu mói so cute
Cây kim ngân mẫu 4
Chậu kim ngân mẫu 3
Chậu kim ngân và cẩm nhung đỏ
Chậu Cây Kim Ngân Thân Bím
"Combo 3 cây Ngũ Gia Bì, Ngọc Ngân, Kim Ngân Xuắn"
Chậu cây may mắn hình ngôi sao
Chậu kim ngân thắc bím
Cây lan ý mẫu 9
Kim ngân chậu ngẫu nhiên mẫu 1
Cây kim ngân mẫu mới
Chậu sứ cây Thanh Hậu tặng kèm đá trang trí 
Vạn Lộc
Kim Ngân Xuắn
Cây Đuôi Công
"Combo 2 cây Ngũ Gia Bì, Thịnh Vượng"
Chậu kim ngân mẫu 5
Cây lan ý mẫu 3
Cây trường sinh mẫu mới
Cây Ngũ Gia Bì
Chậu hồng môn
Cây vạn niên thanh 
Tùng vạn niên kèm chậu
Cây bàng singapore mẫu 1
Chậu vạn sơn tùng và cẩm nhung
Chậu cây sao biển trắng
Chậu sứ cây Trầu Bà Thái xanh tặng kèm đá trang trí 
Chậu thuyền phát tài phú quý thuận bườm xuôi gió  
Chậu trúc phú quý hình tháp phong thủy
Cây kim giao chậu xanh lá
Cây ngân hậu mẫu mới
Cây ngân hậu 
Cây kim ngân trái tim
Cây tài lộc vườn xanh 24h
Cây Đuôi Công Tím
Cây bàng singapore mẫu 1
Cây ngũ gia bì so cute
"Chậu trầu bà cẩm thạch để bàn trang trí nhà cửa, văn phòng"
Chậu bàng sing trang trí văn phòng màu hồng
Chậu vạn niên tùng và gấu trúc
Chậu sao biển
chậu kim ngân 1 củ
Chậu trầu bà đế vương xanh
Cau tiểu trâm chậu nhựa
Cây phú quý trong nước mẫu 1
Chậu Cây May Mắn Trái Tim Tình Yêu
Lưỡi hổ thái chậu nhựa
Cây lan ý mẫu 2
Cây Đinh Lăng
Cây lan ý mẫu 4
Cây lan ý mẫu 6
Cây hồng môn mẫu 2
Chậu đa búp đỏ
Cây lưỡi hổ nơ đỏ
Cây bàng sing mẫu mới
Cây phú quý lá đỏ mẫu mới
Chậu sứ cây trầu bà Thái vàng tặng kèm đá trang trí 
Chậu sứ cây thanh lam tặng kèm đá trang trí
Chậu treo cây thường xuân cẩm thạch
Chậu kim ngân lu xanh
Cây đuôi công xanh mẫu 4
Chậu tùng vạn niên trang trí văn phòng
chậu tùng vạn niên và cẩm nhung đỏ
Chậu vạn niên tùng
Cây Fittonia Xanh - Mẫu 02
Chậu Cây Sao Biển Gai
Chậu thuyền phát tài phú quý thuận bườm xuôi gió
Sen đá chậu men vuông xanh
Chậu sứ cây Cao Tiểu Trâm tặng kèm đá trang trí 
Chậu sứ cây đuôi công xanh tặng kèm đá trang trí 
Chậu xương rồng và đàn vịt
Chậu vạn niên tùng mẫu 2
Sen đá để bàn mẫu 6
Sen đá để bàn mẫu 5
Chậu sứ cây Đuôi Công xanh tặng kèm đá trang trí
Cây lưỡi hổ vườn xanh
Cây trầu bà lá xẻ vườn xanh 24h
Cây Đinh Lăng
Vạn Niên Tùng Mini
Cau tiểu trâm chậu hồng
vạn niên tùng mẫu 2
Cây đuôi công xanh mẫu 11
Xương rồng bát tiên mẫu 2
Cây Ngũ Gia Bì
Tùng vạn niên 
Vạn niên tùng so cute
Chậu sứ cây đuôi công lá dài tặng kèm đá trang trí 
chậu bàng singapore
Cây lan ý mẫu 8
Cây đuôi công xanh mẫu 3
Sơn tùng lu vàng
Cây kim ngan 1 củ mẫu 20
Kim tiền chậu nhựa
Đuôi công tím
Trầu Bà Đế Vương Vàng
Cây Ngân Hậu
Combo Cây Fittonia Đỏ Và Xanh
Cây sen đá mẫu mới vườn xanh 24h
"Chậu đuôi phụng để bàn trang trí nhà cửa, văn phòng"
Cây sen đá mix 2 cây
Cây lan ý mẫu 10
Lan ý chậu nhỏ
Cây vạn lộc so cute 
Cây bàng chậu hồng vườn xanh
Cây đa búp đỏ mẫu 2
Chậu trường sinh mẫu 2
Chậu lan ý mẫu 2
Cây đa búp đỏ so cute
Trúc phú quý - Thuận buồm xuôi gió
Cây trạng nguyên
Cau tiểu trâm chậu nhỏ
Bàng non
Combo Lá Xanh Lá Đỏ
Cây cẩm nhung xanh vườn xanh 24h
Tùng vạn niên vườn xanh 24h
Sen sao biển
Combo 2 Bụi Xương Rồng Cao Thấp
Cây đuôi công xanh mẫu 6
Cây cô tòng đuôi lươn
Vạn lộc chậu lu xanh 
Chậu lan ý mẫu 1
Cây phú quý
Cây đuôi công mẫu 2
Sen đá để bàn mẫu 7
Cây đa búp đỏ mẫu 2
Tùng vạn niên và đôi lứa
Cây phú quý
Chậu cỏ nhện
Kim ngân 3 gốc chậu hồng
Châu lan ý
Chậu bàng
Cây Đuôi Công
Cây bàng sing so cute
Cây đa búp đỏ mẫu 3
Cây đa búp đỏ mẫu 1
Kim tiền mini
Chậu trầu bà xanh
Kim Ngân Củ
Cây đuôi công xanh mẫu 8
Môn quan âm chậu nhựa
Cây cọOEM
Cây đa búp đỏ chậu trắng vườn xanh
Cây trầu bà lá xẻ mẫu mới
Chậu treo cây trường sinh xanh 
Chậu sứ cây thịnh vượng tặng kèm đá trang trí
Sen thơm nhất mạt hương
Chậu Sen đá viền đỏ
Cây Sen đá hoa cúc
Đuôi công xanh mẫu 7
Cây Sen đá đế vương cỡ đại
Agrioly Lưỡi hổ+chậu nhựa trắng
Đuôi công tím/táo xanh+chậu nhựa trắng
Kim tiền +chậu nhựa trắng
