"Bộ đèn studio chụp ảnh sản phẩm, quay phim, livestream chuyên nghiệp, bộ gồm chân đèn 2m kèm softbox 50x70cm, tay treo 138 cm."
"Bộ đèn studio chụp ảnh sản phẩm, quay phim, livestream chuyên nghiệp, bộ gồm chân đèn 2m kèm softbox 50x70cm, bóng đèn Led Bulb"
"Đèn led ring livestream, chụp ảnh, makeup 26cm CN-R640"
DLIVE26 | Đèn livestream 26cm
Đèn led studio Godox SL60W hàng chính hãng.
"Đèn LED Ring RL-18 Thiết Bị Chụp Ảnh, Quay Phim Studio - Hàng Nhập Khẩu"
Đèn led video VL49 RGB Ulanzi
Bóng Đèn Ánh Sáng Liên Tục 200W 5500K - Hàng Nhập Khẩu
Đèn LED quay phim Yongnuo YN600 AIR - Hàng chính hãng
"Đèn tripod livetream makeup, quay phim ,chụp ảnh đa năng"
Bộ Đèn Chụp Sản Phẩm LED360 60w 5500K
Bóng đèn LED360 60w 5500K
Đèn LED quay phim W160 
Đui đèn đôi có lỗ gài ô E27
Bracket Đuôi Gắn Đèn Chụp Sản Phẩm - Hàng Nhập Khẩu
Đèn Nicefoto LED Fresnel Light Ce1500W 5500K
"Đèn led HD Ring RL18 chiếu sáng Studio, makeup, quay phim , chụp ảnh,livetream"
Bóng Đèn Spotlight 650 W
Bracket Gắn Đèn Dù Kim Loại - Hàng Nhập Khẩu
Đèn led video mini VIJIM VL81 Ulanzi hàng chính hãng.
Đèn led quay phim LED-396AS + Pin F770 + Sạc pin
Đèn Flash studio Godox DP300II hàng chính hãng.
Đui đèn 4 bóng và Softbox bát giác 70cm
Đui đèn đơn có lỗ gài ô E27
Bộ Chân Đèn Softbox Chụp Sản Phẩm E27 50x70cm - Hàng Nhập Khẩu
Đèn LED quay phim  YN360 RGB
Đèn led quay phim LED-396AS 
Đèn Flash studio Godox DP400II hàng chính hãng.
Chân Đèn Studio MD240S
Pin sạc đèn Led NP-F550 dung lượng 2400mAh cho LED Yongnuo YN600
Đèn Quay Phim Kino 2 Bóng
Led Yongnuo YN 600S Tặng Kèm Nguồn Adapter - Hàng Nhập Khẩu
Đèn Led Videolight T6-C
Đui đèn ba có lỗ gài ô E27
Đèn LED Yongnuo YN-300 II - Hàng Nhập Khẩu
Đèn LED quay phim Yongnuo YN125II Hàng Chính Hãng
Đèn Led Yongnuo YN - 300 III - Hàng Nhập Khẩu
Bóng đèn trực tiếp 200W
Lens Sony Sonnar T* FE 35 mm F/2.8 ZA (Chính Hãng)
ĐÈN LED LIVESTREAM CHỤP HÌNH MAKEUP STUDIO 34CM SIÊU SÁNG PHIÊN BẢN MỚI NHẤT 2019
Đèn LED Yongnuo 1200 Pro - Hàng Nhập Khẩu
Bộ Kit Studio 3 Đèn LED360 60W 5500K
Đèn Spotlight LED 800W
Đèn Godox AD200 Pocket Fash TTL - Hàng nhập khẩu
Đèn Quay Phim Spotlight Red (800W) - Hàng Nhập Khẩu
Bộ Đèn Chụp Sản Phẩm LED360 40w 5500K - Hàng Chính Hãng
Đèn Flash studio Godox DP600II hàng chính hãng.
2 Softbox đuôi sứ 4 chuôi 50x70cm - 8 đèn Led 360 độ 480W - 2 chân đèn 2m
"Bộ đèn studio chụp ảnh sản phẩm, quay phim, livestream chuyên nghiệp, bộ gồm chân đèn 2m kèm softbox 50x70cm, tay treo 138 cm."
"Bộ đèn studio chụp ảnh sản phẩm, quay phim, livestream chuyên nghiệp, bộ gồm chân đèn 2m kèm softbox 50x70cm, bóng đèn Led Bulb"
"Đèn led ring livestream, chụp ảnh, makeup 26cm CN-R640"
DLIVE26 | Đèn livestream 26cm
Đèn led studio Godox SL60W hàng chính hãng.
"Đèn LED Ring RL-18 Thiết Bị Chụp Ảnh, Quay Phim Studio - Hàng Nhập Khẩu"
Đèn led video VL49 RGB Ulanzi
Bóng Đèn Ánh Sáng Liên Tục 200W 5500K - Hàng Nhập Khẩu
Đèn LED quay phim Yongnuo YN600 AIR - Hàng chính hãng
"Đèn tripod livetream makeup, quay phim ,chụp ảnh đa năng"
Bộ Đèn Chụp Sản Phẩm LED360 60w 5500K
Bóng đèn LED360 60w 5500K
Đèn LED quay phim W160 
Đui đèn đôi có lỗ gài ô E27
Bracket Đuôi Gắn Đèn Chụp Sản Phẩm - Hàng Nhập Khẩu
Đèn Nicefoto LED Fresnel Light Ce1500W 5500K
"Đèn led HD Ring RL18 chiếu sáng Studio, makeup, quay phim , chụp ảnh,livetream"
Bóng Đèn Spotlight 650 W
Bracket Gắn Đèn Dù Kim Loại - Hàng Nhập Khẩu
Đèn led video mini VIJIM VL81 Ulanzi hàng chính hãng.
Đèn led quay phim LED-396AS + Pin F770 + Sạc pin
Đèn Flash studio Godox DP300II hàng chính hãng.
Đui đèn 4 bóng và Softbox bát giác 70cm
Đui đèn đơn có lỗ gài ô E27
Bộ Chân Đèn Softbox Chụp Sản Phẩm E27 50x70cm - Hàng Nhập Khẩu
Đèn LED quay phim  YN360 RGB
Đèn led quay phim LED-396AS 
Đèn Flash studio Godox DP400II hàng chính hãng.
Chân Đèn Studio MD240S
Pin sạc đèn Led NP-F550 dung lượng 2400mAh cho LED Yongnuo YN600
Đèn Quay Phim Kino 2 Bóng
Led Yongnuo YN 600S Tặng Kèm Nguồn Adapter - Hàng Nhập Khẩu
Đèn Led Videolight T6-C
Đui đèn ba có lỗ gài ô E27
Đèn LED Yongnuo YN-300 II - Hàng Nhập Khẩu
Đèn LED quay phim Yongnuo YN125II Hàng Chính Hãng
Đèn Led Yongnuo YN - 300 III - Hàng Nhập Khẩu
Bóng đèn trực tiếp 200W
Lens Sony Sonnar T* FE 35 mm F/2.8 ZA (Chính Hãng)
ĐÈN LED LIVESTREAM CHỤP HÌNH MAKEUP STUDIO 34CM SIÊU SÁNG PHIÊN BẢN MỚI NHẤT 2019
Đèn LED Yongnuo 1200 Pro - Hàng Nhập Khẩu
Bộ Kit Studio 3 Đèn LED360 60W 5500K
Đèn Spotlight LED 800W
Đèn Godox AD200 Pocket Fash TTL - Hàng nhập khẩu
Đèn Quay Phim Spotlight Red (800W) - Hàng Nhập Khẩu
Bộ Đèn Chụp Sản Phẩm LED360 40w 5500K - Hàng Chính Hãng
Đèn Flash studio Godox DP600II hàng chính hãng.
2 Softbox đuôi sứ 4 chuôi 50x70cm - 8 đèn Led 360 độ 480W - 2 chân đèn 2m
"Bộ đèn studio chụp ảnh sản phẩm, quay phim, livestream chuyên nghiệp, bộ gồm chân đèn 2m kèm softbox 50x70cm, tay treo 138 cm."
"Bộ đèn studio chụp ảnh sản phẩm, quay phim, livestream chuyên nghiệp, bộ gồm chân đèn 2m kèm softbox 50x70cm, bóng đèn Led Bulb"
"Đèn led ring livestream, chụp ảnh, makeup 26cm CN-R640"
DLIVE26 | Đèn livestream 26cm
Đèn led studio Godox SL60W hàng chính hãng.
"Đèn LED Ring RL-18 Thiết Bị Chụp Ảnh, Quay Phim Studio - Hàng Nhập Khẩu"
Đèn led video VL49 RGB Ulanzi
Bóng Đèn Ánh Sáng Liên Tục 200W 5500K - Hàng Nhập Khẩu
Đèn LED quay phim Yongnuo YN600 AIR - Hàng chính hãng
"Đèn tripod livetream makeup, quay phim ,chụp ảnh đa năng"
Bộ Đèn Chụp Sản Phẩm LED360 60w 5500K
Bóng đèn LED360 60w 5500K
Đèn LED quay phim W160 
Đui đèn đôi có lỗ gài ô E27
Bracket Đuôi Gắn Đèn Chụp Sản Phẩm - Hàng Nhập Khẩu
Đèn Nicefoto LED Fresnel Light Ce1500W 5500K
"Đèn led HD Ring RL18 chiếu sáng Studio, makeup, quay phim , chụp ảnh,livetream"
Bóng Đèn Spotlight 650 W
Bracket Gắn Đèn Dù Kim Loại - Hàng Nhập Khẩu
Đèn led video mini VIJIM VL81 Ulanzi hàng chính hãng.
Đèn led quay phim LED-396AS + Pin F770 + Sạc pin
Đèn Flash studio Godox DP300II hàng chính hãng.
Đui đèn 4 bóng và Softbox bát giác 70cm
Đui đèn đơn có lỗ gài ô E27
Bộ Chân Đèn Softbox Chụp Sản Phẩm E27 50x70cm - Hàng Nhập Khẩu
Đèn LED quay phim  YN360 RGB
Đèn led quay phim LED-396AS 
Đèn Flash studio Godox DP400II hàng chính hãng.
Chân Đèn Studio MD240S
Pin sạc đèn Led NP-F550 dung lượng 2400mAh cho LED Yongnuo YN600
Đèn Quay Phim Kino 2 Bóng
Led Yongnuo YN 600S Tặng Kèm Nguồn Adapter - Hàng Nhập Khẩu
Đèn Led Videolight T6-C
Đui đèn ba có lỗ gài ô E27
Đèn LED Yongnuo YN-300 II - Hàng Nhập Khẩu
Đèn LED quay phim Yongnuo YN125II Hàng Chính Hãng
Đèn Led Yongnuo YN - 300 III - Hàng Nhập Khẩu
Bóng đèn trực tiếp 200W
Lens Sony Sonnar T* FE 35 mm F/2.8 ZA (Chính Hãng)
ĐÈN LED LIVESTREAM CHỤP HÌNH MAKEUP STUDIO 34CM SIÊU SÁNG PHIÊN BẢN MỚI NHẤT 2019
Đèn LED Yongnuo 1200 Pro - Hàng Nhập Khẩu
Bộ Kit Studio 3 Đèn LED360 60W 5500K
Đèn Spotlight LED 800W
Đèn Godox AD200 Pocket Fash TTL - Hàng nhập khẩu
Đèn Quay Phim Spotlight Red (800W) - Hàng Nhập Khẩu
Bộ Đèn Chụp Sản Phẩm LED360 40w 5500K - Hàng Chính Hãng
Đèn Flash studio Godox DP600II hàng chính hãng.
2 Softbox đuôi sứ 4 chuôi 50x70cm - 8 đèn Led 360 độ 480W - 2 chân đèn 2m
"Bộ đèn studio chụp ảnh sản phẩm, quay phim, livestream chuyên nghiệp, bộ gồm chân đèn 2m kèm softbox 50x70cm, tay treo 138 cm."
"Bộ đèn studio chụp ảnh sản phẩm, quay phim, livestream chuyên nghiệp, bộ gồm chân đèn 2m kèm softbox 50x70cm, bóng đèn Led Bulb"
"Đèn led ring livestream, chụp ảnh, makeup 26cm CN-R640"
DLIVE26 | Đèn livestream 26cm
Đèn led studio Godox SL60W hàng chính hãng.
"Đèn LED Ring RL-18 Thiết Bị Chụp Ảnh, Quay Phim Studio - Hàng Nhập Khẩu"
Đèn led video VL49 RGB Ulanzi
Bóng Đèn Ánh Sáng Liên Tục 200W 5500K - Hàng Nhập Khẩu
Đèn LED quay phim Yongnuo YN600 AIR - Hàng chính hãng
"Đèn tripod livetream makeup, quay phim ,chụp ảnh đa năng"
Bộ Đèn Chụp Sản Phẩm LED360 60w 5500K
Bóng đèn LED360 60w 5500K
Đèn LED quay phim W160 
Đui đèn đôi có lỗ gài ô E27
Bracket Đuôi Gắn Đèn Chụp Sản Phẩm - Hàng Nhập Khẩu
Đèn Nicefoto LED Fresnel Light Ce1500W 5500K
"Đèn led HD Ring RL18 chiếu sáng Studio, makeup, quay phim , chụp ảnh,livetream"
Bóng Đèn Spotlight 650 W
Bracket Gắn Đèn Dù Kim Loại - Hàng Nhập Khẩu
Đèn led video mini VIJIM VL81 Ulanzi hàng chính hãng.
Đèn led quay phim LED-396AS + Pin F770 + Sạc pin
Đèn Flash studio Godox DP300II hàng chính hãng.
Đui đèn 4 bóng và Softbox bát giác 70cm
Đui đèn đơn có lỗ gài ô E27
Bộ Chân Đèn Softbox Chụp Sản Phẩm E27 50x70cm - Hàng Nhập Khẩu
Đèn LED quay phim  YN360 RGB
Đèn led quay phim LED-396AS 
Đèn Flash studio Godox DP400II hàng chính hãng.
Chân Đèn Studio MD240S
Pin sạc đèn Led NP-F550 dung lượng 2400mAh cho LED Yongnuo YN600
Đèn Quay Phim Kino 2 Bóng
Led Yongnuo YN 600S Tặng Kèm Nguồn Adapter - Hàng Nhập Khẩu
Đèn Led Videolight T6-C
Đui đèn ba có lỗ gài ô E27
Đèn LED Yongnuo YN-300 II - Hàng Nhập Khẩu
Đèn LED quay phim Yongnuo YN125II Hàng Chính Hãng
Đèn Led Yongnuo YN - 300 III - Hàng Nhập Khẩu
Bóng đèn trực tiếp 200W
Lens Sony Sonnar T* FE 35 mm F/2.8 ZA (Chính Hãng)
ĐÈN LED LIVESTREAM CHỤP HÌNH MAKEUP STUDIO 34CM SIÊU SÁNG PHIÊN BẢN MỚI NHẤT 2019
Đèn LED Yongnuo 1200 Pro - Hàng Nhập Khẩu
Bộ Kit Studio 3 Đèn LED360 60W 5500K
Đèn Spotlight LED 800W
Đèn Godox AD200 Pocket Fash TTL - Hàng nhập khẩu
Đèn Quay Phim Spotlight Red (800W) - Hàng Nhập Khẩu
Bộ Đèn Chụp Sản Phẩm LED360 40w 5500K - Hàng Chính Hãng
Đèn Flash studio Godox DP600II hàng chính hãng.
2 Softbox đuôi sứ 4 chuôi 50x70cm - 8 đèn Led 360 độ 480W - 2 chân đèn 2m
Bộ 2 Đèn LED Studio 200W Jinbei - Hàng Chính Hãng
Bộ Kit Studio 2 Đèn 4 Bóng 150W
Bóng Khuếch Tán Jinbei 30cm - Hàng Nhập Khẩu
Đèn led quay phim chụp ảnh Mcoplus Magic LE-R320 - Hàng chính hãng 
Bộ Kit Studio 2 Đèn 2 Bóng LED360 40W
Bộ Kit Studio 2 Đèn 2 Bóng LED360 60W
Combo 2 đèn LED360 60w softbox bát giác 75cm
Đèn Kino 2 bóng Led DSR-LED2*25W
Đèn LED studio EF II-60 
Đèn Lặn Shoot For Gopro SJcam - Hàng Nhập Khẩu
Bộ Kit 2 Đèn 1240W
Đèn Studio Godox QS600 (600W) - Hàng Nhập Khẩu
Bộ 3 đèn led bảng Studio 300w A-2200IQ Yidoblo
Đèn led studio Godox SL-150W hàng chính hãng
Đèn Nicefoto LED Fresnel Light CL-2000WS 5500K
Đèn led Soft Light studio SL-272A 40w KingMa hàng chính hãng.
Đèn Fluorescent Tròn NG-22C Nanguang - Hàng Chính Hãng
Đèn led bảng Studio A-2200IIQ 100w 3200K-5600K Yidoblo hàng chính hãng.
Đèn Nicefoto LED HA2300B Video Light 5500K
Đèn Nicefoto LED Film Light MF2000DMX
