"Đèn cảm ứng gắn cầu thang, tủ đồ, toilet, tự động bật/tắt ánh sáng, sạc bằng USB tiện dụng"
Đèn cảm biến hồng ngoại sử dụng năng lượng mặt trời
Đèn Cảm Ứng Ban Đêm Xiaomi Yeelight (Cắm Điện)
"Đèn cảm ứng gắn cầu thang, tủ đồ, toilet, tự động bật/tắt ánh sáng, sạc bằng USB"
Đèn ngủ cảm ứng ban đêm thông minh tự động bật tắt
Đèn LED năng lượng mặt trời cảm biến chuyển động
"Đèn ngủ cảm ứng thông minh tự động bật tắt | Sáng màu nắng ấm |  Để bàn, treo xoay 360 độ và gắn tường tiện dụng"
"Đèn led cảm ứng 6 bóng sạc pin, ứng dụng phong phú: đèn ngủ, đèn trần, đèn tủ"
Đèn báo động chống trộm bằng năng lượng mặt trời
Đèn Cảm Ứng Ban Đêm Xiaomi Yeelight Rechargeable Night Light YLYD01YL (Dùng Pin)
Đèn pha bóng led cảm ứng ngoài trời 10W
Đèn LED Cảm Ứng Hồng Ngoại Dán Tường Siêu Sáng Pin Sạc 1500mAh
"Đèn LED Cảm Biến Chuyển Động Nhiều Kích Cỡ, Cảm Ứng Hồng Ngoại 3 Chế Độ"
Đèn cảm biến đêm Xiaomi Mijia MJYD04YL - Hàng Nhập Khẩu
"Đèn LED cảm ứng, cảm biến thông minh không dây, Pin sạc, nhận diện người có nam châm gắn tường xoay 360 độ làm đèn học, cho phòng ngủ, nhà vệ sinh, cho tủ quần áo, cầu thang, ban công, hành lang - MH2011"
Đèn cảm ứng 7 mắt LED dùng pin năng lượng mặt trời mẫu camera chống trộm
Đèn Cảm Biến Hồng Ngoại Xiaomi Mijia MJYD02YL Night Light 2 - Hàng Nhập Khẩu
Bộ 2 đèn 6 led ánh sáng vàng và trắng cảm ứng chuyển động hồng ngoại ( có pin đi kèm )
"Đèn LED cảm ứng thông minh không dây, Pin sạc, có nam châm gắn tường cho phòng ngủ, nhà vệ sinh tủ quần áo - DH2011"
"Bộ đèn cảm ứng hình con nhộng nhỏ gọn dùng trong xe ô tô, hộc tủ bàn ghế Baseus Capsule Car Interior Lights ( 2 cái/ bộ)- Hàng chính hãng( giao màu ngẫu nhiên )"
Đèn cảm ứng hồng ngoại
"Bóng led cảm biến Radar cực nhạy CR-SMART 9W phát hiện chuyển động thương hiệu Crealed thông minh, tiện lợi ,an toàn "
Đèn Cảm Biến Chuyển Động Ban Đêm Xiaomi Mijia - Hàng Nhập Khẩu
Đèn led tự động sáng nhà vệ sinh sử dụng công nghệ cảm biến chuyển động ban đêm
"Bộ 3 Đèn Eufy Lumi Dual-bright, 0.2W - T1305"
Đèn cảm ứng năng lượng mặt trời ver 2.0
"Bóng đèn led Cảm biển chuyển động Thân nhiệt Thiết kế cho thị trường VN Siêu Nhạy 9W, Siêu Tiết Kiệm Độ sáng cao"
Đèn cảm ứng ban đêm Xiaomi Yeelight Motion Nightlight - Hàng chính hãng
Đèn Cảm Ứng Hồng Ngoại Led Light Angel
 COMBO ĐUÔI ĐÈN CẢM ỨNG HỒNG NGOẠI E27 có phích cắm - TR02 + BÓNG ĐÈN LED ĐUÔI VẶN TRÒN E27 20W-220AC.
"Đèn cảm ứng chuyển động thông minh Baseus Sunshine Series - WARDROBE Edition (800mAh, Human body Induction/ PIR Intelligent Motion Sensor LED Nightlight) - Hàng chính hãng"
"Bóng led cảm biến Radar CR-SMART công suất  15W phát hiện chuyển động để phát sáng thương hiệu Crealed , tiết kiệm điện, tiện lợi,ánh sáng tốt và cực kỳ an toàn"
Đèn LED Cảm Ứng Hồng Ngoại Dùng Pin Sạc - Nhiều Kích Cỡ
COMBO ĐUÔI ĐÈN CẢM ỨNG HỒNG NGOẠI E27 có phích cắm - TR01 + BÓNG ĐÈN LED ĐUÔI VẶN TRÒN E27 20W-220AC.
Đèn bàn LED Rạng Đông Cảm ứng DIM CCT Model: RD-RL-36.LED
"Bộ 3 Đèn Eufy Lumi Stick-On Night Light, 0.1W - T1301"
Đèn Cảm Ứng Đèn LED Cảm Biến Chuyển Động Có Giá Đỡ Hình Tai Mèo
Bộ 2 đèn pha cảm ứng hồng ngoại 20W
"Đui đèn thông minh cảm biến hồng ngoại, ánh sáng có thể cắm trực tiếp vào ổ cắm, tiết kiệm năng lượng"
Đèn cảm ứng theo chuyển động thông minh pin sạc Baseus - Hàng chính hãng
"Đèn Led cảm ứng kiêm Đồng hồ mini (dán tủ, tường, phòng ngủ, nhà tắm, nhà vệ sinh...)"
"ĐÈN LED HỌC/ ĐÈN NGỦ/ ĐÈN BẾP/ ĐÈN CẦU THANG CẢM ỨNG KHÔNG DÂY DÙNG PIN SẠC TIỆN LỢI, DÙNG MIẾNG DÍNH – 2500MAH"
"Đèn led cảm ứng dán tủ, tường, hành lang cầu thang tiện lợi V2 (hình vuông) - Cảm ứng hồng ngoại"
Đèn Báo Động Năng Lượng Mặt Trời 110db
Combo 2 Bóng Đèn Cảm Biến Chuyển Động Rada Cực Nhạy cho thị trường việt nam 7W Model 2020 Led Loại Cao Cấp
"Đèn Led Cảm Biến Công Suất 30w Cảm Biến Hồng Ngoại Thân Nhiệt, Tùy Chỉnh Ngày Đêm , Cảm Biến Tự Động Tắt Bật Thông Minh Tiện Lợi"
Đui đèn cảm ứng chuyển động ( đui E27)
Đèn led sân khấu 36 led cảm ứng nhạc ánh sáng trắng
Đèn Led Cảm Ứng Tủ Quần Áo Dùng Pin 20 Led DL016
Đui đèn cảm ứng hồng ngoại Sunmax TKLBS510022
Đèn Cảm Ứng Năng Lượng Mặt Trời 5.5V 0.55W
Bóng đèn cảm ứng thông minh tự động 12w
Đèn LED Cảm Ứng Tự Động 8 Chế Độ Màu Dành Cho Toilet 
Đèn 21 Led cảm ứng chạm cắm USB L2101
Đèn led dùng pin cảm ứng chuyển động hồng ngoại
"Đèn ngủ thông minh tự động cảm biến bật tắt, sáng không chói mắt - Hàng chính hãng"
"Đèn Led cảm ứng dán tủ, tường, hành lang cầu thang tiện lợi - Cảm ứng hồng ngoại"
Đèn Ngủ Cảm Ứng  Hình Bình Hoa US04049
Đèn led NĂNG LƯỢNG MẶT TRỜI cảm biến chuyển động COBLED
Đèn dầu điện tử cảm ứng thổi V1
Bóng đèn Led cảm ứng hồng ngoại Kawasan KW-SS61
Ổ cắm cảm ứng hồng ngoại Kawasan KW-SS51
Đèn Laser Đánh Chữ NE 085
Đèn cảm ứng ứng nhạc 18 led nhiều màu
Đèn năng lượng mặt trời - cảm ứng chuyển động Baseus Energy Collection Series hàng nhập khẩu
Đèn led cảm biến thổi tắt mã QL-809 ánh sáng đỏ 
Đèn led cảm biến chạy bằng pin tiểu AA
Đèn Pha LED 7 Màu Ngoài Trời NE 117A
Máy Khói Lạnh NE 083B
Đèn Ngủ Cảm Biến Ánh Sáng Thông Minh
Đèn LED thắp sáng mini thông minh tích hợp công tắc cảm ứng và cổng sạc MicroUSB (Tặng 2 nút kẹp cao su giữ dây điện-Màu ngẫu nhiên)
Đèn led đĩa bay cảm biến chuyển động
 Đèn Sân Khấu Bầu Trời 7 Màu 
Đèn led cảm biến chuyển động hình đĩa bay (Tặng kèm đèn pin mini bóp tay màu ngẫu nhiên)
Đèn LED Cảm Biến Cho Tủ Quần Áo Dùng Pin Sạc DL012
Đèn led cảm ứng từ gắn cửa chống trộm/gắn tủ quần áo
Đèn Led cảm ứng hồng ngoại Kawasan SS71
"Bộ 4 Đèn Eufy Lumi Plug-in, 0.4W - T1303"
Đèn 30 led NLMT cảm biến chuyển động Nền Màu Trắng ( Tặng 01 nút kẹp giữ dây điện )
Đèn cảm ứng hình quả trứng chim - Cảm ứng chạm
Đèn cảm ứng hồng ngoại 10W dành cho hành lang
Đèn LED 12 Bóng Cảm Biến Chuyển Động Cho Tủ Đồ - Pin sạc
Đèn 3 Led cắm usb cảm ứng ánh sáng
"Đèn LED mini đọc sách công tắc điều chỉnh cảm ứng chạm- CHỐNG LÓA, TẢN NHIỆT TỐT (Tặng ví thép đa năng 11in1)"
"COMBO 3 bóng cảm biến radar 9w cảm biến chuyển động cực nhạy, thông minh, tiện lợi ,an toàn cho người sử dụng, tiết kiệm điện năng tối đa"
Đèn LED Baseus Comfort Reading Charging Uniform Light Hose Desk Lamp White để bàn thông minh cảm ứng hàng chính hãng
Đèn Pha Led Cảm Ứng Chống Trộm Ngoài Trời 27W JW-27W
Đèn LED cảm ứng thông minh  mini HV1 -Hàng nhập khẩu
"Đèn Led Cảm Ứng Thông Minh I-01 Dán Tường, Tủ, Hành Lang, Cầu Thang, Có Thể Dùng Làm Đèn Pin - Hàng Nhập Khẩu"
Đèn Hồng Ngoại Xiaomi Yeelight Nightlight - Pin sạc 750mAh
"Đèn 37 led cảm ứng để bàn siêu sáng  ( Dùng làm Đèn ngủ, đèn đọc sách ...)"
"Combo 3 bóng led cảm biến Radar công suất 12w ,cảm biến chuyển động để phát sáng,giúp tiết kiệm điện cho gia đình ,an toàn,tiện lợi."
"Đèn Cảm Ứng Dán Tường LED Vàng công suất 3W Chiếu Sáng 30cm, sạc pin USB"
Đèn cảm ứng Baseus DGSUN-GA02 / DGSUN-GB02 - Hàng chính hãng
ĐÈN CẢM ỨNG 2 MÀU
Đèn led năng lượng mặt trời cảm biến chuyển động ( Tặng kèm 01 bóng đèn led tiết kiệm điện cắm USB ngẫu nhiên )
"Đèn cảm ứng gắn cầu thang, tủ đồ, toilet, tự động bật/tắt ánh sáng, sạc bằng USB tiện dụng"
Đèn cảm biến hồng ngoại sử dụng năng lượng mặt trời
Đèn Cảm Ứng Ban Đêm Xiaomi Yeelight (Cắm Điện)
"Đèn cảm ứng gắn cầu thang, tủ đồ, toilet, tự động bật/tắt ánh sáng, sạc bằng USB"
Đèn ngủ cảm ứng ban đêm thông minh tự động bật tắt
Đèn LED năng lượng mặt trời cảm biến chuyển động
"Đèn ngủ cảm ứng thông minh tự động bật tắt | Sáng màu nắng ấm |  Để bàn, treo xoay 360 độ và gắn tường tiện dụng"
"Đèn led cảm ứng 6 bóng sạc pin, ứng dụng phong phú: đèn ngủ, đèn trần, đèn tủ"
Đèn báo động chống trộm bằng năng lượng mặt trời
Đèn Cảm Ứng Ban Đêm Xiaomi Yeelight Rechargeable Night Light YLYD01YL (Dùng Pin)
Đèn pha bóng led cảm ứng ngoài trời 10W
Đèn LED Cảm Ứng Hồng Ngoại Dán Tường Siêu Sáng Pin Sạc 1500mAh
"Đèn LED Cảm Biến Chuyển Động Nhiều Kích Cỡ, Cảm Ứng Hồng Ngoại 3 Chế Độ"
Đèn cảm biến đêm Xiaomi Mijia MJYD04YL - Hàng Nhập Khẩu
"Đèn LED cảm ứng, cảm biến thông minh không dây, Pin sạc, nhận diện người có nam châm gắn tường xoay 360 độ làm đèn học, cho phòng ngủ, nhà vệ sinh, cho tủ quần áo, cầu thang, ban công, hành lang - MH2011"
Đèn cảm ứng 7 mắt LED dùng pin năng lượng mặt trời mẫu camera chống trộm
Đèn Cảm Biến Hồng Ngoại Xiaomi Mijia MJYD02YL Night Light 2 - Hàng Nhập Khẩu
Bộ 2 đèn 6 led ánh sáng vàng và trắng cảm ứng chuyển động hồng ngoại ( có pin đi kèm )
"Đèn LED cảm ứng thông minh không dây, Pin sạc, có nam châm gắn tường cho phòng ngủ, nhà vệ sinh tủ quần áo - DH2011"
"Bộ đèn cảm ứng hình con nhộng nhỏ gọn dùng trong xe ô tô, hộc tủ bàn ghế Baseus Capsule Car Interior Lights ( 2 cái/ bộ)- Hàng chính hãng( giao màu ngẫu nhiên )"
Đèn cảm ứng hồng ngoại
"Bóng led cảm biến Radar cực nhạy CR-SMART 9W phát hiện chuyển động thương hiệu Crealed thông minh, tiện lợi ,an toàn "
Đèn Cảm Biến Chuyển Động Ban Đêm Xiaomi Mijia - Hàng Nhập Khẩu
Đèn led tự động sáng nhà vệ sinh sử dụng công nghệ cảm biến chuyển động ban đêm
"Bộ 3 Đèn Eufy Lumi Dual-bright, 0.2W - T1305"
Đèn cảm ứng năng lượng mặt trời ver 2.0
"Bóng đèn led Cảm biển chuyển động Thân nhiệt Thiết kế cho thị trường VN Siêu Nhạy 9W, Siêu Tiết Kiệm Độ sáng cao"
Đèn cảm ứng ban đêm Xiaomi Yeelight Motion Nightlight - Hàng chính hãng
Đèn Cảm Ứng Hồng Ngoại Led Light Angel
 COMBO ĐUÔI ĐÈN CẢM ỨNG HỒNG NGOẠI E27 có phích cắm - TR02 + BÓNG ĐÈN LED ĐUÔI VẶN TRÒN E27 20W-220AC.
"Đèn cảm ứng chuyển động thông minh Baseus Sunshine Series - WARDROBE Edition (800mAh, Human body Induction/ PIR Intelligent Motion Sensor LED Nightlight) - Hàng chính hãng"
"Bóng led cảm biến Radar CR-SMART công suất  15W phát hiện chuyển động để phát sáng thương hiệu Crealed , tiết kiệm điện, tiện lợi,ánh sáng tốt và cực kỳ an toàn"
Đèn LED Cảm Ứng Hồng Ngoại Dùng Pin Sạc - Nhiều Kích Cỡ
COMBO ĐUÔI ĐÈN CẢM ỨNG HỒNG NGOẠI E27 có phích cắm - TR01 + BÓNG ĐÈN LED ĐUÔI VẶN TRÒN E27 20W-220AC.
Đèn bàn LED Rạng Đông Cảm ứng DIM CCT Model: RD-RL-36.LED
"Bộ 3 Đèn Eufy Lumi Stick-On Night Light, 0.1W - T1301"
Combo 2 Bóng Đèn Cảm Biến Chuyển Động Rada Cực Nhạy cho thị trường việt nam 7W Model 2020 Led Loại Cao Cấp
Đèn Cảm Ứng Đèn LED Cảm Biến Chuyển Động Có Giá Đỡ Hình Tai Mèo
Bộ 2 đèn pha cảm ứng hồng ngoại 20W
"Đui đèn thông minh cảm biến hồng ngoại, ánh sáng có thể cắm trực tiếp vào ổ cắm, tiết kiệm năng lượng"
Đèn cảm ứng theo chuyển động thông minh pin sạc Baseus - Hàng chính hãng
"Đèn Led cảm ứng kiêm Đồng hồ mini (dán tủ, tường, phòng ngủ, nhà tắm, nhà vệ sinh...)"
"ĐÈN LED HỌC/ ĐÈN NGỦ/ ĐÈN BẾP/ ĐÈN CẦU THANG CẢM ỨNG KHÔNG DÂY DÙNG PIN SẠC TIỆN LỢI, DÙNG MIẾNG DÍNH – 2500MAH"
"Đèn led cảm ứng dán tủ, tường, hành lang cầu thang tiện lợi V2 (hình vuông) - Cảm ứng hồng ngoại"
Đèn Báo Động Năng Lượng Mặt Trời 110db
"Đèn Led Cảm Biến Công Suất 30w Cảm Biến Hồng Ngoại Thân Nhiệt, Tùy Chỉnh Ngày Đêm , Cảm Biến Tự Động Tắt Bật Thông Minh Tiện Lợi"
Đui đèn cảm ứng chuyển động ( đui E27)
Đèn led sân khấu 36 led cảm ứng nhạc ánh sáng trắng
Đèn Laser 4 trong 1 NE 604
Đèn cảm ứng mini siêu tiện lợi
Gương soi đèn led phòng tắm GNT11 - Tích hợp đèn led và công tắc cảm ứng trên gương.
Đèn Pha Led Cảm Ứng Chống Trộm Ngoài Trời 36W JW-36W
Đèn Led Xoay 360 Độ Cảm Biến Ánh Sáng Tự Động Light Angel
Đèn Moving LED Laser MẮT 18/9 Lớn
Đèn Năng Lượng Mặt Trời Cảm Biến Chuyển Động 8w - VC48D
Đèn Laser 3D 7 MÀU 1.5W NE 075
Đèn Led chống trộm 
Cảm biến ánh sáng KONO KN-AS03
Đèn led cảm biến chuyển động hồng ngoại hình tròn - Hàng nhập khẩu
Đèn led năng lượng mặt trời cảm biến chuyển động ( Tặng kèm 01 bóng đèn led tiết kiệm điện cắm cổng USB ngẫu nhiên )
COMBO ĐUÔI ĐÈN CẢM ỨNG HỒNG NGOẠI SL01 + BÓNG ĐÈN LED ĐUÔI VẶN TRÒN E27 20W-220AC.
Đèn Pha LED 7 Màu Ngoài Trời NE 117A
Đèn led cảm ứng tự động ốp trần
Đèn Laser LED Xoay 16 Bóng NE 119
Máy Tạo khói 1200W 9 bóng LED
Đèn Par Led 54X3W full màu
Đèn Led Cảm Ứng Hồng Ngoại Chống Trộm ( Light Angel )
Combo 2 đèn gắn tủ quần áo tự động L0403
Đèn cảm ứng mini thông minh đa năng có đồng hồ - Hàng nhập khẩu
Pha Sân Khấu 18 Bóng
Đèn Cầu Laser Led Mắt ong NE 184
Bóng đèn Led cảm ứng Kawasan SS72
Đèn Pha Màu sân khấu DMX Đổi Màu 1000W NE 039
Đèn Led Năng Lượng Mặt Trời Cảm Biến Hồng Ngoại 
Đèn led cảm ứng đóng mở cánh tủ
Đèn Led cảm ứng Từ Gắn cửa Chống trộm-Gắn Tủ quần áo
Đèn led có cổng sạc USB để bàn đa năng UB ( Giao màu ngẫu nhiên )
Đèn ngủ tích điện cảm ứng thông minh mô hình chim cao cấp - Hàng nhập khẩu
"Đèn led mini cảm ứng chạm cắm MicroUSB L2801 ( ĐỘ SÁNG CAO, TUỔI THỌ LÂU DÀI ) - 01 CHIẾC"
"Đèn led sân vườn , đèn led năng lượng mặt trời, cảm ứng"
Cảm ứng bật đèn gắn trần KONO KN-S03A
Đèn Laser Cầu Sóng Nước NE 606
Đèn Báo Cảm Biến Nhiệt Độ Tủ Điện Phi 22 T22-AC
ĐÈN LED CẢM ỨNG ACT3248A
Đèn Moving Laser 6 Mắt LED 60W NE 906
Đèn Moving 12 mắt Đảo 2 đầu NE 113
ĐUI ĐÈN CẢM BIẾN HỒNG NGOẠI IRHD1 MPE
Đèn 21 Led cắm USB cảm ứng chạm (Tặng kèm quạt mini cắm cổng USB vỏ nhựa giao màu ngẫu nhiên)
Đèn cảm ứng hồng ngoại BS137
ĐUI ĐÈN CẢM BIẾN HỒNG NGOẠI IRHD2 MPE
Đèn Moving LED Sport Light 100W NE 904
Đèn Led Ốp Nổi Tròn Cảm Biến Thông Minh 24w Ánh Sáng Trắng
Công Tắc Tăng Giảm Độ Sáng Đèn Dimmer Hình Vuông Wifi Tuya SHP-DM2
"Bóng đèn cảm biến hồng ngoại công suất 4W siêu sáng, tiết kiệm điện năng( Tặng nút kẹp cao su giữ dây điện- màu ngẫu nhiên)"
Đèn Laser 5 Màu 20 Hình NE 605  
Bộ 4 đèn pha cảm ứng hồng ngoại 10W
"Đèn cảm ứng gắn cầu thang, tủ đồ, toilet, tự động bật/tắt ánh sáng, sạc bằng USB tiện dụng"
Đèn cảm biến hồng ngoại sử dụng năng lượng mặt trời
Đèn Cảm Ứng Ban Đêm Xiaomi Yeelight (Cắm Điện)
"Đèn cảm ứng gắn cầu thang, tủ đồ, toilet, tự động bật/tắt ánh sáng, sạc bằng USB"
Đèn ngủ cảm ứng ban đêm thông minh tự động bật tắt
Đèn LED năng lượng mặt trời cảm biến chuyển động
"Đèn ngủ cảm ứng thông minh tự động bật tắt | Sáng màu nắng ấm |  Để bàn, treo xoay 360 độ và gắn tường tiện dụng"
"Đèn led cảm ứng 6 bóng sạc pin, ứng dụng phong phú: đèn ngủ, đèn trần, đèn tủ"
Đèn báo động chống trộm bằng năng lượng mặt trời
Đèn Cảm Ứng Ban Đêm Xiaomi Yeelight Rechargeable Night Light YLYD01YL (Dùng Pin)
Đèn pha bóng led cảm ứng ngoài trời 10W
Đèn LED Cảm Ứng Hồng Ngoại Dán Tường Siêu Sáng Pin Sạc 1500mAh
"Đèn LED Cảm Biến Chuyển Động Nhiều Kích Cỡ, Cảm Ứng Hồng Ngoại 3 Chế Độ"
Đèn cảm biến đêm Xiaomi Mijia MJYD04YL - Hàng Nhập Khẩu
"Đèn LED cảm ứng, cảm biến thông minh không dây, Pin sạc, nhận diện người có nam châm gắn tường xoay 360 độ làm đèn học, cho phòng ngủ, nhà vệ sinh, cho tủ quần áo, cầu thang, ban công, hành lang - MH2011"
Đèn cảm ứng 7 mắt LED dùng pin năng lượng mặt trời mẫu camera chống trộm
Đèn Cảm Biến Hồng Ngoại Xiaomi Mijia MJYD02YL Night Light 2 - Hàng Nhập Khẩu
Bộ 2 đèn 6 led ánh sáng vàng và trắng cảm ứng chuyển động hồng ngoại ( có pin đi kèm )
"Đèn LED cảm ứng thông minh không dây, Pin sạc, có nam châm gắn tường cho phòng ngủ, nhà vệ sinh tủ quần áo - DH2011"
"Bộ đèn cảm ứng hình con nhộng nhỏ gọn dùng trong xe ô tô, hộc tủ bàn ghế Baseus Capsule Car Interior Lights ( 2 cái/ bộ)- Hàng chính hãng( giao màu ngẫu nhiên )"
Đèn cảm ứng hồng ngoại
"Bóng led cảm biến Radar cực nhạy CR-SMART 9W phát hiện chuyển động thương hiệu Crealed thông minh, tiện lợi ,an toàn "
Đèn Cảm Biến Chuyển Động Ban Đêm Xiaomi Mijia - Hàng Nhập Khẩu
Đèn led tự động sáng nhà vệ sinh sử dụng công nghệ cảm biến chuyển động ban đêm
"Bộ 3 Đèn Eufy Lumi Dual-bright, 0.2W - T1305"
Đèn cảm ứng năng lượng mặt trời ver 2.0
"Bóng đèn led Cảm biển chuyển động Thân nhiệt Thiết kế cho thị trường VN Siêu Nhạy 9W, Siêu Tiết Kiệm Độ sáng cao"
Đèn cảm ứng ban đêm Xiaomi Yeelight Motion Nightlight - Hàng chính hãng
Đèn Cảm Ứng Hồng Ngoại Led Light Angel
 COMBO ĐUÔI ĐÈN CẢM ỨNG HỒNG NGOẠI E27 có phích cắm - TR02 + BÓNG ĐÈN LED ĐUÔI VẶN TRÒN E27 20W-220AC.
"Đèn cảm ứng chuyển động thông minh Baseus Sunshine Series - WARDROBE Edition (800mAh, Human body Induction/ PIR Intelligent Motion Sensor LED Nightlight) - Hàng chính hãng"
"Bóng led cảm biến Radar CR-SMART công suất  15W phát hiện chuyển động để phát sáng thương hiệu Crealed , tiết kiệm điện, tiện lợi,ánh sáng tốt và cực kỳ an toàn"
Đèn LED Cảm Ứng Hồng Ngoại Dùng Pin Sạc - Nhiều Kích Cỡ
COMBO ĐUÔI ĐÈN CẢM ỨNG HỒNG NGOẠI E27 có phích cắm - TR01 + BÓNG ĐÈN LED ĐUÔI VẶN TRÒN E27 20W-220AC.
Đèn bàn LED Rạng Đông Cảm ứng DIM CCT Model: RD-RL-36.LED
"Bộ 3 Đèn Eufy Lumi Stick-On Night Light, 0.1W - T1301"
Combo 2 Bóng Đèn Cảm Biến Chuyển Động Rada Cực Nhạy cho thị trường việt nam 7W Model 2020 Led Loại Cao Cấp
Đèn Cảm Ứng Đèn LED Cảm Biến Chuyển Động Có Giá Đỡ Hình Tai Mèo
Bộ 2 đèn pha cảm ứng hồng ngoại 20W
"Đui đèn thông minh cảm biến hồng ngoại, ánh sáng có thể cắm trực tiếp vào ổ cắm, tiết kiệm năng lượng"
Đèn cảm ứng theo chuyển động thông minh pin sạc Baseus - Hàng chính hãng
"Đèn Led cảm ứng kiêm Đồng hồ mini (dán tủ, tường, phòng ngủ, nhà tắm, nhà vệ sinh...)"
"ĐÈN LED HỌC/ ĐÈN NGỦ/ ĐÈN BẾP/ ĐÈN CẦU THANG CẢM ỨNG KHÔNG DÂY DÙNG PIN SẠC TIỆN LỢI, DÙNG MIẾNG DÍNH – 2500MAH"
"Đèn led cảm ứng dán tủ, tường, hành lang cầu thang tiện lợi V2 (hình vuông) - Cảm ứng hồng ngoại"
Đèn Báo Động Năng Lượng Mặt Trời 110db
"Đèn Led Cảm Biến Công Suất 30w Cảm Biến Hồng Ngoại Thân Nhiệt, Tùy Chỉnh Ngày Đêm , Cảm Biến Tự Động Tắt Bật Thông Minh Tiện Lợi"
Đui đèn cảm ứng chuyển động ( đui E27)
Đèn led sân khấu 36 led cảm ứng nhạc ánh sáng trắng
