"Dép đi trong nhà tắm mềm mại, dép mang trong nhà hay văn phòng đều phù hợp và thoải mái - Đặc biệt dép nhựa không mùi"
Dép đi nhà tắm văn phòng siêu bền
Dép đi nhà tắm đúc nguyên khối YORN
Dép Nhựa Mềm Nhanh Khô - DNT03
Dép Đi Trong Nhà Tắm Chống Trơn Trượt Hàn Quốc (Giao Màu Ngẫu Nhiên)
Dép Lỗ Đi Trong Nhà Tắm
Dép đi trong nhà cao cấp siêu bền - Hàng chính hãng
Dép đi trong nhà Hàn Quốc - Hàng chính hãng
Dép chống trơn đi trong nhà tắm
Dép S'line Hàn Quốc siêu bền đi trong nhà tắm - Nhập khẩu chính hãng
"Dép đi trong nhà nhà tắm cao cấp, dép mát xa chân đúc nguyên khối SP-0101"
Dép đi nhà tắm văn phòng siêu bền
Dép Nhựa Cao cấp có lỗ chống trượt Trong Nhà Tắm
Dép đi trong nhà JP19
Dép bàn chải chà massage chân Easy Feet tiện lợi
Dép xốp dẻo đi trong nhà đế chống trượt
Dép S'line Hàn Quốc siêu bền đi trong nhà tắm - Nhập khẩu chính hãng (Tặng Gói Trà Sữa Matcha Macca)
"Combo 3 Đôi Dép Đi Trong Nhà Nhựa Nguyên Khối Siêu Bền, Nhẹ,Đẹp-MAUNGAUNHIEN"
"Dép đi trong nhà tắm êm ái, thiết kế khô thoáng"
"Dép Bàn chải Massage chân, rửa chà gót chân Dụng cụ rửa chân đa năng tặng chai xịt giày"
Dép đi trong nhà hình quả táo
Dép nhựa Shabath SA10685
Dép Massage Đi Trong Nhà Tắm Kẻ Sọc - (Màu Ngẫu Nhiên)
Dép bàn chải chà chân đa năng
Bộ 2 Dép Nhựa Dẻo Đi Trong Nhà Kiểu Bọt Biển (giao màu ngẫu nhiên)
Combo 2 đôi dép S'line Hàn Quốc siêu bền đi trong nhà tắm - Nhập khẩu chính hãng (giao màu ngẫu nhiên)
Combo 2 đôi dép S'line siêu bền đi trong nhà tắm (Nhập khẩu chính hãng) + Tặng 2 móc dán tường siêu dính
"Bộ 3 đôi dép đi trong nhà mẫu hở mũi, lưu thông máu huyết - Japan"
Dép cao su phòng tắm DCS03
Dép sục nhựa siêu nhẹ thoáng khí nam nữ màu Nâu size L Nội địa Nhật Bản
Combo Dép Massage + Ghế Để Chân WC - Nội Địa Nhật Bản
Dép cao su phòng tắm DCS03
"Bộ 2 đôi dép đi trong nhà mẫu hở mũi, lưu thông máu huyết - Japan"
