"Xe trượt scooter Babyfast 3 bánh an toàn cho trẻ em của Babyhop chịu lực 90kg phù hợp cho cả bé trai và gái, bánh xe phát sáng vĩnh cửu, rèn luyện vận động, tăng chiều cao cho bé - Hàng chính hãng"
Túi 100 Quả Bóng Nhựa Cho Bé Vui Chơi
Quây bóng quây cũi khung Inox cho bé gái  (có cửa chui)
"Xe trượt scooter 3 bánh cao cấp dành cho bé, phát nhạc, bánh xe phát sáng vĩnh cửu, rèn luyện vận động, tăng chiều cao cho bé, chịu lực lên tới 90kg"
Quây cũi kiêm nhà bóng
Túi 100 Quả Bóng Nhựa Cho Bé Vui Chơi
Đồ chơi trẻ em bằng nhựa ABS Vô Lăng Tập Lái Cho Bé Có 2 màu cho bé trai và gái
Quây cũi kiêm nhà bóng
Xe Scooter của Đức tính năng 2 trong 1 có đèn và chong chóng
Xe scooter đa năng 5 trong 1 Roadstar freekids chính hãng cho bé 1-2-3-6 tuổi biến hình thông minh phiên bản 2020 kèm cần đẩy
Bàn Bóng Đá Trẻ Em Bi Lắc Chất Lượng Cao
ĐỒ CHƠI LÒ XO CẦU VÒNG  (7cm x 7cm x 7cm)
"Xe đạp trẻ em Nhựa Chợ Lớn 14 inch K89 - M1616-X2B, Sườn xe bằng sắt chịu lực, Nhựa chính phẩm an toàn, Sản xuất tại Việt Nam - Hàng chính hãng"
Nhà banh cho bé khung inox chắc chắn - Quây bóng quây cũi  trẻ em - Tặng kèm 100 bóng nhựa
Xe đạp Nhựa Chợ Lớn 12 inch K106 - M1820-X2B - Giao màu ngẫu nhiên
"Xe Cẩu Điện Điều Khiển Cỡ Lớn Có Nhạc, Ghế Tựa Lưng Cho Bé Yêu"
Bộ Đồ Chơi Câu Cá Cho Bé - Bể phao 62*47*7 cm
Quây cũi kiêm nhà bóng cho bé (100 bóng nhựa cho bé)
Xe Tập Đi Bằng Gỗ Winwintoys 60012K
Xe Chòi Chân Motion Thăng Bằng 3 Có Bàn Đạp
Xe đạp trẻ em 2 gióng màu Hồng dành cho bé gái
"Giày Patin Thời Trang Trẻ Em - Cả 8 Bánh Có Đèn, Đầy Đủ Bảo Hộ Phụ Kiện - TẶNG Kèm Móc Khóa La Bàn Sao Biển Bibotoys"
Xe Trượt Scooter 3 Bánh Phát Sáng Cho Bé - Kiểu mới 
Xe chòi chân cao cấp cho bé từ 1-5 tuổi
Quây cũi kiêm nhà bóng khung thép kèm 100 bóng nhựa cho bé
Ngựa bập bênh kiêm xe đẩy bé đi chơi - xe chòi chân hình ngựa - 3 trong 1 Toyshouse - TH520-RH02
Xe chòi Cần Cẩu cho Bé - XE28
Nhà bóng khung inox cho bé - Tặng kèm 100 bóng
Nhà Banh Doremon Kèm 100 Bóng Màu Sắc
Bộ cầu trượt xích đu bóng rổ cho bé
Túi 30 Quả Bóng Nhựa Màu Ngẫu Nhiên Cho Bé Vui Chơi
Xe đạp Nhựa Chợ Lớn 12 inch K105 - M1818-X2B - Giao màu ngẫu nhiên
"Xe Scooter, Xe Trượt Scooter Cao Cấp"
Xe chòi chân thăng bằng Mini Bike (có nhạc + đèn)-  màu cho bé trai
Xe đạp chòi chân trẻ em Broller BABY PLAZA QT-8095A
Xe cẩu chòi chân có còi nhạc cho bé
Ngựa bập bênh kiêm xe chòi chân cho bé (có nhạc + bánh xe + đệm lót)
Quây cũi kiêm nhà bóng
Quây bóng quây cũi khung Inox cho bé trai  (có cửa chui)
Con Quay B-105 Z Achilles 11 BEYBLADE XT-971368
Con Quay B-117 Revive Phoenix 10 BEYBLADE Fr-119074
Xe chòi chân hình Ô tô Broller CC-3392-2
Con quay Hand Spinner giao màu ngẫu nhiên
Con Quay B-104 Winning Valkyrie 12 BEYBLADE 965121
Con Quay Hand Fidget Spinner 3 Cánh Nhôm Cao Cấp
Xe Thăng Bằng Ander Basic AKB1209 - Xanh Lá
Đồ chơi bàn bi lắc bóng đá Table Top Foosball (Gỗ) - Bàn Bóng Đá Bi Lắc Trẻ Em Chính Hãng
"Xe Scooter, Xe Trượt Scooter Cho Bé Gái"
Quây cũi hình lục giác khung inox cửa khóa
Xe ô tô điện thể thao Lamborghini BABY PLAZA NEL-603
Xích Đu Nhún Nhảy KG102
Con Quay Ba Cánh Trinity Handicraft
Xe lắc trẻ em Đại Đồng Tiến  Cute Rider- Dog
"Xe Scooter Đa Năng 5 In 1 Dành Cho Bé Từ 1,5 - 6 Tuổi - Hàng Chính Hãng"
Xe đạp thăng bằng hàng Cao cấp 2019 (xe cân bằng cho bé)
"Xe chòi chân, Xe Chòi Chân Cho Bé Rẻ Đẹp, Xe chòi chân 4 bánh tự cân bằng cho bé yêu - siêu dễ thương - TẶNG KÈM ĐÀN XILOPHONE 8 THANH CHO BÉ"
Xe Đạp Trẻ Em Phong Cách Thể Thao Cho Bé Từ 2 Đến 8 Tuổi SuBaRa X2
Nhà bóng nhún lò xo có lan can bảo vệ chống va chạm an toàn cho bé OC588
Xe đạp trẻ em 3 bánh BABY PLAZA XD3-516
Túi 100 Quả Bóng Nhựa Nhiều Màu Cho Bé Vui Chơi
XE ĐẠP CHÒI CHÂN TRẺ EM(Giao màu ngẫu nhiên)
Xe scooter đa năng 5 trong 1  cho  bé
Xe đạp trẻ em 3 bánh Broller  BABY PLAZA XD3-2015
"Xe cần cẩu kiêm xe chòi chân cho bé, có đèn có nhạc tặng kèm thước đo chiều cao cho bé"
Con Quay Spinner Phi Thuyền Spaceship Handicraft
"Xe Thăng Bằng Tập Đi Cho Bé, Xe Chòi Chân Cho Bé Từ 18 Tháng Đến 5 Tuổi, Giúp Bé Ham Vận Động, Phát Triển Thể Chất Tối Ưu EBV GROUP An Toàn, Bền Đẹp - Hàng Chính Hãng"
Xe lắc trẻ em có nhạc Song Long 1258 - màu ngẫu nhiên
Xe đạp thể thao trẻ em Hugo dành cho bé từ 2 đến 9 tuổi FREYA (Đủ màu sắc)
Xe chòi chân 4 bánh giúp bé giữ thăng bằng cho bé tập đi tặng kèm thước đo chiều cao cho bé   shop giao mầu ngẫu nhiên
Đồ Chơi Túi Bóng Mầm Non 50 Quả Phi 8cm Nhiều Màu Sắc Cho Bé B50
Bộ Bể Phao Cho Bé Câu Cá (Màu ngẫu nhiên)
Lều Bóng Chấm Bi + Tặng Kèm Túi 100 Quả Bóng Cho Bé
Con quay có đèn và nhạc - Đồ chơi giải trí cho trẻ em
Đồ Chơi Gỗ Bàn Bi Lắc Đồ Chơi Vận Động Cho Bé 
"Thú Nhún Cho Bé, Thú Nhún (Màu Ngẫu Nhiên)"
Xe Trượt Scooter XJ 666 mới 3 bánh thông minh dễ cân bằng cho bé trai bé gái từ 3 tuổi đến 8 tuổi có thể thay đổi chiều cao 3 nấc cùng với sự phát triển của bé 
"Xe trượt scooter ba bánh phát sáng nhiều màu, có chuông cho bé vận động"
Giày Trượt 2 Bánh Gót Cho Bé Gái 3 - 15 Tuổi GB01
XE 3 BÁNH K100 CHO BÉ ( GIAO MÀU NGẪU NHIÊN ) 
Xe chòi chân Luddy 1006
"Xe trượt scooter 3 bánh phát sáng, có chuông cho bé (giao màu ngẫu nhiên)"
Bộ Cầu Trượt Kuka Điều Chỉnh Được Độ Cao Edu.play Hàn Quốc - Dành cho bé từ 3 tuổi trở lên
Thú Nhún Con Hươu Bơm Hơi Cao Cấp Cho Bé BH11
Két Sắt Mini Cho Bé Kèm Con Quay Bất Kì
Cầu trượt đơn máng dài 1m70 cho bé hình kỳ lân
Đồ chơi Con Quay Beyblade Burst kèm tay phòng Deathsizer B-12 Takara Tomy
Túi 100 Quả Bóng Nhựa Cho Bé Vui Chơi
Xe chòi chân thăng bằng đa năng BABY kết hợp xe đạp 3 bánh cho bé tập đi (nhiều màu sắc lựa chọn)
Xe đạp xe thăng bằng trẻ em 2 trong 1 cao cấp (1-3-6 tuổi) 
Xe chòi chân thăng bằng cho bé 4 bánh 
"Giày Patin Có Đèn Led 8 Bánh Thời Trang - Tặng đầy đủ mũ bảo hiểm, phụ kiện chơi và đồ bảo hộ"
Xe thăng bằng chòi chân cho bé Em bé Vàng PP23860 (Giao màu ngẫu nhiên)
Đồ Chơi Gỗ Bàn Bi Lắc Mini 6 Tay Cầm Chất Lượng Cao - Đồ Chơi Vận Động Cho Bé + Tặng Kèm 1 Sâu Bướm Bằng Gỗ
Diều Thả Dài 150cm Đại Bàng Doremon Công Chúa Mặt Cười Hoạt Hình Kèm Cuộn Dây 100 mét
Đồ chơi bàn bi lắc 6 bàn đánh new ( tặng ví đựng thẻ card )
Xe đạp bánh 12 cho bé trai/bé gái 3-4 tuổi
COMBO 2 LÒ XO CẦU VÒNG-SIZE LỚN (7CM X 7CM X7CM)
Xe chòi chân cân bằng  cho bé 
Nhà nhún lò xo cao cấp
bộ câu cá cho bé 4 ô có nam châm hút và phát nhạc đồ chơi giải trí 
"XE CHÒI CHÂN MINI XIAOLEXIONG XL25, Xe CHÒI CHÂN TĂNG SỨC VẬN ĐỘNG CHO BÉ."
"Xe đạp 3 bánh, chòi chân, cân bằng kiêm Scooter đa năng 5 trong 1 Joovy – N5 dành cho bé từ 1 tới 6 tuổi (Đồ chơi vận động) "
Xe trượt scooter cho bé  GT3206
Súng Nước Áp Lực AOTAI M810 (Màu Ngẫu Nhiên)
Bàn bi lắc Mini Adult Table 8 tay Màu đen - Model 2020 bằng gỗ kích thước size 121*61*790 cm nặng 21kg
Bộ Đồ Chơi Sato Bóng Bowling Kid 2.0 Cho Bé
"Xe lắc tay trẻ em BROLLER XL8098 có đèn, nhạc"
Con Quay Lốc Xoáy Sấm Sét LEGO 70660
XE LẮC Ô TÔ CHÒI CHÂN CHO BÉ
Túi 100 Quả Bóng Nhựa Cho Bé Vui Chơi
Trò chơi labyrinth PKS cho bé - giúp bé cai điện thoại 
Xe chòi chân mini cho bé
Con quay Hand Spinner da quang
Đồ chơi Con Quay Beyblade Burst kèm tay phóng Storm Sprigan. K.U B-35 Takara Tomy
XE ĐIỆN TRẺ EM SIÊU HOT SD8899
Xe Thăng Bằng Trẻ Em - KUB - Bánh Rộng Khó Ngã
Thú Nhún Hình Tuần Lộc (Loại Lớn) - Giao Màu Ngẫu Nhiên
Đồ Chơi Yo-yo Mideer
Nhà bóng vui chơi cho bé kèm 100 bóng (giao màu ngẫu nhiên)
Giày patin trẻ em thời trang có đèn led - Đầy đủ bảo hộ và phụ kiện
Đồ Chơi Bập Bênh Hình Con Ngựa Cho Bé -BB07
"Bộ quây cũi nhựa ( kèm thảm, 100 bóng, giỏ đựng đồ)"
Thú Nhún Bơm Hơi Hình Ngựa Không Nhạc Cho Bé Yêu ( Tặng 1 muỗng ăn )
Đồ Chơi Túi 48 Quả Bóng Nhựa Loại Lớn Cho Bé Chơi Nhà Banh BENRIKIDS-NB
"Xe scooter 3 bánh tự cân bằng, xe scooter 3 in 1 cho bé, có ghế gấp gọn, có nhạc và đèn LED bánh xe "
Bộ khung thành bóng đá cho bé
Giày Patin thể thao trẻ em - màu hồng 
Con Quay B-110 Bloody Longinus 13 BEYBLADE 103479
"Bộ đồ chơi câu cá - Hình Rổ Đựng, sinh vật biển và màu Ngẫu Nhiên"
Bóng bi lắc bàn HARVARD - Ball Black White High Quality - size 36mm
Xe đạp thể thao trẻ em từ 2 - 9 tuổi đủ màu sắc
"Xe chòi chân 4 bánh tự cân bằng giúp bé giữ thăng bằng cho bé tập đi - siêu dễ thương (TẶNG KÈM BẢNG GHÉP TRANH 9 MẢNH CHO BÉ - CHỦ ĐỀ NGẪU NHIÊN), xe chòi chân mini 4 bánh cho bé, xe chòi chân, xe chòi chân cho bé"
Xe Đạp Trẻ Em Có Giảm Xóc Cho Bé Màu Đỏ Từ 2-9 tuổi
Xe đạp ba bánh trẻ em S400
Thú nhún có nhạc cho bé -màu đỏ
Đồ Chơi Ngựa Bập Bênh Cho Bé - NB23
Giày Patin COUGAR Pro hàng chính hãng cao cấp có thể tháo boot ra để giặt bánh cao su đặc dành cho bé từ 3 tuổi đến 15 tuổi trò chơi lành mạnh giúp bé tăng cường sức khoẻ phát triển chiều cao
Yoyo Super Wings Cơ Bản - Cảnh sát Paul YW711213
XE 3 BÁNH DS138-1 (NEW) CHO BÉ ( GIAO MÀU NGẪU NHIÊN )
Bể bơi 3 tầng 1m6
Con Quay 9 Bánh Răng Liên Kết Gear Handicraft Spinner
"Xe Trượt Scooter Cao Cấp 3 Bánh Phát Sáng, Phát Nhạc - Hàng chính hãng"
Bàn Bóng Đá miDoctor - Bàn Bóng Đá Bi Lắc Trẻ Em Chính Hãng
Đồ Chơi Túi Bóng Nhựa 24 Quả Loại Lớn Cho Bé Chơi Nhà Banh BENRIKIDS-B24
"Xe trượt scooter Babyfast 3 bánh an toàn cho trẻ em của Babyhop chịu lực 90kg phù hợp cho cả bé trai và gái, bánh xe phát sáng vĩnh cửu, rèn luyện vận động, tăng chiều cao cho bé - Hàng chính hãng"
Túi 100 Quả Bóng Nhựa Cho Bé Vui Chơi
Quây bóng quây cũi khung Inox cho bé gái  (có cửa chui)
"Xe trượt scooter 3 bánh cao cấp dành cho bé, phát nhạc, bánh xe phát sáng vĩnh cửu, rèn luyện vận động, tăng chiều cao cho bé, chịu lực lên tới 90kg"
Quây cũi kiêm nhà bóng
Túi 100 Quả Bóng Nhựa Cho Bé Vui Chơi
Đồ chơi trẻ em bằng nhựa ABS Vô Lăng Tập Lái Cho Bé Có 2 màu cho bé trai và gái
Quây cũi kiêm nhà bóng
Xe Scooter của Đức tính năng 2 trong 1 có đèn và chong chóng
Xe scooter đa năng 5 trong 1 Roadstar freekids chính hãng cho bé 1-2-3-6 tuổi biến hình thông minh phiên bản 2020 kèm cần đẩy
Bàn Bóng Đá Trẻ Em Bi Lắc Chất Lượng Cao
ĐỒ CHƠI LÒ XO CẦU VÒNG  (7cm x 7cm x 7cm)
"Xe đạp trẻ em Nhựa Chợ Lớn 14 inch K89 - M1616-X2B, Sườn xe bằng sắt chịu lực, Nhựa chính phẩm an toàn, Sản xuất tại Việt Nam - Hàng chính hãng"
Nhà banh cho bé khung inox chắc chắn - Quây bóng quây cũi  trẻ em - Tặng kèm 100 bóng nhựa
Xe đạp Nhựa Chợ Lớn 12 inch K106 - M1820-X2B - Giao màu ngẫu nhiên
"Xe Cẩu Điện Điều Khiển Cỡ Lớn Có Nhạc, Ghế Tựa Lưng Cho Bé Yêu"
Bộ Đồ Chơi Câu Cá Cho Bé - Bể phao 62*47*7 cm
Quây cũi kiêm nhà bóng cho bé (100 bóng nhựa cho bé)
Xe Tập Đi Bằng Gỗ Winwintoys 60012K
Xe Chòi Chân Motion Thăng Bằng 3 Có Bàn Đạp
Xe đạp trẻ em 2 gióng màu Hồng dành cho bé gái
"Giày Patin Thời Trang Trẻ Em - Cả 8 Bánh Có Đèn, Đầy Đủ Bảo Hộ Phụ Kiện - TẶNG Kèm Móc Khóa La Bàn Sao Biển Bibotoys"
Xe Trượt Scooter 3 Bánh Phát Sáng Cho Bé - Kiểu mới 
Xe chòi chân cao cấp cho bé từ 1-5 tuổi
Quây cũi kiêm nhà bóng khung thép kèm 100 bóng nhựa cho bé
Ngựa bập bênh kiêm xe đẩy bé đi chơi - xe chòi chân hình ngựa - 3 trong 1 Toyshouse - TH520-RH02
Xe chòi Cần Cẩu cho Bé - XE28
Nhà bóng khung inox cho bé - Tặng kèm 100 bóng
Nhà Banh Doremon Kèm 100 Bóng Màu Sắc
Bộ cầu trượt xích đu bóng rổ cho bé
Túi 30 Quả Bóng Nhựa Màu Ngẫu Nhiên Cho Bé Vui Chơi
Xe đạp Nhựa Chợ Lớn 12 inch K105 - M1818-X2B - Giao màu ngẫu nhiên
"Xe Scooter, Xe Trượt Scooter Cao Cấp"
Xe chòi chân thăng bằng Mini Bike (có nhạc + đèn)-  màu cho bé trai
Xe đạp chòi chân trẻ em Broller BABY PLAZA QT-8095A
Xe cẩu chòi chân có còi nhạc cho bé
Ngựa bập bênh kiêm xe chòi chân cho bé (có nhạc + bánh xe + đệm lót)
Quây cũi kiêm nhà bóng
Quây bóng quây cũi khung Inox cho bé trai  (có cửa chui)
Con Quay B-105 Z Achilles 11 BEYBLADE XT-971368
Con Quay B-117 Revive Phoenix 10 BEYBLADE Fr-119074
Xe chòi chân hình Ô tô Broller CC-3392-2
Con quay Hand Spinner giao màu ngẫu nhiên
Con Quay B-104 Winning Valkyrie 12 BEYBLADE 965121
Con Quay Hand Fidget Spinner 3 Cánh Nhôm Cao Cấp
Xe Thăng Bằng Ander Basic AKB1209 - Xanh Lá
Đồ chơi bàn bi lắc bóng đá Table Top Foosball (Gỗ) - Bàn Bóng Đá Bi Lắc Trẻ Em Chính Hãng
"Xe Scooter, Xe Trượt Scooter Cho Bé Gái"
"Xe trượt scooter Babyfast 3 bánh an toàn cho trẻ em của Babyhop chịu lực 90kg phù hợp cho cả bé trai và gái, bánh xe phát sáng vĩnh cửu, rèn luyện vận động, tăng chiều cao cho bé - Hàng chính hãng"
Túi 100 Quả Bóng Nhựa Cho Bé Vui Chơi
Quây bóng quây cũi khung Inox cho bé gái  (có cửa chui)
"Xe trượt scooter 3 bánh cao cấp dành cho bé, phát nhạc, bánh xe phát sáng vĩnh cửu, rèn luyện vận động, tăng chiều cao cho bé, chịu lực lên tới 90kg"
Quây cũi kiêm nhà bóng
Túi 100 Quả Bóng Nhựa Cho Bé Vui Chơi
Đồ chơi trẻ em bằng nhựa ABS Vô Lăng Tập Lái Cho Bé Có 2 màu cho bé trai và gái
Quây cũi kiêm nhà bóng
Xe Scooter của Đức tính năng 2 trong 1 có đèn và chong chóng
Xe scooter đa năng 5 trong 1 Roadstar freekids chính hãng cho bé 1-2-3-6 tuổi biến hình thông minh phiên bản 2020 kèm cần đẩy
Bàn Bóng Đá Trẻ Em Bi Lắc Chất Lượng Cao
ĐỒ CHƠI LÒ XO CẦU VÒNG  (7cm x 7cm x 7cm)
"Xe đạp trẻ em Nhựa Chợ Lớn 14 inch K89 - M1616-X2B, Sườn xe bằng sắt chịu lực, Nhựa chính phẩm an toàn, Sản xuất tại Việt Nam - Hàng chính hãng"
Nhà banh cho bé khung inox chắc chắn - Quây bóng quây cũi  trẻ em - Tặng kèm 100 bóng nhựa
Xe đạp Nhựa Chợ Lớn 12 inch K106 - M1820-X2B - Giao màu ngẫu nhiên
"Xe Cẩu Điện Điều Khiển Cỡ Lớn Có Nhạc, Ghế Tựa Lưng Cho Bé Yêu"
Bộ Đồ Chơi Câu Cá Cho Bé - Bể phao 62*47*7 cm
Quây cũi kiêm nhà bóng cho bé (100 bóng nhựa cho bé)
Xe Tập Đi Bằng Gỗ Winwintoys 60012K
Xe Chòi Chân Motion Thăng Bằng 3 Có Bàn Đạp
Xe đạp trẻ em 2 gióng màu Hồng dành cho bé gái
"Giày Patin Thời Trang Trẻ Em - Cả 8 Bánh Có Đèn, Đầy Đủ Bảo Hộ Phụ Kiện - TẶNG Kèm Móc Khóa La Bàn Sao Biển Bibotoys"
Xe Trượt Scooter 3 Bánh Phát Sáng Cho Bé - Kiểu mới 
Xe chòi chân cao cấp cho bé từ 1-5 tuổi
Quây cũi kiêm nhà bóng khung thép kèm 100 bóng nhựa cho bé
Ngựa bập bênh kiêm xe đẩy bé đi chơi - xe chòi chân hình ngựa - 3 trong 1 Toyshouse - TH520-RH02
Xe chòi Cần Cẩu cho Bé - XE28
Nhà bóng khung inox cho bé - Tặng kèm 100 bóng
Nhà Banh Doremon Kèm 100 Bóng Màu Sắc
Bộ cầu trượt xích đu bóng rổ cho bé
Túi 30 Quả Bóng Nhựa Màu Ngẫu Nhiên Cho Bé Vui Chơi
Xe đạp Nhựa Chợ Lớn 12 inch K105 - M1818-X2B - Giao màu ngẫu nhiên
"Xe Scooter, Xe Trượt Scooter Cao Cấp"
Xe chòi chân thăng bằng Mini Bike (có nhạc + đèn)-  màu cho bé trai
Xe đạp chòi chân trẻ em Broller BABY PLAZA QT-8095A
Xe cẩu chòi chân có còi nhạc cho bé
Ngựa bập bênh kiêm xe chòi chân cho bé (có nhạc + bánh xe + đệm lót)
Quây cũi kiêm nhà bóng
Quây bóng quây cũi khung Inox cho bé trai  (có cửa chui)
Con Quay B-105 Z Achilles 11 BEYBLADE XT-971368
Con Quay B-117 Revive Phoenix 10 BEYBLADE Fr-119074
Xe chòi chân hình Ô tô Broller CC-3392-2
Con quay Hand Spinner giao màu ngẫu nhiên
Con Quay B-104 Winning Valkyrie 12 BEYBLADE 965121
Con Quay Hand Fidget Spinner 3 Cánh Nhôm Cao Cấp
Xe Thăng Bằng Ander Basic AKB1209 - Xanh Lá
Đồ chơi bàn bi lắc bóng đá Table Top Foosball (Gỗ) - Bàn Bóng Đá Bi Lắc Trẻ Em Chính Hãng
"Xe Scooter, Xe Trượt Scooter Cho Bé Gái"
"Khung vận động, xà đu đa năng hình thang cho bé WOOD ACTIVE3"
THÚ NHÚN BƠM HƠI CHO BÉ - GIAO MÀU NGẪU NHIÊN
Xe trượt scooter Centosy C3
BỘ XE HƠI BÓNG BAY Giao Màu Ngẫu Nhiên
Ván trượt  penny
Xe  3 bánh đa năng có bàn đạp có mái che khung trắng
Bộ Đồ Chơi Tạo Hình Cát Bãi Biển Gồm 11 Chi Tiết Hàng Cao Cấp
Bộ đồ chơi bóng rổ vận động cho bé
Thú Nhún Tuần Lộc Đồ Chơi Cho Bé Yêu BH11
Xe trượt scooter xanh dương gấu cho bé
Ván Trượt Thể Thao Cỡ Lớn VT2
XE MÁY ĐIỆN TRẺ EM VES.PA CỔ XM3279 HỒNG CHO BÉ GÁI TỪ 2 ĐẾN 9 TUỔI DỄ THƯƠNG
Combo Lều bóng hươu cao cổ cho bé + Tặng kèm 100 bóng 
Xe đạp trẻ em 1 gióng cho bé gái 38D
Xe máy điện trẻ em cao cấp BDQ-6199 dành cho bé 2- 8 tuổi
Con quay Hand Spinner
"Lều công chúa, lều hoàng tử vải mềm siêu đẹp mẫu mới"
Xe thăng bằng Ander Plus
 Bộ đồ chơi cánh quạt máy bay cho bé
Xe trượt scooter Centosy Y5
Mô Hình Siku Xe Lamborghini Veneno 1485 (giao ngẫu nhiên)
"Bàn bi lắc bóng đá, bộ đồ chơi đá banh, đồ chơi bàn bi lắc cho bé, bàn bi lắc mini, sân bóng đá mini+ Tặng hình dán ngẫu nhiên"
Phun nước Nhựa Chợ Lớn hình Siêu anh hùng - M1795-BB92
Con quay Hand Spinner 
Xe chòi chân cho bé -màu hồng
Xe đạp trẻ em in hình búp bê màu hồng 
Xe chòi chân khung kim loại cho bé Q4
Xe thăng bằng chòi chân giúp Bé vận động- Mẫu mới nhất- Màu Vàng
Con Quay Lốc Xoáy Nước Và Lốc Xoáy Tối Thượng LEGO 70663
Ván trượt Penny nhập khẩu cao cấp - tiêu chuẩn thi đấu 
Xe thăng bằng - xe đạp 3 bánh đa năng cho bé. Xe thăng bằng có bàn đạp kết hợp xe chòi chân Sport cho bé - TẶNG KÈM ĐÀN XYLOPHONE 8 THANH CHO BÉ  
Mô Hình Siku Xe Apollo Ie 1527
Thú nhún Tuần Lộc bơm hơi có nhạc cho bé Giao màu ngẫu nhiên
Xe lắc có nhạc cho bé Broller  BABY PLAZA SZ-002
Ván Trượt Hình Người Nhện Cho Bé VT1
Xe Đạp 3 Bánh Tập Đi Dễ Thương (giao màu ngẫu nhiên)
Bánh Xe Gắn Giày Trượt Patin Cho Bé An Toàn (giao màu ngẫu nhiên)
Đồ chơi ZYCOM 212-358 Xe scooter Zipper Zycom - Xanh lá
Xe Trượt Scooter Cho Bé - Có Đèn Phát Sáng
Xe Chòi Chân Cho Bé Hình Con Bò Đáng Yêu (Giao mẫu ngẫu nhiên)
Đồ Chơi Gỗ Bàn Chơi Khúc Côn Cầu
Xe chòi chân ô tô Cảnh sát ZESTER Z04
XE 3 BÁNH DS919 KHÔNG KÈM BÌNH NƯỚC CHO BÉ ( GIAO MÀU NGẪU NHIÊN ) 
Con quay YOYO bằng hợp kim siêu bền đẹp - Con quay YOYO cho bé
"Xe trượt scooter có đèn  nhạc, có Ghế ngồi chòi chân + Tặng kèm 1khăn yếm tam giác cho bé"
Xe trượt Scooter ba bánh phát sáng - gấp gọn
Lều bóng cho bé (không kèm bóng)
Xe chòi chân cần cẩu CC1388
"Xe trượt scooter Babyfast 3 bánh an toàn cho trẻ em của Babyhop chịu lực 90kg phù hợp cho cả bé trai và gái, bánh xe phát sáng vĩnh cửu, rèn luyện vận động, tăng chiều cao cho bé - Hàng chính hãng"
Túi 100 Quả Bóng Nhựa Cho Bé Vui Chơi
Quây bóng quây cũi khung Inox cho bé gái  (có cửa chui)
"Xe trượt scooter 3 bánh cao cấp dành cho bé, phát nhạc, bánh xe phát sáng vĩnh cửu, rèn luyện vận động, tăng chiều cao cho bé, chịu lực lên tới 90kg"
Quây cũi kiêm nhà bóng
Túi 100 Quả Bóng Nhựa Cho Bé Vui Chơi
Đồ chơi trẻ em bằng nhựa ABS Vô Lăng Tập Lái Cho Bé Có 2 màu cho bé trai và gái
Quây cũi kiêm nhà bóng
Xe Scooter của Đức tính năng 2 trong 1 có đèn và chong chóng
Xe scooter đa năng 5 trong 1 Roadstar freekids chính hãng cho bé 1-2-3-6 tuổi biến hình thông minh phiên bản 2020 kèm cần đẩy
Bàn Bóng Đá Trẻ Em Bi Lắc Chất Lượng Cao
ĐỒ CHƠI LÒ XO CẦU VÒNG  (7cm x 7cm x 7cm)
"Xe đạp trẻ em Nhựa Chợ Lớn 14 inch K89 - M1616-X2B, Sườn xe bằng sắt chịu lực, Nhựa chính phẩm an toàn, Sản xuất tại Việt Nam - Hàng chính hãng"
Nhà banh cho bé khung inox chắc chắn - Quây bóng quây cũi  trẻ em - Tặng kèm 100 bóng nhựa
Xe đạp Nhựa Chợ Lớn 12 inch K106 - M1820-X2B - Giao màu ngẫu nhiên
"Xe Cẩu Điện Điều Khiển Cỡ Lớn Có Nhạc, Ghế Tựa Lưng Cho Bé Yêu"
Bộ Đồ Chơi Câu Cá Cho Bé - Bể phao 62*47*7 cm
Quây cũi kiêm nhà bóng cho bé (100 bóng nhựa cho bé)
Xe Tập Đi Bằng Gỗ Winwintoys 60012K
Xe Chòi Chân Motion Thăng Bằng 3 Có Bàn Đạp
Xe đạp trẻ em 2 gióng màu Hồng dành cho bé gái
"Giày Patin Thời Trang Trẻ Em - Cả 8 Bánh Có Đèn, Đầy Đủ Bảo Hộ Phụ Kiện - TẶNG Kèm Móc Khóa La Bàn Sao Biển Bibotoys"
Xe Trượt Scooter 3 Bánh Phát Sáng Cho Bé - Kiểu mới 
Xe chòi chân cao cấp cho bé từ 1-5 tuổi
Quây cũi kiêm nhà bóng khung thép kèm 100 bóng nhựa cho bé
Ngựa bập bênh kiêm xe đẩy bé đi chơi - xe chòi chân hình ngựa - 3 trong 1 Toyshouse - TH520-RH02
Xe chòi Cần Cẩu cho Bé - XE28
Nhà bóng khung inox cho bé - Tặng kèm 100 bóng
Nhà Banh Doremon Kèm 100 Bóng Màu Sắc
Bộ cầu trượt xích đu bóng rổ cho bé
Túi 30 Quả Bóng Nhựa Màu Ngẫu Nhiên Cho Bé Vui Chơi
Xe đạp Nhựa Chợ Lớn 12 inch K105 - M1818-X2B - Giao màu ngẫu nhiên
"Xe Scooter, Xe Trượt Scooter Cao Cấp"
Xe chòi chân thăng bằng Mini Bike (có nhạc + đèn)-  màu cho bé trai
Xe đạp chòi chân trẻ em Broller BABY PLAZA QT-8095A
Xe cẩu chòi chân có còi nhạc cho bé
Ngựa bập bênh kiêm xe chòi chân cho bé (có nhạc + bánh xe + đệm lót)
Quây cũi kiêm nhà bóng
Quây bóng quây cũi khung Inox cho bé trai  (có cửa chui)
Con Quay B-105 Z Achilles 11 BEYBLADE XT-971368
Con Quay B-117 Revive Phoenix 10 BEYBLADE Fr-119074
Xe chòi chân hình Ô tô Broller CC-3392-2
Con quay Hand Spinner giao màu ngẫu nhiên
Con Quay B-104 Winning Valkyrie 12 BEYBLADE 965121
Con Quay Hand Fidget Spinner 3 Cánh Nhôm Cao Cấp
Xe Thăng Bằng Ander Basic AKB1209 - Xanh Lá
Đồ chơi bàn bi lắc bóng đá Table Top Foosball (Gỗ) - Bàn Bóng Đá Bi Lắc Trẻ Em Chính Hãng
"Xe Scooter, Xe Trượt Scooter Cho Bé Gái"
"Xe trượt scooter Babyfast 3 bánh an toàn cho trẻ em của Babyhop chịu lực 90kg phù hợp cho cả bé trai và gái, bánh xe phát sáng vĩnh cửu, rèn luyện vận động, tăng chiều cao cho bé - Hàng chính hãng"
Túi 100 Quả Bóng Nhựa Cho Bé Vui Chơi
Quây bóng quây cũi khung Inox cho bé gái  (có cửa chui)
"Xe trượt scooter 3 bánh cao cấp dành cho bé, phát nhạc, bánh xe phát sáng vĩnh cửu, rèn luyện vận động, tăng chiều cao cho bé, chịu lực lên tới 90kg"
Quây cũi kiêm nhà bóng
Túi 100 Quả Bóng Nhựa Cho Bé Vui Chơi
Đồ chơi trẻ em bằng nhựa ABS Vô Lăng Tập Lái Cho Bé Có 2 màu cho bé trai và gái
Quây cũi kiêm nhà bóng
Xe Scooter của Đức tính năng 2 trong 1 có đèn và chong chóng
Xe scooter đa năng 5 trong 1 Roadstar freekids chính hãng cho bé 1-2-3-6 tuổi biến hình thông minh phiên bản 2020 kèm cần đẩy
Bàn Bóng Đá Trẻ Em Bi Lắc Chất Lượng Cao
ĐỒ CHƠI LÒ XO CẦU VÒNG  (7cm x 7cm x 7cm)
"Xe đạp trẻ em Nhựa Chợ Lớn 14 inch K89 - M1616-X2B, Sườn xe bằng sắt chịu lực, Nhựa chính phẩm an toàn, Sản xuất tại Việt Nam - Hàng chính hãng"
Nhà banh cho bé khung inox chắc chắn - Quây bóng quây cũi  trẻ em - Tặng kèm 100 bóng nhựa
Xe đạp Nhựa Chợ Lớn 12 inch K106 - M1820-X2B - Giao màu ngẫu nhiên
"Xe Cẩu Điện Điều Khiển Cỡ Lớn Có Nhạc, Ghế Tựa Lưng Cho Bé Yêu"
Bộ Đồ Chơi Câu Cá Cho Bé - Bể phao 62*47*7 cm
Quây cũi kiêm nhà bóng cho bé (100 bóng nhựa cho bé)
Xe Tập Đi Bằng Gỗ Winwintoys 60012K
Xe Chòi Chân Motion Thăng Bằng 3 Có Bàn Đạp
Xe đạp trẻ em 2 gióng màu Hồng dành cho bé gái
"Giày Patin Thời Trang Trẻ Em - Cả 8 Bánh Có Đèn, Đầy Đủ Bảo Hộ Phụ Kiện - TẶNG Kèm Móc Khóa La Bàn Sao Biển Bibotoys"
Xe Trượt Scooter 3 Bánh Phát Sáng Cho Bé - Kiểu mới 
Xe chòi chân cao cấp cho bé từ 1-5 tuổi
Quây cũi kiêm nhà bóng khung thép kèm 100 bóng nhựa cho bé
Ngựa bập bênh kiêm xe đẩy bé đi chơi - xe chòi chân hình ngựa - 3 trong 1 Toyshouse - TH520-RH02
Xe chòi Cần Cẩu cho Bé - XE28
Nhà bóng khung inox cho bé - Tặng kèm 100 bóng
Nhà Banh Doremon Kèm 100 Bóng Màu Sắc
Bộ cầu trượt xích đu bóng rổ cho bé
Túi 30 Quả Bóng Nhựa Màu Ngẫu Nhiên Cho Bé Vui Chơi
Xe đạp Nhựa Chợ Lớn 12 inch K105 - M1818-X2B - Giao màu ngẫu nhiên
"Xe Scooter, Xe Trượt Scooter Cao Cấp"
Xe chòi chân thăng bằng Mini Bike (có nhạc + đèn)-  màu cho bé trai
Xe đạp chòi chân trẻ em Broller BABY PLAZA QT-8095A
Xe cẩu chòi chân có còi nhạc cho bé
Ngựa bập bênh kiêm xe chòi chân cho bé (có nhạc + bánh xe + đệm lót)
Quây cũi kiêm nhà bóng
Quây bóng quây cũi khung Inox cho bé trai  (có cửa chui)
Con Quay B-105 Z Achilles 11 BEYBLADE XT-971368
Con Quay B-117 Revive Phoenix 10 BEYBLADE Fr-119074
Xe chòi chân hình Ô tô Broller CC-3392-2
Con quay Hand Spinner giao màu ngẫu nhiên
Con Quay B-104 Winning Valkyrie 12 BEYBLADE 965121
Con Quay Hand Fidget Spinner 3 Cánh Nhôm Cao Cấp
Xe Thăng Bằng Ander Basic AKB1209 - Xanh Lá
Đồ chơi bàn bi lắc bóng đá Table Top Foosball (Gỗ) - Bàn Bóng Đá Bi Lắc Trẻ Em Chính Hãng
"Xe Scooter, Xe Trượt Scooter Cho Bé Gái"
"Xe trượt scooter Babyfast 3 bánh an toàn cho trẻ em của Babyhop chịu lực 90kg phù hợp cho cả bé trai và gái, bánh xe phát sáng vĩnh cửu, rèn luyện vận động, tăng chiều cao cho bé - Hàng chính hãng"
Túi 100 Quả Bóng Nhựa Cho Bé Vui Chơi
Quây bóng quây cũi khung Inox cho bé gái  (có cửa chui)
"Xe trượt scooter 3 bánh cao cấp dành cho bé, phát nhạc, bánh xe phát sáng vĩnh cửu, rèn luyện vận động, tăng chiều cao cho bé, chịu lực lên tới 90kg"
Quây cũi kiêm nhà bóng
Túi 100 Quả Bóng Nhựa Cho Bé Vui Chơi
Đồ chơi trẻ em bằng nhựa ABS Vô Lăng Tập Lái Cho Bé Có 2 màu cho bé trai và gái
Quây cũi kiêm nhà bóng
Xe Scooter của Đức tính năng 2 trong 1 có đèn và chong chóng
Xe scooter đa năng 5 trong 1 Roadstar freekids chính hãng cho bé 1-2-3-6 tuổi biến hình thông minh phiên bản 2020 kèm cần đẩy
Bàn Bóng Đá Trẻ Em Bi Lắc Chất Lượng Cao
ĐỒ CHƠI LÒ XO CẦU VÒNG  (7cm x 7cm x 7cm)
"Xe đạp trẻ em Nhựa Chợ Lớn 14 inch K89 - M1616-X2B, Sườn xe bằng sắt chịu lực, Nhựa chính phẩm an toàn, Sản xuất tại Việt Nam - Hàng chính hãng"
Nhà banh cho bé khung inox chắc chắn - Quây bóng quây cũi  trẻ em - Tặng kèm 100 bóng nhựa
Xe đạp Nhựa Chợ Lớn 12 inch K106 - M1820-X2B - Giao màu ngẫu nhiên
"Xe Cẩu Điện Điều Khiển Cỡ Lớn Có Nhạc, Ghế Tựa Lưng Cho Bé Yêu"
Bộ Đồ Chơi Câu Cá Cho Bé - Bể phao 62*47*7 cm
Quây cũi kiêm nhà bóng cho bé (100 bóng nhựa cho bé)
Xe Tập Đi Bằng Gỗ Winwintoys 60012K
Xe Chòi Chân Motion Thăng Bằng 3 Có Bàn Đạp
Xe đạp trẻ em 2 gióng màu Hồng dành cho bé gái
"Giày Patin Thời Trang Trẻ Em - Cả 8 Bánh Có Đèn, Đầy Đủ Bảo Hộ Phụ Kiện - TẶNG Kèm Móc Khóa La Bàn Sao Biển Bibotoys"
Xe Trượt Scooter 3 Bánh Phát Sáng Cho Bé - Kiểu mới 
Xe chòi chân cao cấp cho bé từ 1-5 tuổi
Quây cũi kiêm nhà bóng khung thép kèm 100 bóng nhựa cho bé
Ngựa bập bênh kiêm xe đẩy bé đi chơi - xe chòi chân hình ngựa - 3 trong 1 Toyshouse - TH520-RH02
Xe chòi Cần Cẩu cho Bé - XE28
Nhà bóng khung inox cho bé - Tặng kèm 100 bóng
Nhà Banh Doremon Kèm 100 Bóng Màu Sắc
Bộ cầu trượt xích đu bóng rổ cho bé
Túi 30 Quả Bóng Nhựa Màu Ngẫu Nhiên Cho Bé Vui Chơi
Xe đạp Nhựa Chợ Lớn 12 inch K105 - M1818-X2B - Giao màu ngẫu nhiên
"Xe Scooter, Xe Trượt Scooter Cao Cấp"
Xe chòi chân thăng bằng Mini Bike (có nhạc + đèn)-  màu cho bé trai
Xe đạp chòi chân trẻ em Broller BABY PLAZA QT-8095A
Xe cẩu chòi chân có còi nhạc cho bé
Ngựa bập bênh kiêm xe chòi chân cho bé (có nhạc + bánh xe + đệm lót)
Quây cũi kiêm nhà bóng
Quây bóng quây cũi khung Inox cho bé trai  (có cửa chui)
Con Quay B-105 Z Achilles 11 BEYBLADE XT-971368
Con Quay B-117 Revive Phoenix 10 BEYBLADE Fr-119074
Xe chòi chân hình Ô tô Broller CC-3392-2
Con quay Hand Spinner giao màu ngẫu nhiên
Con Quay B-104 Winning Valkyrie 12 BEYBLADE 965121
Con Quay Hand Fidget Spinner 3 Cánh Nhôm Cao Cấp
Xe Thăng Bằng Ander Basic AKB1209 - Xanh Lá
Đồ chơi bàn bi lắc bóng đá Table Top Foosball (Gỗ) - Bàn Bóng Đá Bi Lắc Trẻ Em Chính Hãng
"Xe Scooter, Xe Trượt Scooter Cho Bé Gái"
"Xe trượt scooter Babyfast 3 bánh an toàn cho trẻ em của Babyhop chịu lực 90kg phù hợp cho cả bé trai và gái, bánh xe phát sáng vĩnh cửu, rèn luyện vận động, tăng chiều cao cho bé - Hàng chính hãng"
Túi 100 Quả Bóng Nhựa Cho Bé Vui Chơi
Quây bóng quây cũi khung Inox cho bé gái  (có cửa chui)
"Xe trượt scooter 3 bánh cao cấp dành cho bé, phát nhạc, bánh xe phát sáng vĩnh cửu, rèn luyện vận động, tăng chiều cao cho bé, chịu lực lên tới 90kg"
Quây cũi kiêm nhà bóng
Túi 100 Quả Bóng Nhựa Cho Bé Vui Chơi
Đồ chơi trẻ em bằng nhựa ABS Vô Lăng Tập Lái Cho Bé Có 2 màu cho bé trai và gái
Quây cũi kiêm nhà bóng
Xe Scooter của Đức tính năng 2 trong 1 có đèn và chong chóng
Xe scooter đa năng 5 trong 1 Roadstar freekids chính hãng cho bé 1-2-3-6 tuổi biến hình thông minh phiên bản 2020 kèm cần đẩy
Bàn Bóng Đá Trẻ Em Bi Lắc Chất Lượng Cao
ĐỒ CHƠI LÒ XO CẦU VÒNG  (7cm x 7cm x 7cm)
"Xe đạp trẻ em Nhựa Chợ Lớn 14 inch K89 - M1616-X2B, Sườn xe bằng sắt chịu lực, Nhựa chính phẩm an toàn, Sản xuất tại Việt Nam - Hàng chính hãng"
Nhà banh cho bé khung inox chắc chắn - Quây bóng quây cũi  trẻ em - Tặng kèm 100 bóng nhựa
Xe đạp Nhựa Chợ Lớn 12 inch K106 - M1820-X2B - Giao màu ngẫu nhiên
"Xe Cẩu Điện Điều Khiển Cỡ Lớn Có Nhạc, Ghế Tựa Lưng Cho Bé Yêu"
Bộ Đồ Chơi Câu Cá Cho Bé - Bể phao 62*47*7 cm
Quây cũi kiêm nhà bóng cho bé (100 bóng nhựa cho bé)
Xe Tập Đi Bằng Gỗ Winwintoys 60012K
Xe Chòi Chân Motion Thăng Bằng 3 Có Bàn Đạp
Xe đạp trẻ em 2 gióng màu Hồng dành cho bé gái
"Giày Patin Thời Trang Trẻ Em - Cả 8 Bánh Có Đèn, Đầy Đủ Bảo Hộ Phụ Kiện - TẶNG Kèm Móc Khóa La Bàn Sao Biển Bibotoys"
Xe Trượt Scooter 3 Bánh Phát Sáng Cho Bé - Kiểu mới 
Xe chòi chân cao cấp cho bé từ 1-5 tuổi
Quây cũi kiêm nhà bóng khung thép kèm 100 bóng nhựa cho bé
Ngựa bập bênh kiêm xe đẩy bé đi chơi - xe chòi chân hình ngựa - 3 trong 1 Toyshouse - TH520-RH02
Xe chòi Cần Cẩu cho Bé - XE28
Nhà bóng khung inox cho bé - Tặng kèm 100 bóng
Nhà Banh Doremon Kèm 100 Bóng Màu Sắc
Bộ cầu trượt xích đu bóng rổ cho bé
Túi 30 Quả Bóng Nhựa Màu Ngẫu Nhiên Cho Bé Vui Chơi
Xe đạp Nhựa Chợ Lớn 12 inch K105 - M1818-X2B - Giao màu ngẫu nhiên
"Xe Scooter, Xe Trượt Scooter Cao Cấp"
Xe chòi chân thăng bằng Mini Bike (có nhạc + đèn)-  màu cho bé trai
Xe đạp chòi chân trẻ em Broller BABY PLAZA QT-8095A
Xe cẩu chòi chân có còi nhạc cho bé
Ngựa bập bênh kiêm xe chòi chân cho bé (có nhạc + bánh xe + đệm lót)
Quây cũi kiêm nhà bóng
Quây bóng quây cũi khung Inox cho bé trai  (có cửa chui)
Con Quay B-105 Z Achilles 11 BEYBLADE XT-971368
Con Quay B-117 Revive Phoenix 10 BEYBLADE Fr-119074
Xe chòi chân hình Ô tô Broller CC-3392-2
Con quay Hand Spinner giao màu ngẫu nhiên
Con Quay B-104 Winning Valkyrie 12 BEYBLADE 965121
Con Quay Hand Fidget Spinner 3 Cánh Nhôm Cao Cấp
Xe Thăng Bằng Ander Basic AKB1209 - Xanh Lá
Đồ chơi bàn bi lắc bóng đá Table Top Foosball (Gỗ) - Bàn Bóng Đá Bi Lắc Trẻ Em Chính Hãng
"Xe Scooter, Xe Trượt Scooter Cho Bé Gái"
Xe Tập Đi Forkids FKS-043
Xe đạp cao cấp với bánh xe kép phía sau (Giao mẫu ngẫu nhiên)
 Bộ Ghế Xích Đu nhún nhảy GKG102
"Bộ Xích Đu, Bóng Rổ, Cầu Trượt Cao Cấp Cho Trẻ Em "
Xe chòi chân thăng bằng mini Bike cho bé có đèn + nhạc - Tặng kèm pin (nhiều màu sắc lựa chọn)
Xe chòi chân thăng bằng cho bé mẫu mới 2019 (xe bơi cân bằng hàng cao cấp)- màu cho bé gái - chọn màu ngẫu nhiên
Xe đạp 12inch Bakugan 12BKG - Giao màu ngẫu nhiên
Xe lắc
Bể Phao Bơi 2 tầng 3 chi tiết - Bể Phao Bơi Cho Bé Bể 51120
 Xe trượt Scooter mẫu mới 2019 (hàng Cao cấp có giảm xóc + phanh chân)- màu cho bé gái 
Xe đạp cân bằng chòi chân trẻ em cao cấp DNS (Giao màu ngẫu nhiên)
Thú nhún bơm hơi hình xe Vespa Toys House tặng xe trượt đà cho bé VBC-123-6 (ngẫu nhiên)
XE CHÒI CHÂN 8816B CHO BÉ ( GIAO MÀU NGẪU NHIÊN ) 
Thú Nhún Cho Bé Hàng Việt Nam chất lượng cao (không mùi)
"Bể bơi 3 tầng 1,3m đấy chống trượt cao cấp tặng kèm bơm giao hình ngầu nhiên"
Combo giày patin cho bé
XE SCOOTER ĐIỆN E22 PHIÊN BẢN MỚI 2020 CÓ THỂ GẤP GON THUẬN TIỆN MANG THEO MỌI NƠI 
Combo Giày Trượt Patin (Size 35 - 38) Và Bộ Bảo Hộ Cao Cấp Mesuca Princess DC2010-D - Hồng
Con quay ký diệu Yuga Toys quái thú - Hàng chính hãng
Con quay Hand Spinner màu ngẫu nhiên
Xe lắc cao cấp cho bé Việt Nam (Có nhạc)- màu cho be gái - chọn màu ngẫu nhiên 
Đồ chơi vỉ câu cá nam châm hít cho bé 2 cần câu
Xe Đạp Ba Bánh Đôi Cho Trẻ Em
Con Xoay Tròn Hand Fidget Spinner 180-270 giây Legaxi HSBM
Nhà Nhún Lò Xo Cao Cấp
Trò chơi Bowling
Thụt Nước Hình Thú - Đầu Khỉ (Màu Giao Ngẫu Nhiên)
"Xe bơi lắc chòi chân cho bé có nhạc, đèn còi, tựa lưng, thùng chứa đồ- Màu bé trai"
Banh Bóng Rổ tiNi Size 3 - Nhân Vật piCa
Xe thăng bằng 2 trong 1 Konig Kids
XE CHÒI CHÂN HÌNH CON HƯƠU DÀNH CHO BÉ TỪ 1 ĐẾ 4 TUỐI HIẾU ĐỘNG (Giao Hàng Màu Ngẫu Nhiên)
Bàn bi lắc Multi Game table 4in1 + Bóng bàn +Bowling + Mini Shuffleboard (bắn bi)
Xe cẩu chòi chân cho bé đáng yêu
Xe đạp RoyalBaby Jenny size12 cho bé từ 2-5t
Thú nhún cao cấp Toys House chính hãng kèm bơm cho bé (mẫu cún đỏ)
Xe trượt scooter trẻ em cao cấp XE94 (Giao Hàng Theo Mẫu Ngẫu Nhiên)
Đồ chơi siêu đĩa bay B.BRAND BX3151GTZ
Con Quay Hand Spinner 2 Tầng Hợp kim 16 cánh Đính đá 210-270 giây Legaxi HSGG
Bộ đồ chơi bóng rổ vận động cho bé kích thích tăng trưởng chiều cao BR01
Phao Bơi Cầu Vồng Bestway 52239
"Xe scooter 3 bánh tự cân bằng, 3in1 có ghế gấp gọn, xe chòi chân thăng bằng , xe trượt 3 bánh có nhạc và đèn chiếu sáng"
"Xe lắc chống lật cho bé, xe lắc an toàn PR002 (giao màu ngẫu nhiên)"
Xe thăng bằng Cao cấp cho bé từ 3-8 tuổi- màu cho bé trai
Xe đạp trẻ em Jett Cycles Candy 202018
Xe Scooter điện xếp gọn S8 không yên tặng kèm khóa dây
Túi Bóng 24 Quả Hàng Việt Nam Cho Bé
Xe Trượt Scooter Trẻ Em Lionmans 2009A - Xanh Dương
Xe scooter 3 bánh cao cấp cho bé 2- 14 tuổi
Trò Chơi Bowling Antona Trong Nhà Vui Nhộn Cho Bé Năng Động
Xe thăng bằng tooti màu Xanh
Xe thăng bằng chòi chân cho bé
Cầu trượt vui nhộn dành cho trẻ
"Xe đẩy chòi chân Ô tô có bảo hiểm, cần đẩy, nhạc, thùng đồ"
Ô tô điện trẻ em bản quyền AUDI R8 cao cấp
Giày patin trẻ em siêu hot cho bé màu hồng có cánh
Xe chòi chân có cây đẩy 382
        Xe chòi chân mini 4 bánh MN1685
Xe Đạp Trẻ Em 12 inch 14 inch 16 inch Cho Bé Từ 2 đến 8 Tuổi X7
Con Quay Kéo Mideer Giao Màu Ngẫu Nhiên
Xe trượt Scooter mẫu mới 2019 (hàng Cao cấp có giảm xóc + phanh chân) - Màu cho bé trai
Xe trượt scooter ba bánh phát sáng màu Hồng
XE LẮC 3388-1
Xe Thổi Tốc Độ WHISTLE RACER WR1C1 (Có Launcher)
Xe lắc tay cho bé có nhạc Broller  BABY PLAZA SZ-003
CẦU TRƯỢT XÍCH ĐU BÓNG RỔ 5 TRONG 1
Tennis Cho Bé - 3297
Phun nước Nhựa Chợ Lớn hình Gấu trúc - M1778-BB89
Xe Trượt Scooter Trẻ Em Có Ghế Gấp Gọn Dành Cho Bé Từ 2 Đến 10 Tuổi
XE 3 BÁNH ĐÔI 018 CHO BÉ ( GIAO MÀU NGẪU NHIÊN )
Túi đồ chơi câu cá nam châm cho bé
Cầu trượt đơn máng dài cho bé BBT GLOBAL BSL308
Xe 3in1 (Trượt Scooter-Xe Chòi Chân- Xe Đạp Nadle)-FW03
Bộ Bảo Hộ Globber Junior Xs - Hồng
Đồ chơi xe lắc có nhạc Broller  BABY PLAZA SZ-001
XE 3 BÁNH DS138-1 CHO BÉ ( GIAO MÀU NGẪU NHIÊN )
XE ĐẠP TRẺ EM DÀNH CHO BÉ YÊU CỦA BẠN 
Cầu trượt xích đu bóng rổ hình gấu đáng yêu 3 trong 1
"Xe thăng bằng chòi chân cao cấp cho Bé, tặng 01 Giá đỡ/chân chống theo xe, và 02 khẩu trang xuất Nhật"
"Xe chòi chân Motion của Umoo cho  bé từ 2 tuổi 3 bánh có bàn đạp, xe 2in1"
Xe trượt ba bánh Scooter cho trẻ em tặng kèm thước đo chiều cao cho bé
Xe Chòi Chân Kết Hợp Bàn Đạp Cho Bé Siêu Xinh
Cầu trượt Picachu
Nhà nhún lò xo lục giác có lan can 157x157x80 - nhà nhún lò xo có lan can bảo vệ cao cấp - đệm nhún lò xo có bạt xung quanh
Xe Chòi Chân Cá Heo Dễ Thương Cho bé (Giao Màu Ngẫu Nhiên)
Xe trượt Scooter năng động cho bé - Xanh tím
Cầu trượt nhựa trẻ em gấp gọn PL0601 dùng cho bé dưới 3 tuổi
xe scooter người lớn A5
COMBO Bập Bênh Nhựa Hình Hươu Cho bé Yêu + lục Lạc Gõ Cầm Tay - TẶNG 1 QUẠT CẦM TAY 
Xe Đạp 3 Bánh Chú Kiến Dễ Thương (Giao Màu Ngẫu Nhiên)
Xe đạp Siêu Nhân - Giao màu ngẫu nhiên
XE LẮC CHO BÉ - KHÔNG NHẠC
Xe Thổi WHISTLE RACER WR2C2 (Không Launcher)
Đồ Chơi Cái Quay VBC-NR863
Quay Yoyo cao cấp
Xe Thăng Bằng Tacke Xtreme Xanh Dương (có giảm shock)
Xe lắc cho bé Broller BABY PLAZA XL-8099B bánh sáng đèn
Giày Patin K400 có 1 bánh phát sáng dành cho bé từ 3 tuổi đến 10 tuổi trò chơi lành mạnh giúp bé tăng cường sức khoẻ phát triển chiều cao
"Xe scooter 3 bánh tự cân bằng, xe scooter 3 in 1 cho bé, có ghế gấp gọn, có nhạc và đèn LED bánh xe (yoyovang)"
Lều Công Chúa Phong Cách Hàn Quốc Cho Bé
Xe cẩu điện 2 chế độ có nhạc 601 - màu vàng
Đồ chơi vận động ROYAL BABY Xe đạp Flybear 16 Màu vàng RB16B-9/YELLOW
Xe đạp Siêu Sao - Giao màu ngẫu nhiên
Giày patin trẻ em siêu hot cho bé màu đỏ có cánh
Xe Chòi Chân Hình Ô Tô Cho Bé - XE30 (Giao mẫu ngẫu nhiên)
Set 4 Banh Khổng Lồ B.brand BX1462Z
Bộ 2 Đồ Chơi Ná Bắn Chong Chóng Xoay Có Đèn Led Bắn Bằng Thun ( Màu Ngẫu Nhiên )
Ngựa bập bênh cao cấp Toys House chính hãng cho bé 
Bộ đồ chơi câu electric fishing game console giải trí PKS
Xe Lắc 9812KH Cho Bé ( Giao màu ngẫu nhiên )
Xe thăng bằng 4 bánh cho bé trai và bé gái - giao màu ngãu nhiên
"Cầu trượt xích đu hải cẩu Holla 2020: Cầu trượt, xích đu, bóng rổ cho bé vận động, chất liệu nhựa nguyên sinh an toàn cho bé"
Xe trượt scooter cho bé - màu xanh hồng
Xe scooter cho bé - màu hồng
Combo Lều bóng hươu cao cổ cho bé + Tặng kèm 100 bóng
Con Quay Spinner Flip Finz Có Đèn Led
Xe Tròn Tập Đi Dễ Thương Cho Bé_Có Tay Đẩy Sau Xe (Giao Mẫu Ngẫu Nhiên)
Xe trượt scooter 2 bánh GLOBBER ONE NL 205 cho thiếu niên và người lớn - Đen/Xám
Xe chòi chân Ngựa ngộ nghĩnh cho bé
"CON QUAY VÔ CỰC, SPINNER có đèn và nhạc - trò chơi vận động cho trẻ (Hàng Cao Cấp)"
Bộ Đồ Chơi Đập Chuột Cho Bé - Màu Ngẫu Nhiên
Xe trượt scooter người lớn Centosy A7 Trắng hàng chính hãng + gập được  + tăng chiều cao 
Lều Bóng Người Nhện Cho Bé
Bộ Đồ Chơi Bowling Mini Toyroyal 7514
Con quay xèng xèng có đèn nháy độc đáo - Đồ chơi quà tặng cho bé - Màu ngẫu nhiên
Bộ đồ chơi bàn bi lắc đá bóng bằng gỗ 4 tay cầm
Xe Chòi Cần Cẩu 2 chức năng 
XE CHÒI CHÂN CAO CẤP CÓ CẦN ĐẨY VÀ GHẾ ĐỆM 7511 CHO BÉ ( MÀU NGẪU NHIÊN)
Xe Đạp Trẻ Em 3 Bánh Hình Con Gấu Kèm Bình Nước (Giao ngẫu nhiên mẫu)
XE CHÒI CHÂN KẾT HỢP VỚI XE TẬP ĐI CHO BÉ
Cầu trượt cho bé Toys House tặng xe trượt đà cho bé VBC-123-6 (ngẫu nhiên)
Xe Đạp Ba Bánh Có Cần Đẩy Đáng Yêu Cho Bé - XE35
Xe chòi chân ô tô Broller Q05-1
Đồ chơi ZYCOM 212-357 Xe scooter Zipper Zycom - Hồng
COMBO Xe Trượt  Scooter 3 Bánh Kèm Chuông Cho Bé Vận Động ( có video hướng dẫn lắp xe ) + Bình Uống Nước Hình Thú - TẶNG 1 Tranh ghép gỗ
QUÂY CŨI KIÊM NHÀ BÓNG HÌNH CHỮ NHẬT
Bộ đồ chơi thể thao đấm bốc Boxing mini cho bé (găng tay và bao cát)
Xe Trượt 3 Bánh Scooter cho bé Trai và bé Gái - Bánh Xe Có Đèn Led Cao Cấp
Xe Đạp Ba Bánh Family Có Cần Đẩy Cho Bé (Giao mẫu ngẫu nhiên)
Xe scooter điện xếp gọn bánh 8inch chạy 20>25km
Xe Scooter Centosy S5 - Hàng Chính Hãng
Ngựa bập bênh Chòi chân 2 chế độ (Có nhạc + bánh xe + bảo hiểm + cần đẩy)- màu cho bé trai- chọn màu ngẫu nhiên 
Xe chòi ô tô cho bé -màu hồng 
Còi Xe Đạp Trẻ Em Jett Cycles Beatbox 61-003 (Đỏ)
Con Quay Hand Fidget Spinner 3 cánh mạ titan 120-240 giây Legaxi HSBC
"Xe trượt scooter Babyfast 3 bánh an toàn cho trẻ em của Babyhop chịu lực 90kg phù hợp cho cả bé trai và gái, bánh xe phát sáng vĩnh cửu, rèn luyện vận động, tăng chiều cao cho bé - Hàng chính hãng"
Túi 100 Quả Bóng Nhựa Cho Bé Vui Chơi
Quây bóng quây cũi khung Inox cho bé gái  (có cửa chui)
"Xe trượt scooter 3 bánh cao cấp dành cho bé, phát nhạc, bánh xe phát sáng vĩnh cửu, rèn luyện vận động, tăng chiều cao cho bé, chịu lực lên tới 90kg"
Quây cũi kiêm nhà bóng
Túi 100 Quả Bóng Nhựa Cho Bé Vui Chơi
Đồ chơi trẻ em bằng nhựa ABS Vô Lăng Tập Lái Cho Bé Có 2 màu cho bé trai và gái
Quây cũi kiêm nhà bóng
Xe Scooter của Đức tính năng 2 trong 1 có đèn và chong chóng
Xe scooter đa năng 5 trong 1 Roadstar freekids chính hãng cho bé 1-2-3-6 tuổi biến hình thông minh phiên bản 2020 kèm cần đẩy
Bàn Bóng Đá Trẻ Em Bi Lắc Chất Lượng Cao
ĐỒ CHƠI LÒ XO CẦU VÒNG  (7cm x 7cm x 7cm)
"Xe đạp trẻ em Nhựa Chợ Lớn 14 inch K89 - M1616-X2B, Sườn xe bằng sắt chịu lực, Nhựa chính phẩm an toàn, Sản xuất tại Việt Nam - Hàng chính hãng"
Nhà banh cho bé khung inox chắc chắn - Quây bóng quây cũi  trẻ em - Tặng kèm 100 bóng nhựa
Xe đạp Nhựa Chợ Lớn 12 inch K106 - M1820-X2B - Giao màu ngẫu nhiên
"Xe Cẩu Điện Điều Khiển Cỡ Lớn Có Nhạc, Ghế Tựa Lưng Cho Bé Yêu"
Bộ Đồ Chơi Câu Cá Cho Bé - Bể phao 62*47*7 cm
Quây cũi kiêm nhà bóng cho bé (100 bóng nhựa cho bé)
Xe Tập Đi Bằng Gỗ Winwintoys 60012K
Xe Chòi Chân Motion Thăng Bằng 3 Có Bàn Đạp
Xe đạp trẻ em 2 gióng màu Hồng dành cho bé gái
"Giày Patin Thời Trang Trẻ Em - Cả 8 Bánh Có Đèn, Đầy Đủ Bảo Hộ Phụ Kiện - TẶNG Kèm Móc Khóa La Bàn Sao Biển Bibotoys"
Xe Trượt Scooter 3 Bánh Phát Sáng Cho Bé - Kiểu mới 
Xe chòi chân cao cấp cho bé từ 1-5 tuổi
Quây cũi kiêm nhà bóng khung thép kèm 100 bóng nhựa cho bé
Ngựa bập bênh kiêm xe đẩy bé đi chơi - xe chòi chân hình ngựa - 3 trong 1 Toyshouse - TH520-RH02
Xe chòi Cần Cẩu cho Bé - XE28
Nhà bóng khung inox cho bé - Tặng kèm 100 bóng
Nhà Banh Doremon Kèm 100 Bóng Màu Sắc
Bộ cầu trượt xích đu bóng rổ cho bé
Túi 30 Quả Bóng Nhựa Màu Ngẫu Nhiên Cho Bé Vui Chơi
Xe đạp Nhựa Chợ Lớn 12 inch K105 - M1818-X2B - Giao màu ngẫu nhiên
"Xe Scooter, Xe Trượt Scooter Cao Cấp"
Xe chòi chân thăng bằng Mini Bike (có nhạc + đèn)-  màu cho bé trai
Xe đạp chòi chân trẻ em Broller BABY PLAZA QT-8095A
Xe cẩu chòi chân có còi nhạc cho bé
Ngựa bập bênh kiêm xe chòi chân cho bé (có nhạc + bánh xe + đệm lót)
Quây cũi kiêm nhà bóng
Quây bóng quây cũi khung Inox cho bé trai  (có cửa chui)
Con Quay B-105 Z Achilles 11 BEYBLADE XT-971368
Con Quay B-117 Revive Phoenix 10 BEYBLADE Fr-119074
Xe chòi chân hình Ô tô Broller CC-3392-2
Con quay Hand Spinner giao màu ngẫu nhiên
Con Quay B-104 Winning Valkyrie 12 BEYBLADE 965121
Con Quay Hand Fidget Spinner 3 Cánh Nhôm Cao Cấp
Xe Thăng Bằng Ander Basic AKB1209 - Xanh Lá
Đồ chơi bàn bi lắc bóng đá Table Top Foosball (Gỗ) - Bàn Bóng Đá Bi Lắc Trẻ Em Chính Hãng
"Xe Scooter, Xe Trượt Scooter Cho Bé Gái"
"Xe cân bằng, xe chòi chân cao cấp FREYA"
XE 3 BÁNH 2016 CHO BÉ ( GIAO MÀU NGẪU NHIÊN ) 
Ván trượt đơn 2 bánh nhôm kim loại Freeline Skate board
Bộ Bể Bơi 3 tầng cho bé kích thước 180cmx140cmx60cm
Túi 30 Banh Nhựa Phi 8cm Sato Cho Bé Vận Động BENRIMART-30B (Ngẫu Nhiên)
Bóng Tập Bò Winfun 0778NL
Xe lắc nhiều màu sắc có nhạc cho bé - giao màu ngẫu nhiên
Xe Thăng Bằng Cho Bé Tập Đi CCC
Ghế Giường Hơi Đơn 2in1 Bestway 67277 - Xanh
CẦU TRƯỢT KÈM BÓNG RỔ 3 trong 1 CT201 
XE 3 BÁNH 008 CHO BÉ ( GIAO MÀU NGẪU NHIÊN ) 
Đồ Chơi Bàn Bi Lắc Gỗ Mini 4 Tay Cầm + Tặng Kèm Qùa Như Hình - Đồ Chơi Vận Động Cho Bé Chất Lượng Cao
Xe trượt cân bằng có điều khiển và nhạc cho bé PR003 (giao màu ngẫu nhiên)
XE CẨU CHÒI CHÂN 228  CHO BÉ ( MÀU VÀNG ) 
Xe đạp 14inch Doremon ĐẠI PHÁT TÀI - Giao màu ngẫu nhiên
"Xe lắc cao cấp Aroio của Holla, màu siêu đẹp, thiết kế bo tròn an toàn cho trẻ"
Xe đạp 3 bánh bình nước + giỏ con bọ
"Ngựa Bập Bênh, Xe Ngựa Chòi Chân Tiện Lợi Cho Bé (Màu ngẫu nhiên)"
Xe thăng bằng chòi chân giúp Bé vận động phát triển thể chất (tặng 01 tranh ghép hình bằng gỗ)
Lò Xo Cảm Xúc BD7
xe thăng bằng
Bánh Xe Phát Sáng Bánh Sau Globber
XE ĐẠP CHÒI CHÂN TRẺ EM(Giao màu ngẫu nhiên)
"Xe Thăng Bằng Cho Bé Từ 18 Tháng Đến 5 Tuổi, Giúp Bé Phát Triển Thể Chất Tối Ưu EBV GROUP, Tặng Chuông Xe Hình Bọ Rùa Đáng Yêu - Hàng Chính Hãng"
Xe Đạp Ba Bánh có Cần Đẩy Family - XE37 (Giao ngẫu nhiên mẫu)
Bộ Ba Lô Súng Nước AOTAI M131
Đồ Chơi Câu Cá Dùng Pin Hình Ếch VBC-9981-15A
Cầu trượt Hàn Quốc có ném bóng rổ Y1734 BBT GLOBAL 
Đồ Chơi Vận Động Thả Bóng Bé Yêu No.Sato 89 BENRIMART-TBL 
Xe trượt Scooter AO6199 cho bé trai từ 3 tuổi đến 8 tuối với thiết kế 3 bánh có bánh đèn phát sáng có thể gập gọn + có thể thay đổi chiều cao của xe với sự phát triển của bé
Bàn Bóng Đá Trẻ Em Bi Lắc Chất Lượng Cao Loại Xịn
Xe trượt Scooter QL57-A Xanh
Xe Đạp Trẻ Em 14 Inch Yên Sắt - XE31 (Giao ngẫu nhiên mẫu)
XE CHÒI CHÂN 2IN1 BP202 CHO BÉ ( GIAO MÀU NGẪU NHIÊN ) 
Bập bênh ba màu hình con vật
Thuyền Phao Hotwheels Bestway
Xe đạp 12inch Super - Giao màu ngẫu nhiên
Cầu trượt Hàn Quốc có ném bóng rổ TB200
Bộ bóng rổ 180cm cho bé xanh navy
Xe chòi chân thăng bằng cho bé mẫu mới 2019 (xe bơi cân bằng hàng cao cấp)- màu cho bé trai- chọn màu ngẫu nhiên
Xe Scooter MyA5D người lớn - Đen + có thể tăng chiều cao + lò xo giảm xóc + gập gọn
Xe thăng bằng cho bé phiên bản Pro_màu ngẫu nhiên
Xe Trượt Scooter 3 Bánh Phát Sáng Kèm Chuông Cho Bé Từ 3 - 6 Tuổi Có 4 Màu ( Tặng muỗng ăn )
Xe Trượt Scooter Cao Cấp Vũ Trụ ( Giao Ngẫu Nhiên Mẫu)
Xe Lắc Tựa Có Nhạc Cho Bé - XE43 (Giao ngẫu nhiên mẫu)
Xe đạp trẻ em Jett Cycles Hound 121218 (Màu xanh dương)
Cầu trượt Hàn Quốc có ném bóng rổ CHD100
Xe đạp 3 bánh Nadle gấp gọn có cần đẩy Joovy tặng xe trượt đà cho bé VBC-123-6 (ngẫu nhiên)
Xe chòi chân ô tô
Hộp Cầu Lông AAA 3 Quả
Xe lắc bơi chòi chân ô tô (có nhạc + tựa lưng + thùng chứa đồ)- màu cho bé trai- chọn màu  ngẫu nhiên 
Con Quay 3 Cánh 7 Màu Spinner Handicraft
Ếch Bắn Bi 824
Xe thăng bằng cho bé bền đẹp màu trắng
Bộ Chơi Cát SAND HG-731 (22 Chi Tiết)
Xe chòi chân thăng bằng cho bé mẫu mới 2019 (xe bơi cân bằng hàng cao cấp) giao màu ngẫu nhiên
Con Quay Hand Fidget Spinner Hợp kim mạ titan 120-180 giây HSBD
"Xe 3 bánh, chòi chân – cân bằng kiêm Scooter đa năng 5 trong 1 Joovy tặng xe trượt đà cho bé VBC-123-6 (ngẫu nhiên)"
Bộ Nhà Chơi Bơm Hơi Hình Công Chúa Barbie Bestway 93208
Xe Trượt Scooter Cao Cấp XE96 (Giao Hàng Theo Mẫu Ngẫu Nhiên)
Squishi Lovely Kid - Culi
Xe Lắc Tay Cho Bé
Xe đạp ba bánh 2 trong 1 Luddy 1009 màu trắng
Xe đạp trẻ em vành đúc cao cấp 12 inch
Xe điện Homesheel X7 mẫu mới
Xe Thăng Bằng Ander Basic AKB1209 - Đỏ
Đồ Chơi Ếch Bắn Bi HZ-023
Đồ chơi bắn bóng rổ mini 9 lỗ cho bé
Bộ Đồ Chơi Bowling VBC-777-513C
LỀU CÔNG CHÚA-SIZE LỚN
Cầu trượt kết hợp bập bênh có ném bóng rổ BSL6602
Đồ Chơi Vận Động Ném X-Zylo Rangs Japan 759786400015
Bóng bàn luyện phản xạ
Xe Đạp Trẻ Em Jett Cycles Raider 91-001-16-RED-17 (Đỏ)
Trò Chơi Ném Bóng Pingpong
Thảm Vận Động Jumping Mat - Phát triển kĩ năng vận động cho bé - Mẫu Mới
Ván Trượt Trẻ Em Hình Siêu Nhân Người Nhện VT1
Xe trượt scooter cho bé
COMBO Thú nhún bơm hơi cho bé + 01 bàn chải đánh răng cho bé từ 1-3 tuổi ( Tặng 01 tranh ghép hình kích thích sự phát triển trí não của bé )
Banh Bóng Đá tiNi Size 3 - Nhân Vật teRa
Xe trượt scooter 3 bánh GLOBBER MASTER LIGHTS cho trẻ em từ 4 đến 14 tuổi - Xanh cổ vịt
Yo-yo Khủng Long Yummy Mideer
"Xe Thăng Bằng Cho Bé, Xe Chòi Chân Cho Bé Giúp Bé Tập Đi An Toàn, Bền Đẹp EBV GROUP, Giúp Bé Ham Vận Động, Phát Triển Tối Ưu - Màu Đỏ - Hàng Chính Hãng"
Bàn Bi Lắc Bóng Đá Cho Bé XJ6066
Xe Trượt Scooter Globber Primo Lights - Hồng
Xe chòi chân thăng bằng dành cho các Bé thích vận động- Màu Hồng
 BÀN CHƠI BÓNG ĐÁ PINBALL
Cầu Trượt Con Thỏ Có Rổ Bóng Ching Ching SL-07
Bộ Bàn Đấu GGO 72325
Đồ chơi nhà bếp máy làm kem Little Tikes LT-621178 
KG - Xe Đạp Flybear 12 Royal Baby RB12B-9 - Vàng
Xe Đạp 3 Bánh Chú Hề Có Mái Che Cho Bé - XE41 (Giao ngẫu nhiên mẫu)
Xe thăng bằng cho bé phiên bản Pro_màu đỏ
Xe Mini Xanh Da Trời Chòi Chân
Xe Chòi Chân Hình Con Kiến Nghộ Nghĩnh Cho Bé Yêu (màu ngẫu nhiên)
Bộ Nhà Chơi Bóng Lâu Đài Bestway 93505
Xe chòi chân NGỰA có đồ chơi (giao màu ngẫu nhiên)
Xe 3 Bánh Cho Bé Yêu (Giao Màu Ngẫu Nhiên)
Khối xoay rubik Meilong 5x5 Magnetic (có trang bị nam châm) 
Giày trượt Patin 906 Đỏ (Dành cho người mới chơi)
Xe Thăng Bằng Basic Ander
"Ngựa Bập Bênh Cho Bé Toyhouse, Nhựa An Toàn, Trụ Vững Chắc Chắn - Màu Hồng"
Xe Trượt Scooter AnneLowSon ALS-A5S Đen
Đồ chơi xe đạp vận động ROYAL BABY Xe đạp Freestyle 18 Màu Đỏ RB18B-6/RED
Viên Nhựa Dẻo Silicon Thông Minh (Loại Thường) - 080313
Banh Bóng Rổ tiNi Size 3 - 4 Nhân Vật
Xe Đạp Thăng Bằng Jianer- H3
Phao Hello Kitty HE2101-KC - Hồng
Xe chòi chân mô hình ô tô (Giao mẫu ngẫu nhiên)
Con quay Hand Spinner kim loại 
XE CHÒI CHÂN MYMOTO CHO BÉ TẬP ĐI 4 BÁNH DÒNG GIRAFFE BẰNG GỖ CAO CẤP 
Xe đạp trẻ em Jett Cycles Raider 161618 (Vàng Neon)
XE MÔ TÔ ĐIỆN 99118 CHÓ BÉ ( GIAO MÀU NGẪU NHIÊN )
Xe đạp 14inch Bakugan ĐẠI PHÁT TÀI - Giao màu ngẫu nhiên
Xe chòi chân cho bé hình gấu dễ thương Màu Hồng
Bóng Cao Su ELP
Túi Bóng Mầm Non Sato 30 Quả Loại Lớn Hàng Việt Nam
Cầu tuột đơn 168cm Little Tikes Junior Activity
Đồ Chơi Bóng Đá Nhỏ 3035
Set 5 món xúc cát kiêm đồ chơi tắm Toys House  (màu mix ngẫu nhiên )
Ngựa Bập Bênh Trẻ Em Broller Gs2032W
"Xe scooter 3 bánh tự cân bằng, xe scooter 3 in 1 cho bé, có ghế gấp gọn, có nhạc và đèn LED bánh xe (yoyođỏ)"
Xe chòi chân kiểu dáng McLaren có cần đẩy 7512
Xe trượt Scooter Cougar Chính Hãng MHBC-09 Hồng
Cặp Vợt Bóng Bàn 2654-20
Bộ Ba Lô Súng Nước AOTAI M262
XE TRƯỢT THỂ THAO 821 CHO BÉ ( GIAO MÀU NGẪU NHIÊN )
Xe Chòi Chân Kiêm Vali Tiện Lợi Cho Bé - XE21 (Giao màu ngẫu nhiên)
Đồ Chơi Bơm Hơi Ô Tô Đua Bestway
Xe điện thể thao scooter Homesheel Airwheel Z5-hàng chính hãng-màu trắng
Xe Trượt Scooter Trẻ Em Cao Cấp XE93 - Hàng mới (Giao Ngẫu Nhiên Mẫu)
Banh nhựa D8cm-D20cm
Xe Đạp 3 Bánh Chú Hề Có Mái Che (Giao ngẫu nhiên mẫu)
Xe Trượt Scooter K02 (4 màu)
Xe Trượt Scooter Cougar Centosy MHBC011
"Robot biết nói, biết nhảy và điều khiển từ xa Winfun tặng xe trượt đà cho bé VBC-123-6 (ngẫu nhiên)"
Con Quay 3 Cánh Hình Gấu Trúc Panda Handicraft
Xe tập đi 3 con gà bằng gỗ màu ngẫu nhiên ( Tặng 01 bát inox 16cm )
Quây bóng 6 cạnh Hàn Quốc có đồ chơi HNP737
XE TRƯỢT XLM-2009C
Xe đạp ba bánh 2 trong 1 Luddy 1009 màu hồng
Xe trượt Scooter mẫu mới 2019 gấp gọn (có đèn ở bánh xe + phanh chân)- màu cho be trai- màu ngẫu nhiên 
Xe chòi chân đời mới giao màu nhẫu nhiên
Xe Thăng Bằng Tacke Bike Pro Đỏ
Xe trượt scooter 3 bánh GLOBBER ULTIMUM LIGHTS cho trẻ em từ 5 tuổi - Xám
"Xe scooter 3 bánh tự cân bằng, 3in1 có ghế gấp gọn, xe chòi chân thăng bằng , xe trượt 3 bánh có nhạc và đèn chiếu sáng (đỏ))"
TOONY KIDS - XE CẢNH SÁT CÓ ÂM THANH - POLICE CAR
Xe chòi chân Công Chúa DANTOY DT3334
Cầu trượt xích đu
Yoyo Tác Chiến 5003 - Mẫu 4 - Màu Đỏ
Bóng Rổ Đối Kháng ZY1902
Mũ Bảo Hiểm Globber Junior - Đen
Bộ Cầu Tuột Mini Có Rào Chắn Little Tikes LT-413910060
"Bộ đồ chơi thể thao đa năng cho bé: Golf, bóng đá, ném vòng, bóng rổ Toyshouse tặng xe trượt đà cho bé VBC-123-6 (ngẫu nhiên)"
Con Quay Hand Fidget Spinner 3 cánh 120-150 giây Legaxi HSU2
Đồ chơi vận động - Dụng cụ nhảy dây rèn luyện sức khỏe
Đồ chơi đi biển VBCare - VBC-BEA01
"Đồ Chơi Gỗ - Bowling gỗ động vật, cho bé vận động rèn luyện sức khỏe và phát triển toàn diện"
Xe trượt scooter ba bánh phát sáng màu Xanh Lá
Xe đạp Inox - Giao màu ngẫu nhiên
"Xe thăng bằng Ander Plus màu vàng phiên bản bánh đặc nhẹ 1,9kg, Phù hợp cho bé từ 18 tháng"
Thú Nhún Nhựa An Toàn Tặng Bơm Tay - Tuần Lộc
"Ghế nhún Konig Kids có đèn, nhạc và thanh đồ chơi"
Xe Lắc Hình Dáng Ô Tô Cho Bé - XE24
Xe thăng bằng trẻ em Jett Scoot 
Bộ Bể Bơi Intex 3 Tầng Kèm Phao Bơi Và Bóng (1m32 x 28cm)
Cầu trượt không lồ 180cm Little Tikes Easy Store Giant Slide
Đồ Chơi Sáng Tạo Trang Sức Cá Tính B.brand BX3138G (50Pc)
Xe trượt scooter GLOBBER FOLDABLE FLOW 125 – Đen/Hồng
Thú Nhún Lạc Đà Bơm Hơi HOHO (Có Nhạc + Tặng Kèm Bơm)
Đồ Chơi Câu Cá Dùng Pin Hình Chú Cọp VBC-9981-18A
"Xe trượt Scooter Centosy A026 hàng chính hãng chất lượng cao có thể gập gọn, thay đổi chiều cao 3 nấc "
Túi 50 Bóng Mầm Non Sato Giúp Bé Vận Động Vui Nhộn Loại Lớn
Bể phao tròn đại dương Bestway 55028 (ĐK 122 x 25cm)
"Đồ chơi xe đạp vận động ROYAL BABY Xe đạp trẻ em Freestyle 12"" Đỏ RB12B-6/RED"
THÚ NHÚN BƠM HƠI HÌNH CON HƯƠU CHO BÉ LOẠI TO CÓ TẶNG KÈM BƠM DI ĐỘNG (GIAO MẦU NGẪU NHIÊN)
Thú Nhún Việt Nam cho bé màu ngẫu nhiên
" Xe Trượt Scooter, Xe Chòi Chân, Xe Đạp Nadle cho bé Tặng Decal Đo Thị Lực và Chiều Cao"
Cầu Trượt Củ Cà Rốt Ching Ching SL-10
Túi bóng tròn năng động 30 quả bóng loại lớn Sato cho bé Bibebo
"Xe lắc cao cấp 2in1 thiết kế độc lạ, chất liệu cao cấp, bền đẹp"
"Bể bơi 3 tầng 1,3m đấy chống trượt cao cấp tặng kèm bơm giao hình ngầu nhiên"
"Xe Scooter Đa Năng 5 trong 1 cho bé 1-6 Tuổi S800 - Mầu Thiết Kế Mới Nhất 3 Màu Dễ Thương - Hàng Loại Tốt, Bền, Đẹp, Chắc Chắn - Phiển Bản Thường Và Phiên Bản Mới Kèm Cần Đẩy - Tặng Kèm 1 Bộ Máy Hút Ráy Tai Chuyên Dụng, An Toàn Cho Bé"
STRIDER Bikes Sport
Thảm Chơi 2 Mặt Cho Bé Maboshi (1m8 x 2m)
Thụt Nước Hình Thú - Đầu Gấu Pooh (Màu Giao Ngẫu Nhiên)
Xe Scooter Centosy S3 - Hàng Chính Hãng
Bàn bi lắc Harvard Wood 2018 cho văn phòng và gia đình
Đồ chơi ca nô vui vẻ cho trẻ đi biển chơi cát
Cầu trượt xích đu Hàn Quốc HN708
Thú Nhún Nhựa An Toàn Tặng Bơm Tay - Cún Đỏ
Ghế ngồi xích đu treo trẻ em Ching Ching SW-01 chưa bao gồm xà treo
Bàn Chơi Nước Mô Hình Xoắn Ốc Little Tikes LT-637803M
Xe Trượt Scooter Globber Evo Comfort - Xanh Lá
Dây Nhảy - Màu Xanh
Bộ Đồ Chơi Nhà Tắm - Khủng Long Battat BT2468
Xe Trượt Scooter Globber Primo Lights - Xanh Da Trời
Bộ bòng rổ Pro 180 cm cho bé
"Xe tập đi cao cấp có nhạc , bánh xe chống trượt có thể điểu chỉnh tốc độ ( giao màu ngẫu nhiên )"
Giày Patin Cougar MZS 313 QS Xanh
Giày Patin Flying Eagle S5S - 3 Màu
Xe Scooter QEA5D + lo xo giảm xóc + chịu được trọng tải 100kg - Trắng
TOONY KIDS - BỘ BẮN BÓNG RỔ 2 - SHOOTING BALL     
Bể Bơi Phao 3 In 1 Bestway
Bàn bi lắc Fireball Junior Table (RED & BLACK) cho gia đình
Bộ Đồ Chơi Bơm Hơi Hình Con Rùa Bestway 52219
Xe trượt 21st scooter màu hồng có hệ thống giảm xóc
Xe đạp 12inch Đồng Hồ - Giao màu ngẫu nhiên
"Xe thăng bằng Ander Plus màu xanh dương phiên bản bánh đặc nhẹ 1,9kg, Phù hợp cho bé từ 18 tháng"
Xe điện trẻ em gấp gọn Homesheel kid – phiên bản 2020 – hàng chính hãng
Bể Phao Hình Đảo Bestway 53069
Dây Nhảy - Màu Xanh Lá
Ngựa Bập Bênh Cho Bé Broller Gs 2021W
Đồ Chơi Thú Nhún Ong Vui Vẻ B.brand BX1455Z
"Cầu Trượt Đơn Khủng Long Nhỏ, Nhựa PE Thân Thiện Môi Trường, Chắc Chắn, Ổn Định"
"Bể bơi 3 tầng 1,3m đấy chống trượt cao cấp tặng kèm bơm (giao màu ngẫu nhiên)"
 Xe thăng bằng X-12EBV Màu Xanh Dương
Xe trượt Scooter mẫu mới 2019 gấp gọn (có đèn ở bánh xe + phanh chân)- màu cho bé gái - chọn màu ngẫu nhiên 
Đồ Chơi Thể Thao Đấm Bóng Phản Xạ Xuzhou Kangyu Fitness Equipment
Bộ Sản Phẩm Bể Bao 3 Tầng 1m5
Bộ Đồ Chơi Bơm Hơi Hình Hà Mã Bestway 52218
SCOOTER Y5_ món đồ chơi đáp ứng đầy đủ yêu cầu của bố mẹ với hai màu trắng và đen nổi bật
"Xe Scooter, Xe Trượt Cho Bé Bánh Có Đèn 3 in 1 Chịu Lực 90KG Cực Kỳ Chắc Chắn"
Chong chóng nhựa trang trí 18 cánh độc đáo cho bé - Giao màu ngẫu nhiên
Xe Chòi Chân Rangs Japan Hình Bọ Rùa Scramble Bug 4936560108732
Xe chòi chân thăng bằng cho Bé- Màu xanh
Cặp Vợt Bóng Bàn 2654-17
"Xe đạp 3 trong 1 TF3 với 3 chức năng xe đạp, xe chòi chân, xe scooter "
Xe Tập Đi Cao Cấp Dành Cho Bé Yêu (Giao màu ngẫu nhiên)
 Xe thăng bằng X-12EBV Màu Đỏ
Bóng Cầu Mây Baby Einstein Bendy Ball (1 quả - Giao ngẫu nhiên)
Bộ 30 Đồ chơi NÁ bắn CHONG CHÓNG XOAY có đèn LED bắn bằng Thun (Màu ngẫu nhiên)
Xe thăng bằng thông minh cao cấp 3 in 1 ( tặng 01 súng nước đồ chơi cho bé )
Bể Phao 3 Tầng Hình Micky  Mini Bestway (152 x 30 cm)
Bê Phao Giá Đình Hình Micky Bestway 91008
Tay Quay B-112 BEYBLADE 103493
Bộ Đồ Chơi Câu Cá Cho Bé - Loại Nhỏ -Màu Ngẫu Nhiên
Sóc nâu cảm ứng tập bò đáng yêu Winfun tặng xe trượt đà cho bé VBC-123-6 (ngẫu nhiên)
"Xe thăng bằng cho bé Ander Pro màu đỏ cam, xe chòi chân Ander cho bé từ 18 tháng đến 6 tuổi, hợp kim thép, trọng lượng 2,9kg"
Hồ Chơi Tàu Hỏa Bestway 53061
Túi bóng tròn 30 quả Mạnh Linh Hàng Việt Nam
Mũ bảo hộ chơi xe trượt scooter GLOBBER ELITE LIGHTS XS/S cho trẻ em từ 3 đến 6 tuổi - Hồng/Hoa
Ếch Bắn Bi 360 Độ 477W-1 (DCVV)
"Bể Phao Mini Đa Năng Cho Bé (dài 1,3M)"
Lò Xo Mặt Cười A75-6X
Bộ Valy Tiệc Nướng Ngoài Trời - 8312
"Khung vận động, xà đu đa năng cho bé WOOD ACTIVE 1"
XE CHÒI CHÂN P202 (Giao màu ngẫu nhiên)
Xe đạp ba bánh kèm bình nước cho bé - XE04
Cầu trượt cho bé loại dài - màu cho bé trai & bé gái 
Thú nhún bơm hơi hình ngựa cho bé ( Tặng 01 lục lạc gỗ phát tiếng vui nhộn cho bé )
Xe Trượt Scooter Cho Bé 2 - 6 Tuổi
Xe đạp thể thao trẻ em bánh 12inch
Combo lều kitty và 100 bóng
Bể Phao Vuông Có Trò Chơi Kèm Theo Bestway 91015 (157 x 157 x 94 cm)
"Bộ Tín Hiệu Còi, Đèn Globber Mini Hornit - Xanh Lá"
Xe Scooter Cho Bé Hongdou S909-R Đỏ
Xe thăng bằng  phiên bản mới cho bé
Xe chòi chân có đèn và nhạc cho bé XE60 (Giao mẫu ngẫu nhiên)
Nhà Nhún Có Lò Xo Mẫu Mới - Lan Can Bảo Vệ An Toàn Cho Bé Vui Đùa
Xe Trượt Scooter Người Lớn A301 (Tải Trọng 100kg)
Bánh Xe Phát Sáng Bánh Trước Globber
Xe ô tô chòi chân cho bé sành điệu
Xe Lắc Nhật Bản Plasma Car Rangs Japan 4936560125760
Cầu trượt chú hươu máng dài 180cm có ném bóng rổ BSL302
Xe Đạp Trẻ Em 3 Bánh Tiện Lợi - XE43 (Giao ngẫu nhiên mẫu)
Xe Thăng Bằng 4 Bánh Cho Bé (Nhiều Màu)
Con Quay Hand Fidget Spinner 7 cánh 150-200 giây Legaxi HSCO
Xích đu cho bé Toyshouse tặng xe trượt đà cho bé VBC-123-6 (ngẫu nhiên)
Ngựa bập bênh Chòi chân 2 chế độ (Có nhạc + bánh xe + bảo hiểm + cần đẩy)- màu cho bé gái- chọn màu ngẫu nhiên 
"Nhà hơi, nhà banh nhún INTEX 48260"
Bóng Montessori Leaves (PiPô Việt Nam)
Xe đẩy chân có trục xoay kim loại- Kids 2 Wheel Scooter Materials
Xe thăng bằng Strider Pro
Xe Đẩy Hai Bánh Cho Bé Vespa Màu Xanh Lá
Bộ bóng rổ (cao 2m6) cho bé
Xe chòi chân đồ chơi BROLLER CC-3341-1
Xe chòi chân thăng bằng giúp Bé phát triển trí lực-Màu Vàng
Xe trượt 3 bánh giao mầu ngẫu nhiên
Ống nhòm vũ trụ Chicco
Xe chòi chân cao cấp cho bé từ 2 tuổi trở lên Kinderkraft
"Xe đạp địa hình trẻ em bánh 12/14/16 inch (cho bé 3-4t, 4-5t, 5-7t)"
Xe Scooter người lớn C5
Xe trượt scooter FW-03 với 3 chế độ( xe chòi chân + xe đạp + xe scooter)  dành cho bé từ 2 tuổi đên 6 tuổi hình ảnh thật tự chụp
Bộ Đồ Chơi Đá Bóng Bằng Ngón Tay Iwaya
Bóng Montessori Animal (PiPô Việt Nam)
Đồ Chơi Thổi Bong Bóng Nước Loại Xô - Double Bubble - 1373636
  Xe trượt Scooter 0072R 
Bể bơi tròn cho bé 3 chi tiết (giao màu ngẫu nhiên)
Xe Scooter 3 bánh cho bé 2 trong 1
Xe cẩu chòi chân cho bé yêu - màu vàng 
Xe ô tô chòi chân cho bé hình đầu bò  HT-5517
Bể Bơi Phao Cầu Trượt Hình Gốc Cây Bestway 53063
Xe chòi chân  thăng bằng cho bé yêu -màu xanh lá 
Xe Tập Đi Chú Gà Dễ Thương Cho Bé  (Giao Màu Ngẫu Nhiên)
Xe trượt Scooter Cougar 380-02
Xe Đạp Cân Bằng Tiko LITTLE BEE
XE TRƯỢT SCOOTER 3IN1 CHO BÉ
Túi bóng sọc nhựa nhiều màu cho bé vui chơi ( Tặng 01 khuôn tạo hình ngộ nghĩnh )
Xe  3 bánh bình nước  hình con bọ (giao màu bé gái)
Xe trượt scooter cho bé  GT3501A
Xe Tập Đi  Dành Cho Bé Yêu (Giao mẫu Ngẫu Nhiên)
Bàn Bi lắc Mini Soccer Game 80882 kích thước 69.5x36.5x24cm đội hình 3-3-3 (18 cầu thủ 2 đội)
Yoyo Tác Chiến 5003 - Mẫu 3 - Màu Vàng
Con Quay Hand Fidget Spinner 7 cánh 150-200 giây Legaxi HSCN
Con Quay Hand Spinner 2 Tầng Quỷ Halloween Hợp Kim Bánh xe 8 cánh 210-270 giây Legaxi HSGC
Xe trượt scooter 3 bánh GLOBBER PRIMO FOLDABLE LIGHTS cho trẻ em từ 3 đến 6 tuổi - Đỏ
Giày patin trẻ em siêu hot cho bé màu xanh có cánh 
Ván Trượt Cho Bé Yêu VT1
Xe Thăng Bằng Cho Bé (giao mầu ngẫu nhiên)
xe trượt 3 in 1
Xe trượt scooter cho bé loại nhỏ
Đồ Chơi YoYo Brain Yomega Rangs Japan 4936560120543 (Giao màu ngẫu nhiên)
GIẦY TRƯỢT PATIN TRẺ EM RM-PT02 
Bộ Bóng Đá Chân Không (+ Kèm Khung Thành) UNITED SPORT
Xe trượt scooter B19
Camera Thổi Bong Bóng Hình Nai - Đỏ 501231
Đồ Chơi Vận Động Ván Trượt Thể Thao Hot Hit Cho Bé VT1
Khung Thành Bóng Đá Antona Xếp Gọn Kèm Bóng Nhựa
Xe chòi chân Huadi cao cấp 
Xe Thăng Bằng Tacke Xtreme Có Phuộc Nhún
XE SCOOTER 5IN1 ĐA NĂNG CHO BÉ 
Bể Phao Cầu Trượt Bowling Bestway 53068
Xe Trượt Scooter Centosy A301
Xe đạp trẻ em Jett Cycles Pixie 161718 (Màu trắng)
Xe điện thể thao scooter Homesheel L1 Plus_hàng chính hãng_màu đỏ
Bộ lều kém bóng cho bé Model 2027A
Vợt Cầu Lông Cao Cấp Mesuca Princess DDA21625-D - Hồng
