"Đồ chơi trẻ sơ sinh Kệ chữ A Nhựa Chợ Lớn K5 (Có Nhạc) - M1784-BB90-2I, Nhựa chính phẩm an toàn, Sản xuất tại Việt Nam - Hàng chính hãng"
Đồ Chơi Treo Nôi Đa Năng Antona Sử Dụng Được Cho Cả Xe Đẩy Benrikids - TN02 (Màu Ngẫu Nhiên)
Kệ chữ A Nhựa Chợ Lớn K2 (Có Nhạc) - M1476-BB9
Nôi Địu Em Bé Bền Đẹp
Treo nôi đen trắng hình các mẫu khối kích thích thị giác cho bé
Kệ chữ A có kèn và nhạc kích thích thông minh cho bé
Treo nôi màu sắc hình sao kích thích thị giác cho bé
Đồ chơi lật đật chim cánh cụt xanh Huanger HE0201 (có âm thanh)
Set 10 Đồ Gặm Nướu Và Lục Lạc Siêu Yêu Cho Bé
Set 4 món đồ chơi lục lạc cầm tay và ngậm nướu Huanger HE0126
Kệ chữ A Nhựa Chợ Lớn K3 (Có Nhạc) - M1590-BB22-2I
"Đồ chơi trẻ sơ sinh Kệ chữ A Nhựa Chợ Lớn K6 (Có nhạc) - M1794-BB91-2I, Nhựa chính phẩm an toàn, Sản xuất tại Việt Nam - Hàng chính hãng"
Đồ Chơi Sơ Sinh-Kệ Chữ A Cho Trẻ Sơ Sinh Con Ếch Bóp Chíp Tặng Kèm 10 Dụng Cụ Bịt Ổ Điện An Toàn Cho Bé
Treo nôi đen trắng hoa tuyết kích thích thị giác cho bé
Treo nôi đồ chơi- treo nôi phát nhạc handmade kích thích giác quan cho bé
Xúc Xắc Vui Nhộn Pipovietnam
Treo nôi handmade màu sắc hình thú kích thích thị giác cho bé
Treo nôi màu sắc hình bướm kích thích thị giác cho bé
Đồ Chơi Sơ Sinh - Combo 3 Lục Lạc Xúc Xắc Trống - Chùy - Hoa Quả Cho Bé ( Ngẫu Nhiên)
Bộ Đồ Chơi Thú Bông Treo Xe Đẩy Hoặc Nôi Cho Bé
Thanh treo nôi cũi
Túi đồ chơi xúc xắc 7 món Toys House 776-27
Đồ chơi Sơ sinh - BÓNG VẢI PHÁT TRIỂN GIÁC QUAN NÚM XÚC XẮC
Combo 7 Xúc Xắc Đồ Chơi Antona Cho Bé
Đồ chơi lục lạc quả bóng lăn Huanger HE0153
Kệ Chữ A Hình Con Ếch Antona
"Khung treo nôi cũi có nhạc và đèn lấp lánh, thiết kế chắc chắn Huanger HE0304 (set 6 món)"
Đồ chơi xếp tháp thả bóng lăn 5 tầng phát âm thanh vui nhộn cho trẻ em Huanger HE0205
Kệ Chữ A Ngôi Nhà Tuổi Thơ Antona AS02 (Có Âm Thanh)
Đồ chơi lục lạc cầm tay kết hợp ngậm nướu tiện lợi dành cho trẻ sơ sinh Huanger HE0109
Kệ chữ A Nhựa Chợ Lớn K1 (Không Nhạc) - M1417-BB5
"Kệ chữ A kết hợp bàn tập ngồi, tập đứng Winfun 0822 MẪU MỚI NHẤT"
Kệ chữ A lục lạc loại đại có phát nhạc dành cho bé
Treo Cũi Con Thú Vui Nhộn Winfun 0845
Đồ Chơi Treo Nôi Khu Vườn Của Bé Antona Tặng Kèm 2 Miếng Xốp Chăn Cửa An Toàn Cho Bé (Màu Ngẫu Nhiên)
Đồ chơi An toàn Việt Xúc Xắc Cầu Sato cho Bé từ 3 tháng tuổi
Đồ Chơi Sơ Sinh - Lục Lạc Xúc Xắc Trống Antona
Cá Ngựa Ru Ngủ Fisher Price DGH82 - Xanh
Kệ Chữ A Ngôi Nhà Tuổi Thơ Antona Loại Có Nhạc Ru (Màu Ngẫu Nhiên)
"Bộ Đồ Chơi Thú Bông, Lục Lạc 9 Món Treo Nôi Cũi"
Túi Đồ Chơi Xúc Xắc 10 Món Xinh Xắn Dành Cho Bé Yêu Toyshouse
Gặm nướu Nhật Bản chính hãng PEOPLE | 9 Kiểu vân nổi phù hợp cho bé từ 3 tháng tuổi - TB078
Kệ chữ A Antona Con Ếch Bóp Chíp BENRIMART-ECO1
"Đồ Chơi Cho Trẻ Sơ Sinh Kệ Chữ A Nhựa Chợ Lớn K4 (Có Nhạc) - M1748-BB86-2i, Nhựa chính phẩm an toàn, Sản xuất tại Việt Nam - Hàng chính hãng"
Bóng vải luyện chân kích thích thị giác cho bé
Mẫu treo nôi đen trắng hình mây kích thích thị giác
Xúc Xắc Gặm Nướu Bằng Nhựa Winfun 0233
Treo nôi màu sắc hình voi kích thích thị giác cho bé
"Túi 9 xúc xắc, 4 gặm nướu an toàn Toys House"
Đồ Chơi Thảm Vận Động Piano Rừng Nhiệt Đới Fisher Price FGG45
Treo nôi màu sắc vuông đỏ kích thích thị giác cho bé
Mẫu treo nôi handmade màu sắc chim thú vui nhộn kích thích thj giác
Treo nôi handmade màu sắc bầu trời  kích thích thị giác cho bé
Xúc Xắc Trẻ Em Antona AX04 - Chùy
Kệ Chữ A Xúc Xắc Cho Bé Từ 3 Tháng Tuổi BENRIKIDS-Sato033
Gặm nướu Nhật Bản chính hãng PEOPLE | Phù hợp cho bé thích tập cầm nắm từ 2 tháng tuổi - BB085
Quả Bóng Mềm Lục Lạc Chickenball Antona Giúp Bé Vận Động BENRIMAR-CK (Ngẫu Nhiên)
Hộp nhạc treo nôi chạy pin 35 bài tự xoay có điều khiển âm lượng
Gặm Nướu Bằng Gạo Nhật Bản từ PEOPLE | Hương gạo & vị gạo trong từng sản phẩm 100% Made in Japan KM030
Kệ Chữ A Đa Năng 3 In 1 Hình Động Vật Winfun 0853NL
"Treo Nôi Cũi Cũi, Xe Đẩy Có Nhạc Siêu Dễ Thương Cho Bé Yêu"
Mẫu treo nôi đen trắng hình cứu  cho bé
Treo Nôi Khu Vườn Của Bé Antona AS05
Xúc Xắc Trống  Antona AX12 - Ếch
Bóng vải kèm lục lạc Pipo loại 12 miếng ghép
Lục lạc cầm tay cho bé ( Thái Lan )
Đồ Chơi Cho Bé Sơ Sinh 2 Tháng Tuổi | Xúc Xắc Phát Triển Thị Giác Từ PEOPLE Nhật Bản BB108
Thanh treo nôi 4 nhánh E7-TN02 màu Trắng
Đồ Chơi Xúc Xắc Antona Hộp 6 Chiếc Bằng Nhựa An Toàn Cho Bé
Túi Đồ Chơi Xúc Xắc 5 Món Đáng Yêu Toyshouse
Combo Đồ Chơi Bóp Chíp Xúc Xắc 7 Món BENRIKIDS-7MON (Ngẫu Nhiên)
"Kệ treo, treo nôi Antona Khu Vườn Của Bé"
Combo 3 Xúc Xắc Hoa Quả Xúc Xắc Chùy Xúc Xắc Trống Antona (Ngẫu Nhiên)
Xúc Xắc Gặm Nướu Tròn Màu Cam Richell - RC42303
Treo nôi handmade màu sắc noel kích thích thj giác cho bé
Xúc Xắc Gặp Nướu Hình Bông Hoa Winfun 0776
[COMBO 2 CHIẾC] Lục lạc đầu tròn cho bé sơ sinh - Chất liệu gỗ
Kệ chữ A Khung gỗ đa năng giáo dục hỗ trợ luyện tập cho trẻ
Đồ Chơi Xúc Xắc Chuông Sato Giúp Bé Tăng Khả Năng Cầm Nắm(Màu ngẫu nhiên)
Đồ chơi cho bé sơ sinh 3 tháng tuổi | Gặm nướu & âm thanh từ PEOPLE Nhật Bản TB033
"Chút chít cầm nắm 3 in 1 hươu cao cổ kích thích thính giác, xúc giác và rèn luyện kỹ năng cầm nắm"
Xúc Xắc Gặm Nướu Hình Ô Tô Winfun 0628
Cá Ngựa Ru Ngủ Fisher Price DGH83 - Hồng
"Đồ chơi hạt gỗ treo nôi, treo phòng ngủ cho bé sơ sinh"
Bộ Đồ Chơi Lục Lạc 3 Món Antona Cho Bé Từ 3 Đến 18 Tháng BENRIMART-HOP3
Đồ Chơi Sơ Sinh Quả Bóng Mềm Lục Lạc Antona Giúp Bé Vận Động BENRIMART-BM
Chút Chít Chuột Con Toyroyal 1032 - Vàng
Gặm nướu Nhật Bản chính hãng PEOPLE | Phù hợp cho bé thích Gặm Ti từ 3 tháng tuổi TB144
Treo nôi màu sắc handmade động vật vui nhộn kích thích thị giác cho bé
Đồ Chơi Bóng Mẹ Con Vuông Tròn Kidsme 9266 (Từ 6 Tháng Tuổi)
Bộ 2 Xúc Xắc Lục Lạc Bằng Gỗ An Toàn Cho Trẻ Nhỏ Giúp Bé Luyện Tay
Hộp nhạc treo nôi tự xoay (dùng pin AA) E7-HN02
Đồ Chơi Quả Bóng Xúc Xắc Chicken Ball Antona Cho Bé
"Bộ xúc xắc, gặm nướu ba chi tiết INF219-XX"
Đồ chơi cho bé sơ sinh 8 tháng tuổi | Kích thích bé tập bò từ PEOPLE Nhật Bản BB125
Đồ Chơi Sơ Sinh Treo Cũi Treo Nôi Antona Khu Vườn Của Bé Phát Triển Kỹ Năng Và Các Giác Quan Tặng Kèm Móc Treo Đồ Tiện Lợi Xoay 360 Độ
"Đồ chơi trẻ sơ sinh Kệ chữ A Nhựa Chợ Lớn K5 (Có Nhạc) - M1784-BB90-2I, Nhựa chính phẩm an toàn, Sản xuất tại Việt Nam - Hàng chính hãng"
Đồ Chơi Treo Nôi Đa Năng Antona Sử Dụng Được Cho Cả Xe Đẩy Benrikids - TN02 (Màu Ngẫu Nhiên)
Kệ chữ A Nhựa Chợ Lớn K2 (Có Nhạc) - M1476-BB9
Nôi Địu Em Bé Bền Đẹp
Treo nôi đen trắng hình các mẫu khối kích thích thị giác cho bé
Kệ chữ A có kèn và nhạc kích thích thông minh cho bé
Treo nôi màu sắc hình sao kích thích thị giác cho bé
Đồ chơi lật đật chim cánh cụt xanh Huanger HE0201 (có âm thanh)
Set 10 Đồ Gặm Nướu Và Lục Lạc Siêu Yêu Cho Bé
Set 4 món đồ chơi lục lạc cầm tay và ngậm nướu Huanger HE0126
Kệ chữ A Nhựa Chợ Lớn K3 (Có Nhạc) - M1590-BB22-2I
"Đồ chơi trẻ sơ sinh Kệ chữ A Nhựa Chợ Lớn K6 (Có nhạc) - M1794-BB91-2I, Nhựa chính phẩm an toàn, Sản xuất tại Việt Nam - Hàng chính hãng"
Đồ Chơi Sơ Sinh-Kệ Chữ A Cho Trẻ Sơ Sinh Con Ếch Bóp Chíp Tặng Kèm 10 Dụng Cụ Bịt Ổ Điện An Toàn Cho Bé
Treo nôi đen trắng hoa tuyết kích thích thị giác cho bé
Treo nôi đồ chơi- treo nôi phát nhạc handmade kích thích giác quan cho bé
Xúc Xắc Vui Nhộn Pipovietnam
Treo nôi handmade màu sắc hình thú kích thích thị giác cho bé
Treo nôi màu sắc hình bướm kích thích thị giác cho bé
Đồ Chơi Sơ Sinh - Combo 3 Lục Lạc Xúc Xắc Trống - Chùy - Hoa Quả Cho Bé ( Ngẫu Nhiên)
Bộ Đồ Chơi Thú Bông Treo Xe Đẩy Hoặc Nôi Cho Bé
Thanh treo nôi cũi
Túi đồ chơi xúc xắc 7 món Toys House 776-27
Đồ chơi Sơ sinh - BÓNG VẢI PHÁT TRIỂN GIÁC QUAN NÚM XÚC XẮC
Combo 7 Xúc Xắc Đồ Chơi Antona Cho Bé
Đồ chơi lục lạc quả bóng lăn Huanger HE0153
Kệ Chữ A Hình Con Ếch Antona
"Khung treo nôi cũi có nhạc và đèn lấp lánh, thiết kế chắc chắn Huanger HE0304 (set 6 món)"
Đồ chơi xếp tháp thả bóng lăn 5 tầng phát âm thanh vui nhộn cho trẻ em Huanger HE0205
Kệ Chữ A Ngôi Nhà Tuổi Thơ Antona AS02 (Có Âm Thanh)
Đồ chơi lục lạc cầm tay kết hợp ngậm nướu tiện lợi dành cho trẻ sơ sinh Huanger HE0109
Kệ chữ A Nhựa Chợ Lớn K1 (Không Nhạc) - M1417-BB5
"Kệ chữ A kết hợp bàn tập ngồi, tập đứng Winfun 0822 MẪU MỚI NHẤT"
Kệ chữ A lục lạc loại đại có phát nhạc dành cho bé
Treo Cũi Con Thú Vui Nhộn Winfun 0845
Đồ Chơi Treo Nôi Khu Vườn Của Bé Antona Tặng Kèm 2 Miếng Xốp Chăn Cửa An Toàn Cho Bé (Màu Ngẫu Nhiên)
Đồ chơi An toàn Việt Xúc Xắc Cầu Sato cho Bé từ 3 tháng tuổi
Đồ Chơi Sơ Sinh - Lục Lạc Xúc Xắc Trống Antona
Cá Ngựa Ru Ngủ Fisher Price DGH82 - Xanh
Kệ Chữ A Ngôi Nhà Tuổi Thơ Antona Loại Có Nhạc Ru (Màu Ngẫu Nhiên)
"Bộ Đồ Chơi Thú Bông, Lục Lạc 9 Món Treo Nôi Cũi"
Túi Đồ Chơi Xúc Xắc 10 Món Xinh Xắn Dành Cho Bé Yêu Toyshouse
Gặm nướu Nhật Bản chính hãng PEOPLE | 9 Kiểu vân nổi phù hợp cho bé từ 3 tháng tuổi - TB078
Kệ chữ A Antona Con Ếch Bóp Chíp BENRIMART-ECO1
"Đồ Chơi Cho Trẻ Sơ Sinh Kệ Chữ A Nhựa Chợ Lớn K4 (Có Nhạc) - M1748-BB86-2i, Nhựa chính phẩm an toàn, Sản xuất tại Việt Nam - Hàng chính hãng"
Bóng vải luyện chân kích thích thị giác cho bé
Mẫu treo nôi đen trắng hình mây kích thích thị giác
Xúc Xắc Gặm Nướu Bằng Nhựa Winfun 0233
Treo nôi màu sắc hình voi kích thích thị giác cho bé
"Đồ chơi trẻ sơ sinh Kệ chữ A Nhựa Chợ Lớn K5 (Có Nhạc) - M1784-BB90-2I, Nhựa chính phẩm an toàn, Sản xuất tại Việt Nam - Hàng chính hãng"
Đồ Chơi Treo Nôi Đa Năng Antona Sử Dụng Được Cho Cả Xe Đẩy Benrikids - TN02 (Màu Ngẫu Nhiên)
Kệ chữ A Nhựa Chợ Lớn K2 (Có Nhạc) - M1476-BB9
Nôi Địu Em Bé Bền Đẹp
Treo nôi đen trắng hình các mẫu khối kích thích thị giác cho bé
Kệ chữ A có kèn và nhạc kích thích thông minh cho bé
Treo nôi màu sắc hình sao kích thích thị giác cho bé
Đồ chơi lật đật chim cánh cụt xanh Huanger HE0201 (có âm thanh)
Set 10 Đồ Gặm Nướu Và Lục Lạc Siêu Yêu Cho Bé
Set 4 món đồ chơi lục lạc cầm tay và ngậm nướu Huanger HE0126
Kệ chữ A Nhựa Chợ Lớn K3 (Có Nhạc) - M1590-BB22-2I
"Đồ chơi trẻ sơ sinh Kệ chữ A Nhựa Chợ Lớn K6 (Có nhạc) - M1794-BB91-2I, Nhựa chính phẩm an toàn, Sản xuất tại Việt Nam - Hàng chính hãng"
Đồ Chơi Sơ Sinh-Kệ Chữ A Cho Trẻ Sơ Sinh Con Ếch Bóp Chíp Tặng Kèm 10 Dụng Cụ Bịt Ổ Điện An Toàn Cho Bé
Treo nôi đen trắng hoa tuyết kích thích thị giác cho bé
Treo nôi đồ chơi- treo nôi phát nhạc handmade kích thích giác quan cho bé
Xúc Xắc Vui Nhộn Pipovietnam
Treo nôi handmade màu sắc hình thú kích thích thị giác cho bé
Treo nôi màu sắc hình bướm kích thích thị giác cho bé
Đồ Chơi Sơ Sinh - Combo 3 Lục Lạc Xúc Xắc Trống - Chùy - Hoa Quả Cho Bé ( Ngẫu Nhiên)
Bộ Đồ Chơi Thú Bông Treo Xe Đẩy Hoặc Nôi Cho Bé
Thanh treo nôi cũi
Túi đồ chơi xúc xắc 7 món Toys House 776-27
Đồ chơi Sơ sinh - BÓNG VẢI PHÁT TRIỂN GIÁC QUAN NÚM XÚC XẮC
Combo 7 Xúc Xắc Đồ Chơi Antona Cho Bé
Đồ chơi lục lạc quả bóng lăn Huanger HE0153
Kệ Chữ A Hình Con Ếch Antona
"Khung treo nôi cũi có nhạc và đèn lấp lánh, thiết kế chắc chắn Huanger HE0304 (set 6 món)"
Đồ chơi xếp tháp thả bóng lăn 5 tầng phát âm thanh vui nhộn cho trẻ em Huanger HE0205
Kệ Chữ A Ngôi Nhà Tuổi Thơ Antona AS02 (Có Âm Thanh)
Đồ chơi lục lạc cầm tay kết hợp ngậm nướu tiện lợi dành cho trẻ sơ sinh Huanger HE0109
Kệ chữ A Nhựa Chợ Lớn K1 (Không Nhạc) - M1417-BB5
"Kệ chữ A kết hợp bàn tập ngồi, tập đứng Winfun 0822 MẪU MỚI NHẤT"
Kệ chữ A lục lạc loại đại có phát nhạc dành cho bé
Treo Cũi Con Thú Vui Nhộn Winfun 0845
Đồ Chơi Treo Nôi Khu Vườn Của Bé Antona Tặng Kèm 2 Miếng Xốp Chăn Cửa An Toàn Cho Bé (Màu Ngẫu Nhiên)
Đồ chơi An toàn Việt Xúc Xắc Cầu Sato cho Bé từ 3 tháng tuổi
Đồ Chơi Sơ Sinh - Lục Lạc Xúc Xắc Trống Antona
Cá Ngựa Ru Ngủ Fisher Price DGH82 - Xanh
Kệ Chữ A Ngôi Nhà Tuổi Thơ Antona Loại Có Nhạc Ru (Màu Ngẫu Nhiên)
"Bộ Đồ Chơi Thú Bông, Lục Lạc 9 Món Treo Nôi Cũi"
Túi Đồ Chơi Xúc Xắc 10 Món Xinh Xắn Dành Cho Bé Yêu Toyshouse
Gặm nướu Nhật Bản chính hãng PEOPLE | 9 Kiểu vân nổi phù hợp cho bé từ 3 tháng tuổi - TB078
Kệ chữ A Antona Con Ếch Bóp Chíp BENRIMART-ECO1
"Đồ Chơi Cho Trẻ Sơ Sinh Kệ Chữ A Nhựa Chợ Lớn K4 (Có Nhạc) - M1748-BB86-2i, Nhựa chính phẩm an toàn, Sản xuất tại Việt Nam - Hàng chính hãng"
Bóng vải luyện chân kích thích thị giác cho bé
Mẫu treo nôi đen trắng hình mây kích thích thị giác
Xúc Xắc Gặm Nướu Bằng Nhựa Winfun 0233
Treo nôi màu sắc hình voi kích thích thị giác cho bé
"Đồ chơi trẻ sơ sinh Kệ chữ A Nhựa Chợ Lớn K5 (Có Nhạc) - M1784-BB90-2I, Nhựa chính phẩm an toàn, Sản xuất tại Việt Nam - Hàng chính hãng"
Đồ Chơi Treo Nôi Đa Năng Antona Sử Dụng Được Cho Cả Xe Đẩy Benrikids - TN02 (Màu Ngẫu Nhiên)
Kệ chữ A Nhựa Chợ Lớn K2 (Có Nhạc) - M1476-BB9
Nôi Địu Em Bé Bền Đẹp
Treo nôi đen trắng hình các mẫu khối kích thích thị giác cho bé
Kệ chữ A có kèn và nhạc kích thích thông minh cho bé
Treo nôi màu sắc hình sao kích thích thị giác cho bé
Đồ chơi lật đật chim cánh cụt xanh Huanger HE0201 (có âm thanh)
Set 10 Đồ Gặm Nướu Và Lục Lạc Siêu Yêu Cho Bé
Set 4 món đồ chơi lục lạc cầm tay và ngậm nướu Huanger HE0126
Kệ chữ A Nhựa Chợ Lớn K3 (Có Nhạc) - M1590-BB22-2I
"Đồ chơi trẻ sơ sinh Kệ chữ A Nhựa Chợ Lớn K6 (Có nhạc) - M1794-BB91-2I, Nhựa chính phẩm an toàn, Sản xuất tại Việt Nam - Hàng chính hãng"
Đồ Chơi Sơ Sinh-Kệ Chữ A Cho Trẻ Sơ Sinh Con Ếch Bóp Chíp Tặng Kèm 10 Dụng Cụ Bịt Ổ Điện An Toàn Cho Bé
Treo nôi đen trắng hoa tuyết kích thích thị giác cho bé
Treo nôi đồ chơi- treo nôi phát nhạc handmade kích thích giác quan cho bé
Xúc Xắc Vui Nhộn Pipovietnam
Treo nôi handmade màu sắc hình thú kích thích thị giác cho bé
Treo nôi màu sắc hình bướm kích thích thị giác cho bé
Đồ Chơi Sơ Sinh - Combo 3 Lục Lạc Xúc Xắc Trống - Chùy - Hoa Quả Cho Bé ( Ngẫu Nhiên)
Bộ Đồ Chơi Thú Bông Treo Xe Đẩy Hoặc Nôi Cho Bé
Thanh treo nôi cũi
Túi đồ chơi xúc xắc 7 món Toys House 776-27
Đồ chơi Sơ sinh - BÓNG VẢI PHÁT TRIỂN GIÁC QUAN NÚM XÚC XẮC
Combo 7 Xúc Xắc Đồ Chơi Antona Cho Bé
Đồ chơi lục lạc quả bóng lăn Huanger HE0153
Kệ Chữ A Hình Con Ếch Antona
"Khung treo nôi cũi có nhạc và đèn lấp lánh, thiết kế chắc chắn Huanger HE0304 (set 6 món)"
Đồ chơi xếp tháp thả bóng lăn 5 tầng phát âm thanh vui nhộn cho trẻ em Huanger HE0205
Kệ Chữ A Ngôi Nhà Tuổi Thơ Antona AS02 (Có Âm Thanh)
Đồ chơi lục lạc cầm tay kết hợp ngậm nướu tiện lợi dành cho trẻ sơ sinh Huanger HE0109
Kệ chữ A Nhựa Chợ Lớn K1 (Không Nhạc) - M1417-BB5
"Kệ chữ A kết hợp bàn tập ngồi, tập đứng Winfun 0822 MẪU MỚI NHẤT"
Kệ chữ A lục lạc loại đại có phát nhạc dành cho bé
Treo Cũi Con Thú Vui Nhộn Winfun 0845
Đồ Chơi Treo Nôi Khu Vườn Của Bé Antona Tặng Kèm 2 Miếng Xốp Chăn Cửa An Toàn Cho Bé (Màu Ngẫu Nhiên)
Đồ chơi An toàn Việt Xúc Xắc Cầu Sato cho Bé từ 3 tháng tuổi
Đồ Chơi Sơ Sinh - Lục Lạc Xúc Xắc Trống Antona
Cá Ngựa Ru Ngủ Fisher Price DGH82 - Xanh
Kệ Chữ A Ngôi Nhà Tuổi Thơ Antona Loại Có Nhạc Ru (Màu Ngẫu Nhiên)
"Bộ Đồ Chơi Thú Bông, Lục Lạc 9 Món Treo Nôi Cũi"
Túi Đồ Chơi Xúc Xắc 10 Món Xinh Xắn Dành Cho Bé Yêu Toyshouse
Gặm nướu Nhật Bản chính hãng PEOPLE | 9 Kiểu vân nổi phù hợp cho bé từ 3 tháng tuổi - TB078
Kệ chữ A Antona Con Ếch Bóp Chíp BENRIMART-ECO1
"Đồ Chơi Cho Trẻ Sơ Sinh Kệ Chữ A Nhựa Chợ Lớn K4 (Có Nhạc) - M1748-BB86-2i, Nhựa chính phẩm an toàn, Sản xuất tại Việt Nam - Hàng chính hãng"
Bóng vải luyện chân kích thích thị giác cho bé
Mẫu treo nôi đen trắng hình mây kích thích thị giác
Xúc Xắc Gặm Nướu Bằng Nhựa Winfun 0233
Treo nôi màu sắc hình voi kích thích thị giác cho bé
Đồ chơi Xe Đẩy Sư Tử Hairun 371 - Màu Ngẫu Nhiên
Đồ Chơi Hình Sâu Màu Ngẫu Nhiên - KUB
Xúc Xắc Quả Dâu Antona Hàng Việt Nam
Đồ Chơi Cho Bé Sơ Sinh 6 Tháng Tuổi | Phát Triển Xúc Giác từ PEOPLE Nhật Bản BB072
"Treo cũi, xe đẩy hình chú bọ xinh xắn nhảy nhót vui nhộn B KIDS 004376"
Xúc Xắc Sư Tử Nhí Toyroyal 3185
Xúc Xắc Cầu Anto (Mẫu 2)
Xúc Xắc Trẻ Em Antona AX07 (Hộp 5 Chiếc)
Gấu Bobbie lục lạc Bobi Craft WT-164ACR-M-S
Xúc Xắc Trái Cây Antona AX17 - Hồng
Xúc Xắc Trái Cây Antona AX18 - Khế
Bộ 3 Đồ Chơi Lúc Lắc Cho Trẻ - DK580011
Xúc Xắc Trẻ Em Antona AX08 - A
Chút Chít Mèo Hồng Toyroyal 1031 - Hồng
"Thú bông bằng len Lục lạc gỗ chó Dory nâu - sản xuất thủ công handmade in Việt Nam - chất liệu 100% cotton, phù hợp mọi lứa tuổi"
Trống Thả Hình Đa Năng - DK580001
Đồ Chơi DUKA Tháp Cốc   Bảy Màu
Đồ Chơi Baby Rock Star - Đàn Guitar - DK580019
Đàn Điện Tử Kể Chuyện Thỏ J75-01 - Màu Xanh
Đồ Chơi Lúc Lắc Cho Trẻ - Chuông Bông Hoa - DK580004
Đồ Chơi Kệ Xúc Xắc Chữ A Mặt Trời Của Bé Cho Trẻ Nhỏ Hàng Việt Nam Tặng Kèm Móc Treo Đồ Trên Xe Đẩy Tiện Lợi 
Đồ Chơi Cho Bé Sơ Sinh | Khăn Treo Nôi & Xe Đẩy Cho Bé từ PEOPLE Nhật Bản TB151
Combo mẫu treo nôi màu sắc voi cho bé
"Đồ Chơi Cho Trẻ Sơ Sinh,Bộ 6 Xúc Xắc Lục Lạc Antona Tặng Kèm  10 Nút Bịt Ổ Điện An Toàn Cho Bé Yêu"
Combo bộ thanh treo nôi cũi - thanh chữ X + thanh kẹp chữ J gỗ thông (lắp ráp)
Đèn Chiếu Ru Ngủ Phát Nhạc Winfun 0806
Treo Nôi Có Nhạc Brevi Sheep BREC154610
Combo mẫu treo nôi đen trắng hình mây
"Thanh đồ chơi treo nôi, cũi, xe đẩy, ghế ngồi ô tô Infantino tặng xe trượt đà cho bé VBC-123-6 (ngẫu nhiên)"
Xúc Xắc Gặm Nướu Ốc Sên Richell - RC93752
Xúc xắc gặm nướu hình bông hoa Winfun tặng xe trượt đà cho bé VBC-123-6 (ngẫu nhiên)
Bộ đồ chơi lục lạc cho bé nhỏ Fisher Price FBH63
Đồ chơi cho bé sơ sinh 5 tháng tuổi | Gặm nướu phát triển xúc giác từ PEOPLE Nhật Bản BB116
Kệ chữ A đa năng thông minh 4in1 mặt trời vui nhộn
Lục Lạc 3 Quả Chuông Có Tay Cầm Sato Cho Bé BENRIMAR-XXC Màu Sắc Ngẫu Nhiên
Xe Đẩy Gấu Combi 113869
"Set 3 đồ chơi cầm tay xúc xắc chíp chíp, gặm nướu Winfun tặng xe trượt đà cho bé VBCare-123-6 (ngẫu nhiên)"
Đồ Chơi Sơ Sinh - Lục Lạc Xúc Xắc Trái Cây Antona
Xe Xúc Đồ Chơi Griptrac - Polesie Toys 48394
"Đồ Chơi Treo Nôi Cũi Tự Xoay, Có Đèn Và Nhạc - BabyCare"
Treo Nôi Có Nhạc Brevi Bambi BREC076714
Treo Cũi Hình Động Vật Có Nhạc Winfun 0856
Hộp Đồ Chơi Xúc Xắc 5 Món Xinh Xắn Cho Bé Yêu Toyshouse
Bánh Donut (PiPô Việt Nam)
"Thanh đồ chơi treo nôi, cũi, xe đẩy, ghế ngồi ô tô hình chim - có nhạc Infantino 216265"
Túi đồ chơi xúc xắc 10 món Toys House tặng xe trượt đà cho bé VBC-123-6 (ngẫu nhiên)
combo 3 xúc xắc xốp- màu ngẫu nhiên
Bộ Đồ Chơi Hộp 6 Bóp Chíp Xúc Xắc Tặng Kèm 10 Nút Bịt Ổ Điện Cho Bé
"Đồ chơi trẻ sơ sinh Kệ chữ A Nhựa Chợ Lớn K5 (Có Nhạc) - M1784-BB90-2I, Nhựa chính phẩm an toàn, Sản xuất tại Việt Nam - Hàng chính hãng"
Đồ Chơi Treo Nôi Đa Năng Antona Sử Dụng Được Cho Cả Xe Đẩy Benrikids - TN02 (Màu Ngẫu Nhiên)
Kệ chữ A Nhựa Chợ Lớn K2 (Có Nhạc) - M1476-BB9
Nôi Địu Em Bé Bền Đẹp
Treo nôi đen trắng hình các mẫu khối kích thích thị giác cho bé
Kệ chữ A có kèn và nhạc kích thích thông minh cho bé
Treo nôi màu sắc hình sao kích thích thị giác cho bé
Đồ chơi lật đật chim cánh cụt xanh Huanger HE0201 (có âm thanh)
Set 10 Đồ Gặm Nướu Và Lục Lạc Siêu Yêu Cho Bé
Set 4 món đồ chơi lục lạc cầm tay và ngậm nướu Huanger HE0126
Kệ chữ A Nhựa Chợ Lớn K3 (Có Nhạc) - M1590-BB22-2I
"Đồ chơi trẻ sơ sinh Kệ chữ A Nhựa Chợ Lớn K6 (Có nhạc) - M1794-BB91-2I, Nhựa chính phẩm an toàn, Sản xuất tại Việt Nam - Hàng chính hãng"
Đồ Chơi Sơ Sinh-Kệ Chữ A Cho Trẻ Sơ Sinh Con Ếch Bóp Chíp Tặng Kèm 10 Dụng Cụ Bịt Ổ Điện An Toàn Cho Bé
Treo nôi đen trắng hoa tuyết kích thích thị giác cho bé
Treo nôi đồ chơi- treo nôi phát nhạc handmade kích thích giác quan cho bé
Xúc Xắc Vui Nhộn Pipovietnam
Treo nôi handmade màu sắc hình thú kích thích thị giác cho bé
Treo nôi màu sắc hình bướm kích thích thị giác cho bé
Đồ Chơi Sơ Sinh - Combo 3 Lục Lạc Xúc Xắc Trống - Chùy - Hoa Quả Cho Bé ( Ngẫu Nhiên)
Bộ Đồ Chơi Thú Bông Treo Xe Đẩy Hoặc Nôi Cho Bé
Thanh treo nôi cũi
Túi đồ chơi xúc xắc 7 món Toys House 776-27
Đồ chơi Sơ sinh - BÓNG VẢI PHÁT TRIỂN GIÁC QUAN NÚM XÚC XẮC
Combo 7 Xúc Xắc Đồ Chơi Antona Cho Bé
Đồ chơi lục lạc quả bóng lăn Huanger HE0153
Kệ Chữ A Hình Con Ếch Antona
"Khung treo nôi cũi có nhạc và đèn lấp lánh, thiết kế chắc chắn Huanger HE0304 (set 6 món)"
Đồ chơi xếp tháp thả bóng lăn 5 tầng phát âm thanh vui nhộn cho trẻ em Huanger HE0205
Kệ Chữ A Ngôi Nhà Tuổi Thơ Antona AS02 (Có Âm Thanh)
Đồ chơi lục lạc cầm tay kết hợp ngậm nướu tiện lợi dành cho trẻ sơ sinh Huanger HE0109
Kệ chữ A Nhựa Chợ Lớn K1 (Không Nhạc) - M1417-BB5
"Kệ chữ A kết hợp bàn tập ngồi, tập đứng Winfun 0822 MẪU MỚI NHẤT"
Kệ chữ A lục lạc loại đại có phát nhạc dành cho bé
Treo Cũi Con Thú Vui Nhộn Winfun 0845
Đồ Chơi Treo Nôi Khu Vườn Của Bé Antona Tặng Kèm 2 Miếng Xốp Chăn Cửa An Toàn Cho Bé (Màu Ngẫu Nhiên)
Đồ chơi An toàn Việt Xúc Xắc Cầu Sato cho Bé từ 3 tháng tuổi
Đồ Chơi Sơ Sinh - Lục Lạc Xúc Xắc Trống Antona
Cá Ngựa Ru Ngủ Fisher Price DGH82 - Xanh
Kệ Chữ A Ngôi Nhà Tuổi Thơ Antona Loại Có Nhạc Ru (Màu Ngẫu Nhiên)
"Bộ Đồ Chơi Thú Bông, Lục Lạc 9 Món Treo Nôi Cũi"
Túi Đồ Chơi Xúc Xắc 10 Món Xinh Xắn Dành Cho Bé Yêu Toyshouse
Gặm nướu Nhật Bản chính hãng PEOPLE | 9 Kiểu vân nổi phù hợp cho bé từ 3 tháng tuổi - TB078
Kệ chữ A Antona Con Ếch Bóp Chíp BENRIMART-ECO1
"Đồ Chơi Cho Trẻ Sơ Sinh Kệ Chữ A Nhựa Chợ Lớn K4 (Có Nhạc) - M1748-BB86-2i, Nhựa chính phẩm an toàn, Sản xuất tại Việt Nam - Hàng chính hãng"
Bóng vải luyện chân kích thích thị giác cho bé
Mẫu treo nôi đen trắng hình mây kích thích thị giác
Xúc Xắc Gặm Nướu Bằng Nhựa Winfun 0233
Treo nôi màu sắc hình voi kích thích thị giác cho bé
Chút Chít Voi Xanh Toyroyal 1036 - Xanh
Quả Bóng Antona Antona AZ98
Xúc Xắc Trẻ Em Antona AX06 (Hộp 3 Chiếc)
Set 3 món xúc xắc cao cấp Infantino
Gặm nướu Nhật Bản chính hãng PEOPLE | Phù hợp cho bé thích Gặm Ti từ 5 tháng tuổi TB025
Đồ Chơi Hình Thú Trong Nhà Tắm VBC-2578-D
Đồ Chơi Hình Thú Trong Nhà Tắm VBC-2578-C
Lục lạc cho bé chất liệu len Thổ Nhĩ Kỳ 01
Đồ Chơi Cắn Răng Liên Kết Vui Nhộn Kidsme 9467 
Đồ Chơi Con Thú Kéo Dây VBC-7031
Xúc Xắc Trái Cây Antona AX15
"Đồ Chơi Trẻ Sơ Sinh Xúc Xắc Lục Lạc Cầm Tay Antona Cho Trẻ Nhỏ Luyện Cầm Nắm Chất Liệu Nhựa Nguyên Sinh An Toàn, Tiếng Kêu Vui Nhộn"
Đèn Ngủ Di Động Munchkin - 11569
Xúc Xắc Hình Thú Simba Toys 104010014
Kệ A vẹt MQ2821
Combo 3 Món Đồ Chơi Sơ Sinh: Đồ Chơi Rượt Đuổi Cùng Bạn Cua - Bộ Xếp Hình Thông Minh - Khối Vuông Lắp Ghép Hình Động Vật
Xúc Xắc Gặp Nướu Hình Bông Hoa Infantino Tặng Thước đo Chiều Cao Và Thị Lực
Combo Đồ Chơi Xúc Xắc Quả Dâu Và Quả Bóng Mềm Chicken Ball Antona Cho Bé + Tặng Kèm 2 Khóa Tủ Lạnh Ngăn Bàn
Bóng lục lạc mềm phát đèn nhạc Toys House tặng xe trượt đà cho bé VBC-123-6 (ngẫu nhiên)
Đèn Phát Nhạc Mặt Trăng Xanh Chicco 24262 - Xanh
Combo mẫu treo nôi handmade màu sắc công chúa mây xanh ngọc kích thích thị giác
Combo Đồ Chơi Sơ Sinh Kidsme: Chú Hề Lắp Ráp Cơ Bản + Lục Lạc Có Tay Cầm 
Bóng vải phát triển thị - thính giác ba màu cơ bản ( PiPô Việt Nam )
Treo cũi hình vô lăng ô tô tặng xe trượt đà cho bé VBC-123-6 (ngẫu nhiên)
Đồ Chơi Sơ Sinh - Lục Lạc Xúc Xắc Mái Nhà Antona
Xúc Xắc Chuông Gấu Con Toyroyal 3181
Túi đồ chơi xúc xắc 5 món Toys House 776-1
Đồ Chơi Winwintoys - Lục Lạc Mèo 66122
Chuông Hình Mèo Con Toyroyal 3222
Đồ Chơi Hộp Nhạc Dạ Quang Hình Mặt Trăng Simba Toys 104012311
Đồ Chơi Phun Nước Phao Tắm Và Sinh Vật Biển Munchkin - 26969
Bộ 2 Xúc Xắc Tay Cầm Cho Bé.  
Đồ Chơi Lắp Ráp Hình Nấm Simba Toys 104016690
"Đồ Chơi Hộp Nhạc Hình Mặt Trăng, Ngôi Sao Simba Toys 104017149"
Ngôi sao xúc xắc âm nhạc Infantino A6812
Cắn Nướu Có Nước Và Tay Cầm Kidsme 9311A - Màu Chanh
"Đồ Chơi Nhà Gas, Nông Trại Simba Toys 104014312"
Xúc xắc tay cầm xoay 360 độ Ami Thái Lan (AM33102)
Chìa khóa đồ chơi có nhạc Winfun tặng xe trượt đà cho bé VBCare-123-6 (ngẫu nhiên)
Đồ Chơi Lục Lạc Gắn Bàn - BabyCare
