"Đồng hồ báo thức điện tử để bàn màn hình đa chức năng thời gian, lịch, báo thức, nhiệt độ DH89"
Đồng hồ để bàn led báo thức thông minh
Đồng hồ báo thức cảm biến phát sáng trong đêm
Đồng hồ bấm giờ đếm ngược điện tử mini M3
"Đồng hồ báo thức CHUÔNG ĐÔI TO, kim loại phong cách cổ điển sang trọng, có in hình"
Đồng hồ bấm giờ đếm ngược mini v3
Đồng hồ báo thức điện tử thông minh để bàn mini DH89
Đồng Hồ Báo Thức Màn Hình LED Đa Năng - Đo Nhiệt Độ
Đồng hồ báo thức có giọng nói
Đồng hồ để bàn
Đồng Hồ LED Để Bàn Gỗ Khối Chữ Nhật Màu Đen - Led Trắng
Đồng hồ báo thức inox kim trôi 
Đồng Hồ Hẹn Giờ 60 Phút Pomodoro Kim Loại
Đồng Hồ LED Để Bàn BUDECOR và Treo Tường Sang Trọng
"Đồng hồ để bàn Baseus Subai chức năng hẹn giờ báo thức, hiển thị nhiệt độ môi trường"
Đồng hồ để bàn Led gỗ khối chữ nhật màu đen Led trắng
Đồng hồ để bàn báo thức điện tử
Đồng Hồ Pomodoro Hẹn Giờ 60 Phút Kim Loại Nhiều Kiểu Dáng
Đồng hồ làm việc Pomodoro (Màu Đỏ)
"Đồng hồ để bàn HISTORY ALARM báo thức mạ đồng, thiết kế nhỏ gọn, chuông to"
Đồng hồ mini bấm giờ đếm ngược
Đồng hồ báo thức điện tử để bàn mini thông minh đa chức năng DH89
Đồng hồ báo thức để bàn cao cấp chuông to
Đồng hồ làm việc Pomodoro Kim Loại
"Đồng hồ gỗ LED để bàn cao cấp, có nhiệt độ, ngày tháng năm, cảm biến âm thanh"
"Đồng hồ LED 3D Smart Clock treo tường, để bàn. Đồng hồ kĩ thuật số, Đồng hồ đèn led thông minh RET021"
 Đồng hồ bấm giờ đếm ngược điện tử mini V3 
Đồng hồ báo thức 2 quả chuông kèm đèn kiểu cổ điển để bàn tiện lợi
Đồng hồ đèn led báo thức để bàn Kiểu dáng thon gọn
Đồng hồ LED báo thức màn hình LCD Miror Clock DT6507
"Đồng hồ đếm ngược bấm giờ cầm tay, để bàn model V103"
"Đồng hồ để bàn hình lập phương, tự thay đổi màu sắc - Tặng kèm móc dán tường (giao màu ngẫu nhiên)"
Đồng Hồ Để Bàn Vuông Đổi Màu
"Đồng hồ điện tử để bàn có đèn ( Tặng 01 đèn pin mini không dùng pin ) - XEM GIỜ, LỊCH, NHIỆT ĐỘ, ĐỘ ẨM"
Đồng hồ bấm giờ mini đếm ngược cao cấp
Đồng hồ báo thức HIGHSTAR bảng ghi nhớ phát sáng
Đồng hồ hẹn giờ đếm ngược  nhà bếp SM17
đồng hồ báo thức để bàn hình xe đạp ngộ nghĩnh
Đồng hồ để bàn báo thức mạ đồng cao cấp
"Đồng hồ báo thức kim loại hình thú đáng yêu, đồng hồ chuông đôi cao cấp mã 708 hình toroto - giao màu ngẫu nhiên"
"Đồng hồ kiêm đèn led để bàn U2 ( ĐỒNG HỒ, ĐÈN LED, BÁO THỨC, LỊCH, NHIỆT KẾ )"
Đồng hồ trang trí để bàn văn phòng
Đồng Hồ Báo Thức Kim Loại Nền Xương Cá
Đồng hồ gỗ để bàn hình khối chữ nhật mặt số hiển thị LED - Đo nhiệt độ phòng - Cảm biến Âm thanh GB-DHG03
Đồng Hồ Led Để Bàn Mặt Gương DLED
Đồng hồ cà chua Pomodoro - Tối ưu hóa hiệu quả làm việc của bạn
Đồng Hồ Điện Tử Mini V3 Bấm giờ Hẹn giờ Đếm ngược Báo Thức Giúp Nấu ăn Thể Thao Đấu Giá thí nghiệm thẩm mỹ viện hội họp
Hộp đựng bút có đồng hồ
Đồng Hồ LED Đo Độ Ẩm Để Bàn Trong Nhà Điện Tử Nhiều Chức Năng 
Đồng Hồ Báo Thức Để Bàn Hình Xe Phân Khối Lớn Độc Đáo OX99
Đồng hồ báo thức để bàn mini 2832
Đồng hồ LED báo thức đo nhiệt độ vỏ gỗ M2
"Đồng hồ điện tử bấm giờ, báo thức mini XJ-613D"
Đồng hồ bấm giờ đếm ngược mini M2
Đồng Hồ Để Bàn Rhythm CRE823NR18
"Đồng hồ để bàn kiêm hộp đựng bút, đo nhiệt độ cao cấp"
Moo Moo - Đồng Hồ Vặn Cơ Đồng Hồ Nhắc Giờ Hẹn Giờ Nấu Ăn 60 Phút
Đồng hồ led để bàn
Đồng hồ báo thức cảm biến phát sáng trong đêm v4
Đồng hồ báo thức để bàn cao cấp
"Đồng hồ báo thức để bàn đa năng có báo thức, lịch, nhiệt độ"
Đồng hồ báo thức cảm biến phát sáng trong đêm
Đồng Hồ Để Bàn Hello Kitty Siêu Dễ Thương - Màu Ngẫu Nhiên (Hồng Cánh Sen Và Xanh Dương)
Đồng hồ hẹn giờ đếm ngược nhà bếp Kitchen Timer XJ-101
"Đồng hồ báo thức, đo nhiệt độ đèn LED đổi 7 màu"
Đồng hồ để bàn báo thức mạ đồng cao cấp
Đồng hồ thời gian promoto 
Đồng hồ báo thức để bàn mô hình xe máy
Đồng Hồ Báo Thức Inox Sang Trọng
Đồng hồ báo thức để bàn phát sáng đổi màu (Tặng kèm miếng thép đa năng 11in1)
"Đồng hồ để bàn đa năng màn LED đo nhiệt độ, độ ẩm, báo thức"
Đồng hồ để bàn mô hình Xe hơi hoài cổ
Đồng hồ đếm ngược bấm giờ V901
Đồng hồ để bàn hình ấm trà
Đồng Hồ Để Bàn Led
Đồng hồ gỗ LED để bàn cao cấp
Đồng hồ để bàn tích hợp -Nhiệt Kế Điện Tử Và Ẩm Kế Trong Nhà 
Đồng hồ hẹn giờ đếm ngược màn hình lớn - Dretec
"Đồng Hồ Báo Thức Kỹ Thuật Số Đèn LED Nền Cảm Biến Đa Chức Năng: Thời Gian, Lịch, Báo Thức, Nhiệt Độ - Hàng Chính Hãng Like Tech"
Đồng hồ điện tử để bàn
"Đồng hồ báo thức,đo nhiệt độ kiêm giá đựng bút để bàn thông minh DHB002"
Đồng hồ để bàn quả lắc phong cách Mỹ DH82
"Đồng hồ Led 3D cao cấp mặt gương phẳng hiện đại, đẹp mắt"
Đồng hồ điện tử báo thức cảm biến ánh sáng - 1019 (màu ngẫu nhiên)
Đồng hồ lật dáng retro Mac Setup
Đồng Hồ Lật Retro Lật Số Để Bàn Trang Trí Phong Cách Cổ Điển Retro Flip Clock Mai Lee - Hàng chính hãng 
"Đồng hồ báo thức, đo nhiệt,  độ đèn LED đổi 7 màu DHB003"
Đồng Hồ Quả Quýt Có Dây Đeo Bỏ Túi Cổ Điển - Độc Đáo (bạc) 
Đồng hồ hẹn giờ nấu ăn hình cà chua siêu đáng yêu
Đồng hồ bấm giờ đếm ngược điện tử mini M1
"Đồng hồ báo thức kim loại hình thú đáng yêu, đồng hồ chuông đôi cao cấp"
Đồng hồ 3D Canino Cao Cấp 
Đồng hồ để bàn xe mô tô
Đồng hồ báo thức để bàn phong cách cổ điển kim loại cao cấp có đèn
Đồng Hồ Để Bàn Mặt Tròn Hình Thỏ Dễ Thương (Giao Màu Ngẫu Nhiên)
Đồng hồ để bàn trang trí
đồng hồ báo thức để bàn hình máy bay trực thăng
"Đồng hồ hẹn giờ để bàn Dulton, chất liệu kim loại, kích thước 9x7x11cm"
Đồng hồ báo thức điện tử vỏ gỗ
"Đồng Hồ LED Để Bàn Cảm Biến Vỗ Tay Có Lịch Ngày, Đo Nhiệt Độ Và Độ Ẩm"
Đồng Hồ Đếm Ngược Có Giá Đỡ Hàng Nội Địa Trung-Giao Màu Ngẫu Nhiên
Đồng hồ LED để bàn hình hộp gỗ - Nhiệt kế - Báo thức - Cảm ứng âm thanh
Đồng Hồ OLLE JYSK W19xL9xH6cm 
Đồng hồ để bàn kim trôi hiện đại
Đồng Hồ Lật Retro Flip Clock - Nhiều Kiểu Dáng Cổ Điển
Đồng Hồ Để Bàn Thông Minh ARIZE Bandiz Mirror Digital Desk Clock - Hàng Chính Hãng
Đồng hồ báo thức chuông lớn( giao mầu ngẫu nhiên)
Đồng hồ bấm giờ đếm ngược V4 Canino
"Đồng hồ điện tử để bàn có đèn nhiều màu, có hộp đựng bút đa năng tiện lợi (Tặng đèn led mini cắm cổng USB-Màu ngẫu nhiên)"
Đồng hồ báo thức để bàn mini Unicorn Magical 5x8cm
Đồng hồ bấm giờ mini đếm ngược (màu ngẫu nhiên)
Đồng hồ báo thức để bàn mini tai thỏ cute
"Đồng hồ để bàn kiêm đài radio, thiết bị nghe nhạc (đa chức năng)"
ĐỒNG HỒ BÁO THỨC GIAO MÀU NGẪU NHIÊN
Đồng hồ led để bàn 7 chức năng
Đồng hồ đếm ngược hẹn giờ
Đồng hồ điện tử hình Kim Tự Tháp để bàn đổi màu (Tặng kèm bộ 6 con bướm dạ quang phát sáng)
Đồng hồ báo thức có giọng nói thế hệ mới
"Đồng Hồ Để Bàn Seiko 
QHK045S"
Đồng hồ để bàn B1525-70
Đồng hồ led để bàn
 Đồng hồ bấm giờ đếm ngược điện tử 4 in 1 PS-360
Đồng Hồ Để Bàn Hình Tàu Hỏa Độc Đáo - Kết Hợp Báo Thức
Đồng hồ báo thức để bàn bằng nhựa - Màu ngẫu nhiên
Đồng hồ quả lắc để bàn DH100namnu - Đồng hồ để bàn cổ điển đẹp sang trọng kích thước  22 x 88 cm để kệ tủ trang trí phòng khách nhà ở.
"Đồng hồ để bàn| Đồng hồ đo nhiệt độ, độ ẩm để bàn đẹp"
Đồng hồ để bàn B1525-81
Đồng hồ báo thức cảm biến phát sáng trong đêm
Đồng hồ báo thức có đèn LED đổi màu
Đông hồ để bàn hình xe đạp new
Đồng hồ báo thức để bàn kiêm đèn ngủ chiếu giờ lên trần nhà
Đồng hồ để bàn báo thức kỹ thuật số cảm biến phát sáng trong đêm
Đồng Hồ Báo Thức Để Bàn Deli 8810 Màu Gỗ (3.5inch)
Đồng hồ báo thức để bàn YX-8875 (hồng)- Màu ngẫu nhiên
Đồng hồ Hoa Mẫu Đơn gỗ Hương trang trí phòng khách cực đẹp
Đồng hồ Led gương có nhạc báo thức - Pin sạc
Đồng hồ để bàn có báo thức LED
Đồng Hồ Cổ Vintage
"Đồng hồ để bàn kiêm hộp để bút 4in1 đa năng cao cấp (Sang trọng, tinh tế)- (Tặng móc khóa tô vít đa năng 3in1)"
Đồng hồ báo thức để bàn mèo nơ Kitty HX3162 - màu ngẫu nhiên
Đồng hồ để bàn khắc laser 01
Đồng Hồ Bàn Đo Nhiệt Độ Và Độ Ẩm Không Khí Để Trong Nhà Thông Minh Nhỏ Gọn Giúp Quan Sát Thay Đổi Nhiệt Độ Phòng Mai Lee
Đồng hồ báo thức thông minh có cánh quạt - Tặng 02 đèn ngủ cắm USB (màu ngẫu nhiên)
ĐỒNG HỒ ĐỂ BÀN GỖ TÂN CỔ ĐIỂN HỌA TIẾT CON NGỰA CHẤT LIỆU ĐỒNG SANG TRỌNG QUÝ PHÁI
"Đồng hồ để bàn kiêm đài radio, thiết bị nghe nhạc C-866 (đa chức năng)"
Đồng hồ cát khung gỗ để bàn trang trí 
Đồng hồ xe đạp để bàn mâu mới (giao màu ngẫu nhiên)
"Đồng hồ đo nhiệt độ, độ ẩm và báo thức 5 chức năng trong một"
Đồng hồ báo thức để bàn phong cách cổ điển pastel hoạ tiết hoa lá có đèn 17x12cm
Đồng Hồ Để Bàn Vicdecor DHB0003 Gia Đình Cánh Cụt
"Đồng hồ báo thức để bàn chuông đôi DH05 mẫu mới phong cách cổ điển, sang trọng, siêu tiện dụng - giao màu ngẫu nhiên"
Đồng hồ gỗ lắp ráp Jonnydecor D02
Đồng hồ để bàn B1525-53
Đồng hồ báo thức điện tử HT558
"Đồng hồ báo thức,đo nhiệt độ kiêm giá đựng bút để bàn thông minh"
Đồng hồ để bàn B1525-83
Đồng hồ để bàn đổi màu Kim Tự Tháp
Đồng hồ gỗ hương để bàn cao cấp 
Đồmg hồ bình cát đôi 
"Đồng hồ để bàn Hoa Mẫu Đơn gỗ Mun đuôi công hàng cực độc, siêu đẹp"
Đồng Hồ Để Bàn Doll Vicdecor - DHB0044 - 15x25cm
Đồng hồ bấm giờ có chế độ đếm ngược mini V2 (Tặng kèm miếng thép đa năng 11in1)
Đồng hồ để bàn B1525-18
Hộp đựng bút kiêm đồng hồ để bàn V1 hình vuông (Tặng kèm quạt mini cắm USB vỏ nhựa giao màu ngẫu nhiên)
Đồng Hồ Để Bàn Vicdecor DHB0013 Mèo Con Đáng Yêu
Đồng hồ màn hình hiển thị led để bàn ( Tặng kèm móc khóa tô vít đa năng  )
"Đồng Hồ Để Bàn Seiko 
QHP009W"
Đồng hồ để bàn B1525-11
"Đồng hồ báo thức để bàn Quartz kim loại cao cấp 9,5x13cm"
Đồng hồ thủy tinh vuông 20x20 in hình Buddhism - đạo phật (57) . Đồng hồ thủy tinh để bàn trang trí đẹp chủ đề tôn giáo
Đồng hồ báo thức để bàn hình tròn Basic
Đồng hồ báo thức để bàn Chuông to 805
ĐỒNG HỒ BÁO THỨC - HỘP GẤP
Tranh Đồng Hồ Để Bàn DHB-37
Đồng Hồ Lật Retro
Đồng hồ để bàn kiêm hộp đựng bút V2
Đồng hồ báo thức cổ điển 2 quả chuông để bàn
Đồng hồ báo thức điện tử vỏ gỗ
Đồng Hồ Báo Thức Máy Gắp Kẹo
Đồng hồ quả lắc để bàn DH100mautu - Đồng hồ để bàn cổ điển đẹp sang trọng kích thước  35 x 21 x 72cm để kệ tủ trang trí phòng khách nhà ở
"Đồng hồ quả lắc để bàn đồng và gỗ sồi, mặt kính cao cấp - Đồng hồ để bàn cổ điển đẹp sang trọng kích thước  25cm*10cm* 40cm để kệ tủ trang trí phòng khách nhà ở."
Tranh Đồng Hồ Để Bàn DHB-61
Đồng hồ để bàn gỗ hương độc đáo hàng cao cấp
Đồng hồ led mặt gương - Đồng hồ để bàn kiêm đo nhiệt độ
Đồng hồ để bàn phân khối lớn ALarm (tặng kèm 1 sản phẩm ngẫu nhiên)
Đồng hồ để bàn gỗ mun đuôi công hàng hoàn thiện cao cấp
Đồng Hồ Để Bàn DH-DH0016/1
Đồng hồ báo thức để bàn 1609 - Giao màu ngẫu nhiên
"Đồng Hồ Để Bàn Seiko 
QHK045K"
Đồng hồ để bàn B1525-54
Đồng hồ báo thức để bàn Hello Kitty chuông kim loại có đèn 12x16cm
Đồng Hồ Báo Thức Chuông Reo Sơn Tĩnh Điện (giao màu ngẫu nhiên)
"Đồng hồ báo thức điện tử để bàn màn hình đa chức năng thời gian, lịch, báo thức, nhiệt độ DH89"
Đồng hồ để bàn led báo thức thông minh
Đồng hồ báo thức cảm biến phát sáng trong đêm
Đồng hồ bấm giờ đếm ngược điện tử mini M3
"Đồng hồ báo thức CHUÔNG ĐÔI TO, kim loại phong cách cổ điển sang trọng, có in hình"
Đồng hồ bấm giờ đếm ngược mini v3
Đồng hồ báo thức điện tử thông minh để bàn mini DH89
Đồng Hồ Báo Thức Màn Hình LED Đa Năng - Đo Nhiệt Độ
Đồng hồ báo thức có giọng nói
Đồng hồ để bàn
Đồng Hồ LED Để Bàn Gỗ Khối Chữ Nhật Màu Đen - Led Trắng
Đồng hồ báo thức inox kim trôi 
Đồng Hồ Hẹn Giờ 60 Phút Pomodoro Kim Loại
Đồng Hồ LED Để Bàn BUDECOR và Treo Tường Sang Trọng
"Đồng hồ để bàn Baseus Subai chức năng hẹn giờ báo thức, hiển thị nhiệt độ môi trường"
Đồng hồ để bàn Led gỗ khối chữ nhật màu đen Led trắng
Đồng hồ để bàn báo thức điện tử
Đồng Hồ Pomodoro Hẹn Giờ 60 Phút Kim Loại Nhiều Kiểu Dáng
Đồng hồ làm việc Pomodoro (Màu Đỏ)
"Đồng hồ để bàn HISTORY ALARM báo thức mạ đồng, thiết kế nhỏ gọn, chuông to"
Đồng hồ mini bấm giờ đếm ngược
Đồng hồ báo thức điện tử để bàn mini thông minh đa chức năng DH89
Đồng hồ báo thức để bàn cao cấp chuông to
Đồng hồ làm việc Pomodoro Kim Loại
"Đồng hồ gỗ LED để bàn cao cấp, có nhiệt độ, ngày tháng năm, cảm biến âm thanh"
"Đồng hồ LED 3D Smart Clock treo tường, để bàn. Đồng hồ kĩ thuật số, Đồng hồ đèn led thông minh RET021"
 Đồng hồ bấm giờ đếm ngược điện tử mini V3 
Đồng hồ báo thức 2 quả chuông kèm đèn kiểu cổ điển để bàn tiện lợi
Đồng hồ đèn led báo thức để bàn Kiểu dáng thon gọn
Đồng hồ LED báo thức màn hình LCD Miror Clock DT6507
"Đồng hồ đếm ngược bấm giờ cầm tay, để bàn model V103"
"Đồng hồ để bàn hình lập phương, tự thay đổi màu sắc - Tặng kèm móc dán tường (giao màu ngẫu nhiên)"
Đồng Hồ Để Bàn Vuông Đổi Màu
"Đồng hồ điện tử để bàn có đèn ( Tặng 01 đèn pin mini không dùng pin ) - XEM GIỜ, LỊCH, NHIỆT ĐỘ, ĐỘ ẨM"
Đồng hồ bấm giờ mini đếm ngược cao cấp
Đồng hồ báo thức HIGHSTAR bảng ghi nhớ phát sáng
Đồng hồ hẹn giờ đếm ngược  nhà bếp SM17
đồng hồ báo thức để bàn hình xe đạp ngộ nghĩnh
Đồng hồ để bàn báo thức mạ đồng cao cấp
"Đồng hồ báo thức kim loại hình thú đáng yêu, đồng hồ chuông đôi cao cấp mã 708 hình toroto - giao màu ngẫu nhiên"
"Đồng hồ kiêm đèn led để bàn U2 ( ĐỒNG HỒ, ĐÈN LED, BÁO THỨC, LỊCH, NHIỆT KẾ )"
Đồng hồ trang trí để bàn văn phòng
Đồng Hồ Báo Thức Kim Loại Nền Xương Cá
Đồng hồ gỗ để bàn hình khối chữ nhật mặt số hiển thị LED - Đo nhiệt độ phòng - Cảm biến Âm thanh GB-DHG03
Đồng Hồ Led Để Bàn Mặt Gương DLED
Đồng hồ cà chua Pomodoro - Tối ưu hóa hiệu quả làm việc của bạn
Đồng Hồ Điện Tử Mini V3 Bấm giờ Hẹn giờ Đếm ngược Báo Thức Giúp Nấu ăn Thể Thao Đấu Giá thí nghiệm thẩm mỹ viện hội họp
Hộp đựng bút có đồng hồ
Đồng hồ quả lắc để bàn DH100thieunu - Đồng hồ để bàn cổ điển đẹp sang trọng kích thước  15 x 15 x 60 cm để kệ tủ trang trí phòng khách nhà ở.
Đồng Hồ Reo 2 Chuông SA113AA - Viền Cam
Đồng Hồ Để Bàn Seiko QXN206ST - Trắng Bạc
Đồng Hồ Báo Thức Flying Alarm Clock ( CƠN ÁC MỘNG CHO NHỮNG AI NGỦ NƯỚNG )
Đồng hồ báo thức để bàn nhựa Hello Kitty trắng 14x18cm
Đồng hồ báo thức để bàn 1613 - Giao màu ngẫu nhiên
Bể cá phong thủy- tặng ngay một cá điện tử
Đồng hồ thủy tinh vuông 20x20 in hình Cathedral - nhà thờ chính tòa (35) . Đồng hồ thủy tinh để bàn trang trí đẹp chủ đề tôn giáo
Đồng hồ trang trí để bàn hình xe mô tô độc đáo
Đồng hồ để bàn tượng cặp voi phong cách tân cổ điển hàng nhập khẩu Hong Kong cao cấp mang đến vẻ đẹp sang trọng và quyền quý cho không gian trưng bày
Đồng hồ để bàn 048
Đồng Hồ Để Bàn BT2
Đồng hồ led gỗ model 010 - Gỗ đen led xanh
Đồng hồ để bàn 041
Đồng hồ điện tử BK-208 Canino mini (Màu ngẫu nhiên)
Đồng hồ để bàn gỗ hương thếp vàng hàng cao cấp
Đồng hồ để bàn gỗ hương thịt cao cấp 70x50x15cm
"Đồng hồ để bàn thông minh ( báo thức, nhiệt độ môi trường ) Subai Baseus - Hàng chính hãng"
Đồng hồ ngăn kéo để bàn gỗ hương
Đồng Hồ Để Bàn Vicdecor DHB0002 Gia Đình Cún Yêu
Đồng hồ báo thức để bàn trái dưa hấu mini 6cm
Đồng Hồ Để Bàn Vicdecor DHB0043 Hoa Cúc Dịu Dàng
Đồng Hồ Để Bàn Điện Tử Đa Năng T1 ( Tặng 01 bộ 6 con bướm dạ quang trang trí )
Đồng hồ để bàn kiêm đèn Led U2 (Tặng kèm miếng thép đa năng 11in1)
Đồng hồ bấm giờ đếm ngược 3in1 T4
Đồng hồ để bàn B1525-8
"Đồng Hồ Để Bàn Seiko 
QHP009P"
Đồng Hồ Quả Lắc Để Bàn Cổ Điển Phong Cách Châu Âu  DH2
Đồng Hồ Để Bàn Seiko QHE054G
Đồng Hồ Để Bàn DH-DH0016
Đồng hồ báo thức siêu cute( giao mầu ngẫu nhiên)
Đồng hồ để bàn SEIKO QXN227G
Đồng hồ đổi màu Winwinshop88 - Màu Trắng
Đồng hồ để bàn Ba Cô Tiên gỗ Hương Ta xịn 100% cực đẹp
Đồng Hồ Để Bàn ( Đế Trơn ) Bằng Đồng Lê Gia
Đồng hồ để bàn B1525-19
Đồng hồ thủy tinh vuông 20x20 in hình Church - nhà thờ (53) . Đồng hồ thủy tinh để bàn trang trí đẹp chủ đề tôn giáo
Đồng hồ để bàn B1525-61
Đồng hồ điện tử để bàn có đèn ( Tặng kèm pin )
Bộ Đôi Đồng Hồ Cát Để Bàn FDR017 Kim Loại Trang Trí Nhiều Không Gian Khác Nhau
Đồng hồ thủy tinh vuông 20x20 in hình đền Angkor Wat (11) . Đồng hồ thủy tinh để bàn trang trí đẹp chủ đề tôn giáo
Đồng hồ để bàn B1525-30
Đồng hồ thủy tinh vuông 20x20 in hình Church - nhà thờ (9) . Đồng hồ thủy tinh để bàn trang trí đẹp chủ đề tôn giáo
Đồng hồ để bàn cao cấp - cao 46cm dài 29cm
Đồng hồ để bàn B1525-76
"Đồng hồ đếm ngược version 1 (độ chính xác cao, có chuông báo) - Tặng kèm quạt cắm cổng USB mini (vỏ nhựa, giao màu ngẫu nhiên)"
đồng hồ để bàn hình xe hơi cổ điển (màu ngẫu nhiên)
Đồng hồ thủy tinh vuông 20x20 in hình Church - nhà thờ (70) . Đồng hồ thủy tinh để bàn trang trí đẹp chủ đề tôn giáo
Đồng hồ để bàn B1525-73
Đồng hồ thủy tinh vuông 20x20 in hình Church - nhà thờ (91) . Đồng hồ thủy tinh để bàn trang trí đẹp chủ đề tôn giáo
Đồng hồ thủy tinh vuông 20x20 in hình Church - nhà thờ (141) . Đồng hồ thủy tinh để bàn trang trí đẹp chủ đề tôn giáo
Đồng hồ thủy tinh vuông 20x20 in hình Cathedral Of Christ the saviour (39) . Đồng hồ thủy tinh để bàn trang trí đẹp chủ đề tôn giáo
Đồng Hồ DH-DH0039/1
Đồng hồ Hươu để bàn màu vàng (1 chiếc)
Tranh Đồng Hồ Để Bàn DHB-30
Tranh Đồng Hồ Để Bàn DHB-40
Tranh Đồng Hồ Để Bàn DHB-26
Đồng hồ Quartz dạng quả quýt 3 kim số học trò mạ đen bóng
ĐỒNG HỒ GỖ - KHẮC HÌNH 
Đồng hồ báo thức thông minh (Tặng kèm bộ 6 con bướm dạ quang phát sáng)
Đồng hồ thủy tinh vuông 20x20 in hình Church - nhà thờ (287) . Đồng hồ thủy tinh để bàn trang trí đẹp chủ đề tôn giáo
Đồng hồ Monote Rachel Cuckoo màu xanh
Tranh Đồng Hồ Để Bàn DHB-23
Combo Đồng Hồ Xúc Sắc Lắp Ráp Quà Tặng Trang Trí Để Bàn Văn Phòng
Đồng hồ báo thức để bàn Doraemon HX3164 - màu ngẫu nhiên
Đồng hồ báo thức điện tử vỏ gỗ khối tam giác
Đồng hồ để bàn kiêm hộp đựng bút V1
Đồng hồ để bàn có ống bút
Đồng hồ để bàn Seiko QHE130K
Đồng hồ để bàn kiểu dáng cổ điển Layer
Đồng Hồ Led Digital 3D
Đồng hồ báo thức để bàn đa năng gương đèn led mini 8x8cm
"Đồng Hồ Để Bàn Seiko 
QHE100K"
Đồng Hồ Kim Tự Tháp Nhiệt Độ-Hẹn Giờ - Tặng kèm Pin
Đồng hồ điện tử thông minh để bàn kiêm đựng bút đa năng ( Tặng Bộ 6 con bướm dạ quang phát sáng)
"Đồng hồ để bàn lá số lật , flip clock"
"Hộp đựng bút tiện dụng có hai ngăn nhỏ linh hoạt kéo ra vào kết hợp đồng hồ xem giờ + ngày tháng năm, nhắc nhở lịch hẹn sinh nhật,... và đo nhiệt độ phòng"
Đồng hồ báo thức kỹ thuật để bàn tròn mini đo độ ẩm và nhiệt độ
"Đồng hồ để bàn thiên thần có cánh DH100thienthan, chất liệu  composite sơn bền màu, chạy pin kim trôi tĩnh âm kích thước dài 25x rộng 17 x cao 80cm (Đồng hồ quả lắc)"
Đồng hồ báo thức cute để bàn
Đồng hồ báo thức để bàn mini Unicorn ngôi sao trắng 5x8cm
Bộ 2 đồng hồ gắn kính trong suốt K-033
Đồng Hồ Để Bàn Gỗ Hương cao 70cm một cái 
Đông hồ để bàn báo thức thông minh sáng tạo
Đồng Hồ Để Bàn Vicdecor DHB0005 Hoa Anh Đào
Đồng Hồ Báo Thức Đánh Chiêng - Knock The Gong Clock
Đồng hồ báo thức thông minh Smart Clock - Đã báo thức là phải dậy
ĐỒNG HỒ ĐỂ BÀN TRANG TRÍ NHÀ CỬA A14-T2400
Đồng hồ để bàn có giá đỡ G3 ( 23cm)
Đồng Hồ Gỗ Báo Thức Hình Chữ Nhật 1295 
Đồng hồ gỗ lắp ráp - lịch vạn niên Jonnydecor D04
Đồng hồ để bàn gỗ dừa
Đồng Hồ Để Bàn Vang Bordeaux Vicdecor - DHB0028 - 15x15cm
Đồng hồ để bàn 028
Đồng Hồ Để Bàn Đế Gỗ Bằng Đồng Lê Gia
Đồng hồ để bàn 029
"Đồng hồ báo thức điện tử để bàn màn hình đa chức năng thời gian, lịch, báo thức, nhiệt độ DH89"
Đồng hồ để bàn led báo thức thông minh
Đồng hồ báo thức cảm biến phát sáng trong đêm
Đồng hồ bấm giờ đếm ngược điện tử mini M3
"Đồng hồ báo thức CHUÔNG ĐÔI TO, kim loại phong cách cổ điển sang trọng, có in hình"
Đồng hồ bấm giờ đếm ngược mini v3
Đồng hồ báo thức điện tử thông minh để bàn mini DH89
Đồng Hồ Báo Thức Màn Hình LED Đa Năng - Đo Nhiệt Độ
Đồng hồ báo thức có giọng nói
Đồng hồ để bàn
Đồng Hồ LED Để Bàn Gỗ Khối Chữ Nhật Màu Đen - Led Trắng
Đồng hồ báo thức inox kim trôi 
Đồng Hồ Hẹn Giờ 60 Phút Pomodoro Kim Loại
Đồng Hồ LED Để Bàn BUDECOR và Treo Tường Sang Trọng
"Đồng hồ để bàn Baseus Subai chức năng hẹn giờ báo thức, hiển thị nhiệt độ môi trường"
Đồng hồ để bàn Led gỗ khối chữ nhật màu đen Led trắng
Đồng hồ để bàn báo thức điện tử
Đồng Hồ Pomodoro Hẹn Giờ 60 Phút Kim Loại Nhiều Kiểu Dáng
Đồng hồ làm việc Pomodoro (Màu Đỏ)
"Đồng hồ để bàn HISTORY ALARM báo thức mạ đồng, thiết kế nhỏ gọn, chuông to"
Đồng hồ mini bấm giờ đếm ngược
Đồng hồ báo thức điện tử để bàn mini thông minh đa chức năng DH89
Đồng hồ báo thức để bàn cao cấp chuông to
Đồng hồ làm việc Pomodoro Kim Loại
"Đồng hồ gỗ LED để bàn cao cấp, có nhiệt độ, ngày tháng năm, cảm biến âm thanh"
"Đồng hồ LED 3D Smart Clock treo tường, để bàn. Đồng hồ kĩ thuật số, Đồng hồ đèn led thông minh RET021"
 Đồng hồ bấm giờ đếm ngược điện tử mini V3 
Đồng hồ báo thức 2 quả chuông kèm đèn kiểu cổ điển để bàn tiện lợi
Đồng hồ đèn led báo thức để bàn Kiểu dáng thon gọn
Đồng hồ LED báo thức màn hình LCD Miror Clock DT6507
"Đồng hồ đếm ngược bấm giờ cầm tay, để bàn model V103"
"Đồng hồ để bàn hình lập phương, tự thay đổi màu sắc - Tặng kèm móc dán tường (giao màu ngẫu nhiên)"
Đồng Hồ Để Bàn Vuông Đổi Màu
"Đồng hồ điện tử để bàn có đèn ( Tặng 01 đèn pin mini không dùng pin ) - XEM GIỜ, LỊCH, NHIỆT ĐỘ, ĐỘ ẨM"
Đồng hồ bấm giờ mini đếm ngược cao cấp
Đồng hồ báo thức HIGHSTAR bảng ghi nhớ phát sáng
Đồng hồ hẹn giờ đếm ngược  nhà bếp SM17
đồng hồ báo thức để bàn hình xe đạp ngộ nghĩnh
Đồng hồ để bàn báo thức mạ đồng cao cấp
"Đồng hồ báo thức kim loại hình thú đáng yêu, đồng hồ chuông đôi cao cấp mã 708 hình toroto - giao màu ngẫu nhiên"
"Đồng hồ kiêm đèn led để bàn U2 ( ĐỒNG HỒ, ĐÈN LED, BÁO THỨC, LỊCH, NHIỆT KẾ )"
Đồng hồ trang trí để bàn văn phòng
Đồng Hồ Báo Thức Kim Loại Nền Xương Cá
Đồng hồ gỗ để bàn hình khối chữ nhật mặt số hiển thị LED - Đo nhiệt độ phòng - Cảm biến Âm thanh GB-DHG03
Đồng Hồ Led Để Bàn Mặt Gương DLED
Đồng hồ cà chua Pomodoro - Tối ưu hóa hiệu quả làm việc của bạn
Đồng Hồ Điện Tử Mini V3 Bấm giờ Hẹn giờ Đếm ngược Báo Thức Giúp Nấu ăn Thể Thao Đấu Giá thí nghiệm thẩm mỹ viện hội họp
Hộp đựng bút có đồng hồ
"Đồng hồ báo thức điện tử để bàn màn hình đa chức năng thời gian, lịch, báo thức, nhiệt độ DH89"
Đồng hồ để bàn led báo thức thông minh
Đồng hồ báo thức cảm biến phát sáng trong đêm
Đồng hồ bấm giờ đếm ngược điện tử mini M3
"Đồng hồ báo thức CHUÔNG ĐÔI TO, kim loại phong cách cổ điển sang trọng, có in hình"
Đồng hồ bấm giờ đếm ngược mini v3
Đồng hồ báo thức điện tử thông minh để bàn mini DH89
Đồng Hồ Báo Thức Màn Hình LED Đa Năng - Đo Nhiệt Độ
Đồng hồ báo thức có giọng nói
Đồng hồ để bàn
Đồng Hồ LED Để Bàn Gỗ Khối Chữ Nhật Màu Đen - Led Trắng
Đồng hồ báo thức inox kim trôi 
Đồng Hồ Hẹn Giờ 60 Phút Pomodoro Kim Loại
Đồng Hồ LED Để Bàn BUDECOR và Treo Tường Sang Trọng
"Đồng hồ để bàn Baseus Subai chức năng hẹn giờ báo thức, hiển thị nhiệt độ môi trường"
Đồng hồ để bàn Led gỗ khối chữ nhật màu đen Led trắng
Đồng hồ để bàn báo thức điện tử
Đồng Hồ Pomodoro Hẹn Giờ 60 Phút Kim Loại Nhiều Kiểu Dáng
Đồng hồ làm việc Pomodoro (Màu Đỏ)
"Đồng hồ để bàn HISTORY ALARM báo thức mạ đồng, thiết kế nhỏ gọn, chuông to"
Đồng hồ mini bấm giờ đếm ngược
Đồng hồ báo thức điện tử để bàn mini thông minh đa chức năng DH89
Đồng hồ báo thức để bàn cao cấp chuông to
Đồng hồ làm việc Pomodoro Kim Loại
"Đồng hồ gỗ LED để bàn cao cấp, có nhiệt độ, ngày tháng năm, cảm biến âm thanh"
"Đồng hồ LED 3D Smart Clock treo tường, để bàn. Đồng hồ kĩ thuật số, Đồng hồ đèn led thông minh RET021"
 Đồng hồ bấm giờ đếm ngược điện tử mini V3 
Đồng hồ báo thức 2 quả chuông kèm đèn kiểu cổ điển để bàn tiện lợi
Đồng hồ đèn led báo thức để bàn Kiểu dáng thon gọn
Đồng hồ LED báo thức màn hình LCD Miror Clock DT6507
"Đồng hồ đếm ngược bấm giờ cầm tay, để bàn model V103"
"Đồng hồ để bàn hình lập phương, tự thay đổi màu sắc - Tặng kèm móc dán tường (giao màu ngẫu nhiên)"
Đồng Hồ Để Bàn Vuông Đổi Màu
"Đồng hồ điện tử để bàn có đèn ( Tặng 01 đèn pin mini không dùng pin ) - XEM GIỜ, LỊCH, NHIỆT ĐỘ, ĐỘ ẨM"
Đồng hồ bấm giờ mini đếm ngược cao cấp
Đồng hồ báo thức HIGHSTAR bảng ghi nhớ phát sáng
Đồng hồ hẹn giờ đếm ngược  nhà bếp SM17
đồng hồ báo thức để bàn hình xe đạp ngộ nghĩnh
Đồng hồ để bàn báo thức mạ đồng cao cấp
"Đồng hồ báo thức kim loại hình thú đáng yêu, đồng hồ chuông đôi cao cấp mã 708 hình toroto - giao màu ngẫu nhiên"
"Đồng hồ kiêm đèn led để bàn U2 ( ĐỒNG HỒ, ĐÈN LED, BÁO THỨC, LỊCH, NHIỆT KẾ )"
Đồng hồ trang trí để bàn văn phòng
Đồng Hồ Báo Thức Kim Loại Nền Xương Cá
Đồng hồ gỗ để bàn hình khối chữ nhật mặt số hiển thị LED - Đo nhiệt độ phòng - Cảm biến Âm thanh GB-DHG03
Đồng Hồ Led Để Bàn Mặt Gương DLED
Đồng hồ cà chua Pomodoro - Tối ưu hóa hiệu quả làm việc của bạn
Đồng Hồ Điện Tử Mini V3 Bấm giờ Hẹn giờ Đếm ngược Báo Thức Giúp Nấu ăn Thể Thao Đấu Giá thí nghiệm thẩm mỹ viện hội họp
Hộp đựng bút có đồng hồ
Đồng Hồ Reo 2 Chuông SA113AA - Viền Xám
Tranh Đồng Hồ Để Bàn DHB-07
Tranh Đồng Hồ Để Bàn DHB-62
Tranh Đồng Hồ Để Bàn DHB-29
Tranh Đồng Hồ Để Bàn DHB-11
Đồng hồ báo thức quả chuông dáng cổ điển phiên bản mới 2019-hàng chính hãng (màu ngẫu nhiên)
Đồng hồ gỗ lắp ráp - lịch vạn niên Jonnydecor D06
Đồng Hồ Để Bàn Thỏ Con (Màu giao ngẫu nhiên)
Đồng Hồ Báo Thức Cổ Điển Hình Trái Tim
Đồng hồ để bàn hình bình nước (tặng kèm 1 sản phẩm ngẫu nhiên)
"Bộ đồng hồ đôi hươu để bàn, Decor trang trí bàn cao cấp, Đồng hồ trang trí bàn làm việc"
Đồng hồ đếm ngược Canino PS -360 tiện lợi thông minh ( kèm pin )
Đồng hồ để bàn hình tròn 3305B - Tặng 1 kèm móc dán treo đồng hồ
Đồng hồ bấm giờ đếm ngược điện tử cao cấp canino 4 in 1 PS-360
Combo 2 đồng hồ led kim tự tháp DH 1057
Đồng hồ để bàn 067
ĐỒNG HỒ ĐỂ BÀN PHIÊN BẢN BT21 BABY LED DIGITAL DESK CLOCK
Đồng hồ để bàn quả lắc thiên nga đồng DH10
"Đồng Hồ Để Bàn Seiko 
QHE163G"
Đồng hồ danh thiếp gỗ dừa
Đồng hồ để bàn B1525-20
Đồng hồ thủy tinh vuông 20x20 in hình đền Angkor Wat (7) . Đồng hồ thủy tinh để bàn trang trí đẹp chủ đề tôn giáo
Đồng hồ để bàn B1525-97
Đồng hồ để bàn B1525-57
Đồng hồ để bàn Seiko QHE092S
Đồng hồ để bàn B1525-60
Đồng hồ tảng băng - đồng hồ decor để bàn
Đồng hồ để bàn Tân cổ điển - Đồng hồ trang trí
Đồng hồ đàn bầu gỗ dừa
Đồng hồ hình ngọn hải đăng màu đỏ
Đồng hồ để bàn B1525-38
Đồng hồ để bàn B1525-10
Đồng hồ để bàn B1525-84
Đồng Hồ Để Bàn Vicdecor DHB0011 Hoa Tím Dịu Dàng
Đồng hồ báo thức cảm biến ánh sáng (Màu ngẫu nhiên) - Tặng kèm bộ 6 con bướm dạ quang phát sáng
Đồng hồ thủy tinh vuông 20x20 in hình Church - nhà thờ (64) . Đồng hồ thủy tinh để bàn trang trí đẹp chủ đề tôn giáo
Đồng hồ thủy tinh vuông 20x20 in hình đền Angkor Wat (1) . Đồng hồ thủy tinh để bàn trang trí đẹp chủ đề tôn giáo
Đồng hồ thủy tinh vuông 20x20 in hình Temple - đền thờ (21) . Đồng hồ thủy tinh để bàn trang trí đẹp chủ đề tôn giáo
Đồng hồ đặt bàn hình con tàu
Đồng hồ để bàn B1525-99
Đồng hồ để bàn B1525-45
Đồng hồ để bàn B1525-14
Đồng hồ thủy tinh vuông 20x20 in hình tu viện Mont Saint-Michel (24) . Đồng hồ thủy tinh để bàn trang trí đẹp chủ đề tôn giáo
Decor Trang Trí Đồng hồ đặt bàn DDB201
Đồng Hồ DH-DH0022
Đồng hồ để bàn B1525-78
Đồng hồ để bàn B1525-95
"Đồng hồ đếm ngược 4 kênh, dùng pin cúc áo tặng kèm đèn 4 led dán tường , dán ô tô"
"Đồng hồ báo thức điện tử để bàn màn hình đa chức năng thời gian, lịch, báo thức, nhiệt độ DH89"
Đồng hồ để bàn led báo thức thông minh
Đồng hồ báo thức cảm biến phát sáng trong đêm
Đồng hồ bấm giờ đếm ngược điện tử mini M3
"Đồng hồ báo thức CHUÔNG ĐÔI TO, kim loại phong cách cổ điển sang trọng, có in hình"
Đồng hồ bấm giờ đếm ngược mini v3
Đồng hồ báo thức điện tử thông minh để bàn mini DH89
Đồng Hồ Báo Thức Màn Hình LED Đa Năng - Đo Nhiệt Độ
Đồng hồ báo thức có giọng nói
Đồng hồ để bàn
Đồng Hồ LED Để Bàn Gỗ Khối Chữ Nhật Màu Đen - Led Trắng
Đồng hồ báo thức inox kim trôi 
Đồng Hồ Hẹn Giờ 60 Phút Pomodoro Kim Loại
Đồng Hồ LED Để Bàn BUDECOR và Treo Tường Sang Trọng
"Đồng hồ để bàn Baseus Subai chức năng hẹn giờ báo thức, hiển thị nhiệt độ môi trường"
Đồng hồ để bàn Led gỗ khối chữ nhật màu đen Led trắng
Đồng hồ để bàn báo thức điện tử
Đồng Hồ Pomodoro Hẹn Giờ 60 Phút Kim Loại Nhiều Kiểu Dáng
Đồng hồ làm việc Pomodoro (Màu Đỏ)
"Đồng hồ để bàn HISTORY ALARM báo thức mạ đồng, thiết kế nhỏ gọn, chuông to"
Đồng hồ mini bấm giờ đếm ngược
Đồng hồ báo thức điện tử để bàn mini thông minh đa chức năng DH89
Đồng hồ báo thức để bàn cao cấp chuông to
Đồng hồ làm việc Pomodoro Kim Loại
"Đồng hồ gỗ LED để bàn cao cấp, có nhiệt độ, ngày tháng năm, cảm biến âm thanh"
"Đồng hồ LED 3D Smart Clock treo tường, để bàn. Đồng hồ kĩ thuật số, Đồng hồ đèn led thông minh RET021"
 Đồng hồ bấm giờ đếm ngược điện tử mini V3 
Đồng hồ báo thức 2 quả chuông kèm đèn kiểu cổ điển để bàn tiện lợi
Đồng hồ đèn led báo thức để bàn Kiểu dáng thon gọn
Đồng hồ LED báo thức màn hình LCD Miror Clock DT6507
"Đồng hồ đếm ngược bấm giờ cầm tay, để bàn model V103"
"Đồng hồ để bàn hình lập phương, tự thay đổi màu sắc - Tặng kèm móc dán tường (giao màu ngẫu nhiên)"
Đồng Hồ Để Bàn Vuông Đổi Màu
"Đồng hồ điện tử để bàn có đèn ( Tặng 01 đèn pin mini không dùng pin ) - XEM GIỜ, LỊCH, NHIỆT ĐỘ, ĐỘ ẨM"
Đồng hồ bấm giờ mini đếm ngược cao cấp
Đồng hồ báo thức HIGHSTAR bảng ghi nhớ phát sáng
Đồng hồ hẹn giờ đếm ngược  nhà bếp SM17
đồng hồ báo thức để bàn hình xe đạp ngộ nghĩnh
Đồng hồ để bàn báo thức mạ đồng cao cấp
"Đồng hồ báo thức kim loại hình thú đáng yêu, đồng hồ chuông đôi cao cấp mã 708 hình toroto - giao màu ngẫu nhiên"
"Đồng hồ kiêm đèn led để bàn U2 ( ĐỒNG HỒ, ĐÈN LED, BÁO THỨC, LỊCH, NHIỆT KẾ )"
Đồng hồ trang trí để bàn văn phòng
Đồng Hồ Báo Thức Kim Loại Nền Xương Cá
Đồng hồ gỗ để bàn hình khối chữ nhật mặt số hiển thị LED - Đo nhiệt độ phòng - Cảm biến Âm thanh GB-DHG03
Đồng Hồ Led Để Bàn Mặt Gương DLED
Đồng hồ cà chua Pomodoro - Tối ưu hóa hiệu quả làm việc của bạn
Đồng Hồ Điện Tử Mini V3 Bấm giờ Hẹn giờ Đếm ngược Báo Thức Giúp Nấu ăn Thể Thao Đấu Giá thí nghiệm thẩm mỹ viện hội họp
Hộp đựng bút có đồng hồ
Tranh Đồng Hồ Để Bàn DHB-39
Tranh Đồng Hồ Để Bàn DHB-49
Tranh Đồng Hồ Để Bàn DHB-58
Tranh Đồng Hồ Để Bàn DHB-53
Tranh Đồng Hồ Để Bàn DHB-34
Tranh Đồng Hồ Để Bàn DHB-38
Tranh Đồng Hồ Để Bàn DHB-14
Tranh Đồng Hồ Để Bàn DHB-25
Tranh Đồng Hồ Để Bàn DHB-06
Tranh Đồng Hồ Để Bàn DHB-01
Tranh Đồng Hồ Để Bàn DHB-55
Đồng Hồ Để Bàn Rhythm CRP609WR19 - Bạc (19.3 x 24.1 x 9.0 cm)
Đồng Hồ Để Bàn Sư Tử Dễ Thương (Màu Giao Ngẫu Nhiên)
Đồng Hồ Để Bàn Bò Sữa (Màu Giao Ngẫu Nhiên)
Đồng hồ báo thức để bàn hoa hướng dương 7029 ( màu ngẫu nhiên)
Tranh Đồng Hồ Để Bàn DHB-63
Đồng Hồ Điện Tử Deli Đa Năng Với Màn Hình Lớn
Đồng Hồ Reo 2 Chuông SA060G - Nền Hồng
Đồng Hồ Reo 2 Chuông SA113AA - Viền Xanh Dương
Đồng Hồ Reo 2 Chuông SA114AA - Viền Xanh Dương
Đồng hồ báo thức để bàn Doraemon HX3164 - màu ngẫu nhiên
Đồng Hồ Reo 2 Chuông SA005AK - Xanh Lá
Đồng Hồ Reo 2 Chuông SA114AA - Viền Xám
Đồng hồ thủy tinh vuông 20x20 in hình Church - nhà thờ (111) . Đồng hồ thủy tinh để bàn trang trí đẹp chủ đề tôn giáo
Đồng Hồ Để Bàn Cao Cấp ( Đế Hoa ) Bằng Đồng Lê Gia
Đồng hồ thủy tinh vuông 20x20 in hình Church - nhà thờ (264) . Đồng hồ thủy tinh để bàn trang trí đẹp chủ đề tôn giáo
Đồng hồ thủy tinh vuông 20x20 in hình Church - nhà thờ (126) . Đồng hồ thủy tinh để bàn trang trí đẹp chủ đề tôn giáo
Đồng hồ để bàn B1525-23
Đồng hồ để bàn B1525-21
Đồng hồ để bàn B1525-98
Đồng hồ thủy tinh vuông 20x20 in hình tu viện Mont Saint-Michel (39) . Đồng hồ thủy tinh để bàn trang trí đẹp chủ đề tôn giáo
Đồng hồ thủy tinh vuông 20x20 in hình tu viện Mont Saint-Michel (54) . Đồng hồ thủy tinh để bàn trang trí đẹp chủ đề tôn giáo
Đồng hồ thủy tinh vuông 20x20 in hình Buddhism - đạo phật (43) . Đồng hồ thủy tinh để bàn trang trí đẹp chủ đề tôn giáo
Đồng hồ thủy tinh vuông 20x20 in hình Temple - đền thờ (22) . Đồng hồ thủy tinh để bàn trang trí đẹp chủ đề tôn giáo
Đồng hồ để bàn B1525-91
Đồng hồ để bàn B1525-28
Đồng hồ thủy tinh vuông 20x20 in hình Buddhism - đạo phật (74) . Đồng hồ thủy tinh để bàn trang trí đẹp chủ đề tôn giáo
Đồng hồ để bàn B1525-96
Đồng hồ thủy tinh vuông 20x20 in hình Church - nhà thờ (204) . Đồng hồ thủy tinh để bàn trang trí đẹp chủ đề tôn giáo
ĐỒNG HỒ BÁO THỨC CÓ NGĂN ĐỰNG BÚT
Đồng hồ để bàn hình chữ nhật đa năng
Đồng hồ vuông thủy tinh 20x20 in hình Temple - đền thờ (22) . Đồng hồ thủy tinh để bàn trang trí đẹp chủ đề tôn giáo
Đồng hồ thủy tinh vuông 20x20 in hình đền Angkor Wat (9) . Đồng hồ thủy tinh để bàn trang trí đẹp chủ đề tôn giáo
Đồng hồ thủy tinh vuông 20x20 in hình Church - nhà thờ (225) . Đồng hồ thủy tinh để bàn trang trí đẹp chủ đề tôn giáo
Đồng hồ để bàn Seiko QXW246B
Đồng hồ điện tử mini BK-208 (Giao màu ngẫu nhiên)
Bộ Đồng hồ để bàn 037
Đồng hồ hình chữ L 2 mặt cổ điển
"Đồng hồ báo thức điện tử để bàn màn hình đa chức năng thời gian, lịch, báo thức, nhiệt độ DH89"
Đồng hồ để bàn led báo thức thông minh
Đồng hồ báo thức cảm biến phát sáng trong đêm
Đồng hồ bấm giờ đếm ngược điện tử mini M3
"Đồng hồ báo thức CHUÔNG ĐÔI TO, kim loại phong cách cổ điển sang trọng, có in hình"
Đồng hồ bấm giờ đếm ngược mini v3
Đồng hồ báo thức điện tử thông minh để bàn mini DH89
Đồng Hồ Báo Thức Màn Hình LED Đa Năng - Đo Nhiệt Độ
Đồng hồ báo thức có giọng nói
Đồng hồ để bàn
Đồng Hồ LED Để Bàn Gỗ Khối Chữ Nhật Màu Đen - Led Trắng
Đồng hồ báo thức inox kim trôi 
Đồng Hồ Hẹn Giờ 60 Phút Pomodoro Kim Loại
Đồng Hồ LED Để Bàn BUDECOR và Treo Tường Sang Trọng
"Đồng hồ để bàn Baseus Subai chức năng hẹn giờ báo thức, hiển thị nhiệt độ môi trường"
Đồng hồ để bàn Led gỗ khối chữ nhật màu đen Led trắng
Đồng hồ để bàn báo thức điện tử
Đồng Hồ Pomodoro Hẹn Giờ 60 Phút Kim Loại Nhiều Kiểu Dáng
Đồng hồ làm việc Pomodoro (Màu Đỏ)
"Đồng hồ để bàn HISTORY ALARM báo thức mạ đồng, thiết kế nhỏ gọn, chuông to"
Đồng hồ mini bấm giờ đếm ngược
Đồng hồ báo thức điện tử để bàn mini thông minh đa chức năng DH89
Đồng hồ báo thức để bàn cao cấp chuông to
Đồng hồ làm việc Pomodoro Kim Loại
"Đồng hồ gỗ LED để bàn cao cấp, có nhiệt độ, ngày tháng năm, cảm biến âm thanh"
"Đồng hồ LED 3D Smart Clock treo tường, để bàn. Đồng hồ kĩ thuật số, Đồng hồ đèn led thông minh RET021"
 Đồng hồ bấm giờ đếm ngược điện tử mini V3 
Đồng hồ báo thức 2 quả chuông kèm đèn kiểu cổ điển để bàn tiện lợi
Đồng hồ đèn led báo thức để bàn Kiểu dáng thon gọn
Đồng hồ LED báo thức màn hình LCD Miror Clock DT6507
"Đồng hồ đếm ngược bấm giờ cầm tay, để bàn model V103"
"Đồng hồ để bàn hình lập phương, tự thay đổi màu sắc - Tặng kèm móc dán tường (giao màu ngẫu nhiên)"
Đồng Hồ Để Bàn Vuông Đổi Màu
"Đồng hồ điện tử để bàn có đèn ( Tặng 01 đèn pin mini không dùng pin ) - XEM GIỜ, LỊCH, NHIỆT ĐỘ, ĐỘ ẨM"
Đồng hồ bấm giờ mini đếm ngược cao cấp
Đồng hồ báo thức HIGHSTAR bảng ghi nhớ phát sáng
Đồng hồ hẹn giờ đếm ngược  nhà bếp SM17
đồng hồ báo thức để bàn hình xe đạp ngộ nghĩnh
Đồng hồ để bàn báo thức mạ đồng cao cấp
"Đồng hồ báo thức kim loại hình thú đáng yêu, đồng hồ chuông đôi cao cấp mã 708 hình toroto - giao màu ngẫu nhiên"
"Đồng hồ kiêm đèn led để bàn U2 ( ĐỒNG HỒ, ĐÈN LED, BÁO THỨC, LỊCH, NHIỆT KẾ )"
Đồng hồ trang trí để bàn văn phòng
Đồng Hồ Báo Thức Kim Loại Nền Xương Cá
Đồng hồ gỗ để bàn hình khối chữ nhật mặt số hiển thị LED - Đo nhiệt độ phòng - Cảm biến Âm thanh GB-DHG03
Đồng Hồ Led Để Bàn Mặt Gương DLED
Đồng hồ cà chua Pomodoro - Tối ưu hóa hiệu quả làm việc của bạn
Đồng Hồ Điện Tử Mini V3 Bấm giờ Hẹn giờ Đếm ngược Báo Thức Giúp Nấu ăn Thể Thao Đấu Giá thí nghiệm thẩm mỹ viện hội họp
Hộp đựng bút có đồng hồ
Đồng hồ để bàn hình con voi độc đáo - Đồng hồ cao cấp trang trí - Đồng hồ để bàn đẹp may mắn
Đồng hồ thủy tinh vuông 20x20 in hình Buddhism - đạo phật (71) . Đồng hồ thủy tinh để bàn trang trí đẹp chủ đề tôn giáo
Đồng hồ thủy tinh vuông 20x20 in hình Buddhism - đạo phật (31) . Đồng hồ thủy tinh để bàn trang trí đẹp chủ đề tôn giáo
Đồng hồ thủy tinh vuông 20x20 in hình Temple - đền thờ (2) . Đồng hồ thủy tinh để bàn trang trí đẹp chủ đề tôn giáo
Đồng hồ vuông thủy tinh 20x20 in hình Temple - đền thờ (74) . Đồng hồ thủy tinh để bàn trang trí đẹp chủ đề tôn giáo
Đồng hồ thủy tinh vuông 20x20 in hình Church - nhà thờ (190) . Đồng hồ thủy tinh để bàn trang trí đẹp chủ đề tôn giáo
Đồng hồ thủy tinh vuông 20x20 in hình Assumption of Mary Church - đền thanh mary (11) . Đồng hồ thủy tinh để bàn trang trí đẹp chủ đề tôn giáo
Đồng hồ thủy tinh vuông 20x20 in hình Buddhism - đạo phật (67) . Đồng hồ thủy tinh để bàn trang trí đẹp chủ đề tôn giáo
Đồng hồ thủy tinh vuông 20x20 in hình Buddhism - đạo phật (48) . Đồng hồ thủy tinh để bàn trang trí đẹp chủ đề tôn giáo
Đồng hồ thủy tinh vuông 20x20 in hình Assumption of Mary Church - đền thanh mary (4) . Đồng hồ thủy tinh để bàn trang trí đẹp chủ đề tôn giáo
Đồng hồ thủy tinh vuông 20x20 in hình Buddhism - đạo phật (27) . Đồng hồ thủy tinh để bàn trang trí đẹp chủ đề tôn giáo
Đồng hồ thủy tinh vuông 20x20 in hình Cathedral Of Christ the saviour (50) . Đồng hồ thủy tinh để bàn trang trí đẹp chủ đề tôn giáo
Đồng hồ thủy tinh vuông 20x20 in hình Church - nhà thờ (175) . Đồng hồ thủy tinh để bàn trang trí đẹp chủ đề tôn giáo
Đồng Hồ DH-DH0026
Đồng Hồ DH-DH0027/2
 Đồng hồ đếm giờ Taxxo 712 (FWZ 55 K)
Đồng hồ thủy tinh vuông 20x20 in hình Temple - đền thờ (5) . Đồng hồ thủy tinh để bàn trang trí đẹp chủ đề tôn giáo
Đồng hồ thủy tinh vuông 20x20 in hình Temple - đền thờ (58) . Đồng hồ thủy tinh để bàn trang trí đẹp chủ đề tôn giáo
Đồng hồ thủy tinh vuông 20x20 in hình tu viện Mont Saint-Michel (9) . Đồng hồ thủy tinh để bàn trang trí đẹp chủ đề tôn giáo
Đồng hồ thủy tinh vuông 20x20 in hình Church - nhà thờ (185) . Đồng hồ thủy tinh để bàn trang trí đẹp chủ đề tôn giáo
Đồng hồ thủy tinh vuông 20x20 in hình Buddhism - đạo phật (61) . Đồng hồ thủy tinh để bàn trang trí đẹp chủ đề tôn giáo
Đồng hồ thủy tinh vuông 20x20 in hình Church - nhà thờ (227) . Đồng hồ thủy tinh để bàn trang trí đẹp chủ đề tôn giáo
Đồng hồ thủy tinh vuông 20x20 in hình Buddhism - đạo phật (99) . Đồng hồ thủy tinh để bàn trang trí đẹp chủ đề tôn giáo
Đồng hồ thủy tinh vuông 20x20 in hình Church - nhà thờ (169) . Đồng hồ thủy tinh để bàn trang trí đẹp chủ đề tôn giáo
Đồng hồ thủy tinh vuông 20x20 in hình Church - nhà thờ (13) . Đồng hồ thủy tinh để bàn trang trí đẹp chủ đề tôn giáo
Đồng hồ thủy tinh vuông 20x20 in hình Buddhism - đạo phật (22) . Đồng hồ thủy tinh để bàn trang trí đẹp chủ đề tôn giáo
Đồng hồ thủy tinh vuông 20x20 in hình Cathedral - nhà thờ chính tòa (75) . Đồng hồ thủy tinh để bàn trang trí đẹp chủ đề tôn giáo
Đồng hồ thủy tinh vuông 20x20 in hình Church - nhà thờ (148) . Đồng hồ thủy tinh để bàn trang trí đẹp chủ đề tôn giáo
Đồng hồ thủy tinh vuông 20x20 in hình Church - nhà thờ (155) . Đồng hồ thủy tinh để bàn trang trí đẹp chủ đề tôn giáo
Đồng hồ thủy tinh vuông 20x20 in hình Cathedral - nhà thờ chính tòa (26) . Đồng hồ thủy tinh để bàn trang trí đẹp chủ đề tôn giáo
Đồng hồ thủy tinh vuông 20x20 in hình Cathedral Of Christ the saviour (28) . Đồng hồ thủy tinh để bàn trang trí đẹp chủ đề tôn giáo
Đồng hồ thủy tinh vuông 20x20 in hình Buddhism - đạo phật (41) . Đồng hồ thủy tinh để bàn trang trí đẹp chủ đề tôn giáo
Đồng hồ thủy tinh vuông 20x20 in hình Temple - đền thờ (10) . Đồng hồ thủy tinh để bàn trang trí đẹp chủ đề tôn giáo
Đồng hồ thủy tinh vuông 20x20 in hình Buddhism - đạo phật (80) . Đồng hồ thủy tinh để bàn trang trí đẹp chủ đề tôn giáo
Đồng hồ thủy tinh vuông 20x20 in hình Buddhism - đạo phật (7) . Đồng hồ thủy tinh để bàn trang trí đẹp chủ đề tôn giáo
Đồng hồ thủy tinh vuông 20x20 in hình Church - nhà thờ (276) . Đồng hồ thủy tinh để bàn trang trí đẹp chủ đề tôn giáo
Đồng hồ thủy tinh vuông 20x20 in hình Church - nhà thờ (292) . Đồng hồ thủy tinh để bàn trang trí đẹp chủ đề tôn giáo
Đồng hồ thủy tinh vuông 20x20 in hình Buddhism - đạo phật (51) . Đồng hồ thủy tinh để bàn trang trí đẹp chủ đề tôn giáo
Đồng hồ thủy tinh vuông 20x20 in hình Buddhism - đạo phật (97) . Đồng hồ thủy tinh để bàn trang trí đẹp chủ đề tôn giáo
Đồng hồ thủy tinh vuông 20x20 in hình Church - nhà thờ (209) . Đồng hồ thủy tinh để bàn trang trí đẹp chủ đề tôn giáo
Đồng hồ thủy tinh vuông 20x20 in hình Temple - đền thờ (89) . Đồng hồ thủy tinh để bàn trang trí đẹp chủ đề tôn giáo
Đồng hồ thủy tinh vuông 20x20 in hình Church - nhà thờ (242) . Đồng hồ thủy tinh để bàn trang trí đẹp chủ đề tôn giáo
Đồng hồ thủy tinh vuông 20x20 in hình Church - nhà thờ (25) . Đồng hồ thủy tinh để bàn trang trí đẹp chủ đề tôn giáo
Đồng hồ thủy tinh vuông 20x20 in hình Cathedral - nhà thờ chính tòa (7) . Đồng hồ thủy tinh để bàn trang trí đẹp chủ đề tôn giáo
Đồng hồ thủy tinh vuông 20x20 in hình Buddhism - đạo phật (53) . Đồng hồ thủy tinh để bàn trang trí đẹp chủ đề tôn giáo
Đồng hồ thủy tinh vuông 20x20 in hình Church - nhà thờ (118) . Đồng hồ thủy tinh để bàn trang trí đẹp chủ đề tôn giáo
Đồng hồ thủy tinh vuông 20x20 in hình Church - nhà thờ (252) . Đồng hồ thủy tinh để bàn trang trí đẹp chủ đề tôn giáo
Đồng hồ thủy tinh vuông 20x20 in hình Buddhism - đạo phật (49) . Đồng hồ thủy tinh để bàn trang trí đẹp chủ đề tôn giáo
Đồng hồ thủy tinh vuông 20x20 in hình đền Angkor Wat (5) . Đồng hồ thủy tinh để bàn trang trí đẹp chủ đề tôn giáo
Đồng hồ thủy tinh vuông 20x20 in hình Church - nhà thờ (90) . Đồng hồ thủy tinh để bàn trang trí đẹp chủ đề tôn giáo
Đồng hồ thủy tinh vuông 20x20 in hình Temple - đền thờ (75) . Đồng hồ thủy tinh để bàn trang trí đẹp chủ đề tôn giáo
Đồng hồ thủy tinh vuông 20x20 in hình Buddhism - đạo phật (18) . Đồng hồ thủy tinh để bàn trang trí đẹp chủ đề tôn giáo
Đồng hồ thủy tinh vuông 20x20 in hình Cathedral Of Christ the saviour (11) . Đồng hồ thủy tinh để bàn trang trí đẹp chủ đề tôn giáo
Đồng hồ thủy tinh vuông 20x20 in hình Cathedral Of Christ the saviour (12) . Đồng hồ thủy tinh để bàn trang trí đẹp chủ đề tôn giáo
Đồng hồ thủy tinh vuông 20x20 in hình Temple - đền thờ (43) . Đồng hồ thủy tinh để bàn trang trí đẹp chủ đề tôn giáo
Đồng hồ thủy tinh vuông 20x20 in hình Church - nhà thờ (263) . Đồng hồ thủy tinh để bàn trang trí đẹp chủ đề tôn giáo
Đồng hồ thủy tinh vuông 20x20 in hình Church - nhà thờ (206) . Đồng hồ thủy tinh để bàn trang trí đẹp chủ đề tôn giáo
Đồng hồ thủy tinh vuông 20x20 in hình Cathedral - nhà thờ chính tòa (18) . Đồng hồ thủy tinh để bàn trang trí đẹp chủ đề tôn giáo
Đồng hồ thủy tinh vuông 20x20 in hình Buddhism - đạo phật (86) . Đồng hồ thủy tinh để bàn trang trí đẹp chủ đề tôn giáo
Đồng hồ thủy tinh vuông 20x20 in hình Church - nhà thờ (55) . Đồng hồ thủy tinh để bàn trang trí đẹp chủ đề tôn giáo
Đồng hồ để bàn B1525-94
Đồng hồ thủy tinh vuông 20x20 in hình Temple - đền thờ (25) . Đồng hồ thủy tinh để bàn trang trí đẹp chủ đề tôn giáo
Đồng hồ thủy tinh vuông 20x20 in hình tu viện Mont Saint-Michel (36) . Đồng hồ thủy tinh để bàn trang trí đẹp chủ đề tôn giáo
Đồng hồ thủy tinh vuông 20x20 in hình Church - nhà thờ (234) . Đồng hồ thủy tinh để bàn trang trí đẹp chủ đề tôn giáo
Đồng hồ thủy tinh vuông 20x20 in hình Church - nhà thờ (63) . Đồng hồ thủy tinh để bàn trang trí đẹp chủ đề tôn giáo
Đồng hồ thủy tinh vuông 20x20 in hình Church - nhà thờ (18) . Đồng hồ thủy tinh để bàn trang trí đẹp chủ đề tôn giáo
Đồng hồ thủy tinh vuông 20x20 in hình tu viện Mont Saint-Michel (7) . Đồng hồ thủy tinh để bàn trang trí đẹp chủ đề tôn giáo
Đồng hồ thủy tinh vuông 20x20 in hình Church - nhà thờ (146) . Đồng hồ thủy tinh để bàn trang trí đẹp chủ đề tôn giáo
Đồng hồ thủy tinh vuông 20x20 in hình Church - nhà thờ (61) . Đồng hồ thủy tinh để bàn trang trí đẹp chủ đề tôn giáo
Đồng hồ thủy tinh vuông 20x20 in hình Church - nhà thờ (207) . Đồng hồ thủy tinh để bàn trang trí đẹp chủ đề tôn giáo
Đồng hồ thủy tinh vuông 20x20 in hình Church - nhà thờ (256) . Đồng hồ thủy tinh để bàn trang trí đẹp chủ đề tôn giáo
Đồng hồ thủy tinh vuông 20x20 in hình Temple - đền thờ (67) . Đồng hồ thủy tinh để bàn trang trí đẹp chủ đề tôn giáo
Đồng hồ thủy tinh vuông 20x20 in hình Church - nhà thờ (27) . Đồng hồ thủy tinh để bàn trang trí đẹp chủ đề tôn giáo
Đồng hồ thủy tinh vuông 20x20 in hình Buddhism - đạo phật (52) . Đồng hồ thủy tinh để bàn trang trí đẹp chủ đề tôn giáo
 Grasslin Taxxo 712 (FWZ 55 K) - Đồng hồ đếm giờ
Đồng hồ snoopy màu vàng Snoopy
Đồng Hồ DH-DH0024
Đồng hồ thủy tinh vuông 20x20 in hình Cathedral - nhà thờ chính tòa (34) . Đồng hồ thủy tinh để bàn trang trí đẹp chủ đề tôn giáo
Đồng hồ thủy tinh vuông 20x20 in hình Buddhism - đạo phật (28) . Đồng hồ thủy tinh để bàn trang trí đẹp chủ đề tôn giáo
Đồng hồ thủy tinh vuông 20x20 in hình tu viện Mont Saint-Michel (52) . Đồng hồ thủy tinh để bàn trang trí đẹp chủ đề tôn giáo
Đồng hồ thủy tinh vuông 20x20 in hình Buddhism - đạo phật (5) . Đồng hồ thủy tinh để bàn trang trí đẹp chủ đề tôn giáo
Đồng hồ thủy tinh vuông 20x20 in hình Church - nhà thờ (20) . Đồng hồ thủy tinh để bàn trang trí đẹp chủ đề tôn giáo
Đồng hồ thủy tinh vuông 20x20 in hình Buddhism - đạo phật (73) . Đồng hồ thủy tinh để bàn trang trí đẹp chủ đề tôn giáo
Đồng hồ thủy tinh vuông 20x20 in hình Cathedral - nhà thờ chính tòa (29) . Đồng hồ thủy tinh để bàn trang trí đẹp chủ đề tôn giáo
Đồng hồ thủy tinh vuông 20x20 in hình Church - nhà thờ (208) . Đồng hồ thủy tinh để bàn trang trí đẹp chủ đề tôn giáo
Đồng hồ thủy tinh vuông 20x20 in hình tu viện Mont Saint-Michel (14) . Đồng hồ thủy tinh để bàn trang trí đẹp chủ đề tôn giáo
Đồng hồ thủy tinh vuông 20x20 in hình Buddhism - đạo phật (38) . Đồng hồ thủy tinh để bàn trang trí đẹp chủ đề tôn giáo
Đồng hồ thủy tinh vuông 20x20 in hình Church - nhà thờ (60) . Đồng hồ thủy tinh để bàn trang trí đẹp chủ đề tôn giáo
Đồng hồ thủy tinh vuông 20x20 in hình Buddhism - đạo phật (24) . Đồng hồ thủy tinh để bàn trang trí đẹp chủ đề tôn giáo
Đồng hồ thủy tinh vuông 20x20 in hình Church - nhà thờ (223) . Đồng hồ thủy tinh để bàn trang trí đẹp chủ đề tôn giáo
Đồng hồ thủy tinh vuông 20x20 in hình Temple - đền thờ (84) . Đồng hồ thủy tinh để bàn trang trí đẹp chủ đề tôn giáo
Đồng hồ thủy tinh vuông 20x20 in hình Church - nhà thờ (187) . Đồng hồ thủy tinh để bàn trang trí đẹp chủ đề tôn giáo
Đồng hồ thủy tinh vuông 20x20 in hình Buddhism - đạo phật (30) . Đồng hồ thủy tinh để bàn trang trí đẹp chủ đề tôn giáo
Đồng hồ thủy tinh vuông 20x20 in hình Cathedral - nhà thờ chính tòa (91) . Đồng hồ thủy tinh để bàn trang trí đẹp chủ đề tôn giáo
Đồng hồ thủy tinh vuông 20x20 in hình Cathedral Of Christ the saviour (15) . Đồng hồ thủy tinh để bàn trang trí đẹp chủ đề tôn giáo
Đồng hồ thủy tinh vuông 20x20 in hình Church - nhà thờ (98) . Đồng hồ thủy tinh để bàn trang trí đẹp chủ đề tôn giáo
Đồng hồ thủy tinh vuông 20x20 in hình Assumption of Mary Church - đền thanh mary (17) . Đồng hồ thủy tinh để bàn trang trí đẹp chủ đề tôn giáo
Đồng hồ thủy tinh vuông 20x20 in hình Temple - đền thờ (81) . Đồng hồ thủy tinh để bàn trang trí đẹp chủ đề tôn giáo
Đồng hồ thủy tinh vuông 20x20 in hình Cathedral - nhà thờ chính tòa (56) . Đồng hồ thủy tinh để bàn trang trí đẹp chủ đề tôn giáo
Đồng hồ thủy tinh vuông 20x20 in hình Church - nhà thờ (122) . Đồng hồ thủy tinh để bàn trang trí đẹp chủ đề tôn giáo
Đồng hồ thủy tinh vuông 20x20 in hình Church - nhà thờ (116) . Đồng hồ thủy tinh để bàn trang trí đẹp chủ đề tôn giáo
Đồng hồ thủy tinh vuông 20x20 in hình Church - nhà thờ (3) . Đồng hồ thủy tinh để bàn trang trí đẹp chủ đề tôn giáo
Đồng hồ thủy tinh vuông 20x20 in hình Church - nhà thờ (180) . Đồng hồ thủy tinh để bàn trang trí đẹp chủ đề tôn giáo
Đồng hồ thủy tinh vuông 20x20 in hình Temple - đền thờ (87) . Đồng hồ thủy tinh để bàn trang trí đẹp chủ đề tôn giáo
Đồng hồ thủy tinh vuông 20x20 in hình Buddhism - đạo phật (35) . Đồng hồ thủy tinh để bàn trang trí đẹp chủ đề tôn giáo
Đồng hồ thủy tinh vuông 20x20 in hình Cathedral - nhà thờ chính tòa (23) . Đồng hồ thủy tinh để bàn trang trí đẹp chủ đề tôn giáo
Đồng hồ thủy tinh vuông 20x20 in hình Church - nhà thờ (8) . Đồng hồ thủy tinh để bàn trang trí đẹp chủ đề tôn giáo
Đồng hồ thủy tinh vuông 20x20 in hình Church - nhà thờ (143) . Đồng hồ thủy tinh để bàn trang trí đẹp chủ đề tôn giáo
Đồng hồ thủy tinh vuông 20x20 in hình Church - nhà thờ (156) . Đồng hồ thủy tinh để bàn trang trí đẹp chủ đề tôn giáo
Đồng hồ bàn lạc đà 400108
Đồng hồ thủy tinh vuông 20x20 in hình Church - nhà thờ (41) . Đồng hồ thủy tinh để bàn trang trí đẹp chủ đề tôn giáo
Đồng hồ thời tiết để bàn đa chức năng M108
Đồng hồ đếm ngược đa năng cao cấp ( Kèm pin )
Đồng hồ thủy tinh vuông 20x20 in hình Buddhism - đạo phật (60) . Đồng hồ thủy tinh để bàn trang trí đẹp chủ đề tôn giáo
Đồng hồ thủy tinh vuông 20x20 in hình tu viện Mont Saint-Michel (11) . Đồng hồ thủy tinh để bàn trang trí đẹp chủ đề tôn giáo
Đồng hồ thủy tinh vuông 20x20 in hình Church - nhà thờ (85) . Đồng hồ thủy tinh để bàn trang trí đẹp chủ đề tôn giáo
Đồng hồ thủy tinh vuông 20x20 in hình Church - nhà thờ (230) . Đồng hồ thủy tinh để bàn trang trí đẹp chủ đề tôn giáo
Đồng hồ thủy tinh vuông 20x20 in hình Temple - đền thờ (44) . Đồng hồ thủy tinh để bàn trang trí đẹp chủ đề tôn giáo
Đồng hồ thủy tinh vuông 20x20 in hình Church - nhà thờ (205) . Đồng hồ thủy tinh để bàn trang trí đẹp chủ đề tôn giáo
Đồng hồ thủy tinh vuông 20x20 in hình Church - nhà thờ (30) . Đồng hồ thủy tinh để bàn trang trí đẹp chủ đề tôn giáo
Đồng hồ thủy tinh vuông 20x20 in hình Church - nhà thờ (248) . Đồng hồ thủy tinh để bàn trang trí đẹp chủ đề tôn giáo
Đồng hồ thủy tinh vuông 20x20 in hình Buddhism - đạo phật (98) . Đồng hồ thủy tinh để bàn trang trí đẹp chủ đề tôn giáo
Đồng hồ thủy tinh vuông 20x20 in hình Temple - đền thờ (31) . Đồng hồ thủy tinh để bàn trang trí đẹp chủ đề tôn giáo
Đồng hồ thủy tinh vuông 20x20 in hình Temple - đền thờ (49) . Đồng hồ thủy tinh để bàn trang trí đẹp chủ đề tôn giáo
Đồng hồ thủy tinh vuông 20x20 in hình Temple - đền thờ (57) . Đồng hồ thủy tinh để bàn trang trí đẹp chủ đề tôn giáo
Đồng hồ thủy tinh vuông 20x20 in hình Temple - đền thờ (50) . Đồng hồ thủy tinh để bàn trang trí đẹp chủ đề tôn giáo
Đồng hồ thủy tinh vuông 20x20 in hình Church - nhà thờ (12) . Đồng hồ thủy tinh để bàn trang trí đẹp chủ đề tôn giáo
Đồng hồ thủy tinh vuông 20x20 in hình tu viện Mont Saint-Michel (5) . Đồng hồ thủy tinh để bàn trang trí đẹp chủ đề tôn giáo
Đồng hồ thủy tinh vuông 20x20 in hình tu viện Mont Saint-Michel (2) . Đồng hồ thủy tinh để bàn trang trí đẹp chủ đề tôn giáo
Đồng hồ thủy tinh vuông 20x20 in hình Church - nhà thờ (76) . Đồng hồ thủy tinh để bàn trang trí đẹp chủ đề tôn giáo
Đồng hồ thủy tinh vuông 20x20 in hình Church - nhà thờ (59) . Đồng hồ thủy tinh để bàn trang trí đẹp chủ đề tôn giáo
Đồng hồ thủy tinh vuông 20x20 in hình Church - nhà thờ (11) . Đồng hồ thủy tinh để bàn trang trí đẹp chủ đề tôn giáo
Đồng hồ thủy tinh vuông 20x20 in hình Buddhism - đạo phật (2) . Đồng hồ thủy tinh để bàn trang trí đẹp chủ đề tôn giáo
Đồng hồ thủy tinh vuông 20x20 in hình Church - nhà thờ (249) . Đồng hồ thủy tinh để bàn trang trí đẹp chủ đề tôn giáo
Đồng hồ thủy tinh vuông 20x20 in hình Church - nhà thờ (93) . Đồng hồ thủy tinh để bàn trang trí đẹp chủ đề tôn giáo
Đồng hồ thủy tinh vuông 20x20 in hình Church - nhà thờ (124) . Đồng hồ thủy tinh để bàn trang trí đẹp chủ đề tôn giáo
Đồng hồ thủy tinh vuông 20x20 in hình Buddhism - đạo phật (25) . Đồng hồ thủy tinh để bàn trang trí đẹp chủ đề tôn giáo
Đồng hồ thủy tinh vuông 20x20 in hình Church - nhà thờ (210) . Đồng hồ thủy tinh để bàn trang trí đẹp chủ đề tôn giáo
Đồng hồ thủy tinh vuông 20x20 in hình Temple - đền thờ (62) . Đồng hồ thủy tinh để bàn trang trí đẹp chủ đề tôn giáo
Đồng hồ thủy tinh vuông 20x20 in hình Church - nhà thờ (279) . Đồng hồ thủy tinh để bàn trang trí đẹp chủ đề tôn giáo
Đồng hồ thủy tinh vuông 20x20 in hình tu viện Mont Saint-Michel (3) . Đồng hồ thủy tinh để bàn trang trí đẹp chủ đề tôn giáo
Đồng hồ thủy tinh vuông 20x20 in hình Assumption of Mary Church - đền thanh mary (14) . Đồng hồ thủy tinh để bàn trang trí đẹp chủ đề tôn giáo
Đồng hồ thủy tinh vuông 20x20 in hình Temple - đền thờ (23) . Đồng hồ thủy tinh để bàn trang trí đẹp chủ đề tôn giáo
Đồng hồ thủy tinh vuông 20x20 in hình tu viện Mont Saint-Michel (18) . Đồng hồ thủy tinh để bàn trang trí đẹp chủ đề tôn giáo
Đồng hồ thủy tinh vuông 20x20 in hình Church - nhà thờ (236) . Đồng hồ thủy tinh để bàn trang trí đẹp chủ đề tôn giáo
Đồng hồ thủy tinh vuông 20x20 in hình Church - nhà thờ (188) . Đồng hồ thủy tinh để bàn trang trí đẹp chủ đề tôn giáo
Đồng hồ thủy tinh vuông 20x20 in hình Church - nhà thờ (14) . Đồng hồ thủy tinh để bàn trang trí đẹp chủ đề tôn giáo
Đồng hồ thủy tinh vuông 20x20 in hình Church - nhà thờ (235) . Đồng hồ thủy tinh để bàn trang trí đẹp chủ đề tôn giáo
Đồng hồ thủy tinh vuông 20x20 in hình Buddhism - đạo phật (34) . Đồng hồ thủy tinh để bàn trang trí đẹp chủ đề tôn giáo
Đồng hồ thủy tinh vuông 20x20 in hình Church - nhà thờ (226) . Đồng hồ thủy tinh để bàn trang trí đẹp chủ đề tôn giáo
Đồng hồ đếm ngược đa năng V2 
Đồng hồ thủy tinh vuông 20x20 in hình Temple - đền thờ (88) . Đồng hồ thủy tinh để bàn trang trí đẹp chủ đề tôn giáo
Đồng hồ thủy tinh vuông 20x20 in hình Cathedral - nhà thờ chính tòa (9) . Đồng hồ thủy tinh để bàn trang trí đẹp chủ đề tôn giáo
Đồng hồ thủy tinh vuông 20x20 in hình Church - nhà thờ (182) . Đồng hồ thủy tinh để bàn trang trí đẹp chủ đề tôn giáo
Đồng hồ thủy tinh vuông 20x20 in hình Cathedral - nhà thờ chính tòa (53) . Đồng hồ thủy tinh để bàn trang trí đẹp chủ đề tôn giáo
Đồng hồ thủy tinh vuông 20x20 in hình Cathedral Of Christ the saviour (46) . Đồng hồ thủy tinh để bàn trang trí đẹp chủ đề tôn giáo
Đồng hồ thủy tinh vuông 20x20 in hình Cathedral - nhà thờ chính tòa (8) . Đồng hồ thủy tinh để bàn trang trí đẹp chủ đề tôn giáo
Đồng hồ thủy tinh vuông 20x20 in hình Church - nhà thờ (277) . Đồng hồ thủy tinh để bàn trang trí đẹp chủ đề tôn giáo
Đồng hồ thủy tinh vuông 20x20 in hình Berlin Cathedral - nhà thờ chính tòa Berlin (19) . Đồng hồ thủy tinh để bàn trang trí đẹp chủ đề tôn giáo
Đồng hồ thủy tinh vuông 20x20 in hình Church - nhà thờ (16) . Đồng hồ thủy tinh để bàn trang trí đẹp chủ đề tôn giáo
Đồng hồ thủy tinh vuông 20x20 in hình tu viện Mont Saint-Michel (1) . Đồng hồ thủy tinh để bàn trang trí đẹp chủ đề tôn giáo
Đồng hồ thủy tinh vuông 20x20 in hình Church - nhà thờ (110) . Đồng hồ thủy tinh để bàn trang trí đẹp chủ đề tôn giáo
Đồng hồ thủy tinh vuông 20x20 in hình Church - nhà thờ (15) . Đồng hồ thủy tinh để bàn trang trí đẹp chủ đề tôn giáo
Đồng hồ bàn hình hươu 400101
Đồng hồ thủy tinh vuông 20x20 in hình Cathedral - nhà thờ chính tòa (20) . Đồng hồ thủy tinh để bàn trang trí đẹp chủ đề tôn giáo
Đồng hồ thủy tinh vuông 20x20 in hình Assumption of Mary Church - đền thanh mary (3) . Đồng hồ thủy tinh để bàn trang trí đẹp chủ đề tôn giáo
Đồng hồ thủy tinh vuông 20x20 in hình Church - nhà thờ (73) . Đồng hồ thủy tinh để bàn trang trí đẹp chủ đề tôn giáo
Đồng hồ thủy tinh vuông 20x20 in hình Temple - đền thờ (11) . Đồng hồ thủy tinh để bàn trang trí đẹp chủ đề tôn giáo
Đồng hồ thủy tinh vuông 20x20 in hình Buddhism - đạo phật (9) . Đồng hồ thủy tinh để bàn trang trí đẹp chủ đề tôn giáo
Đồng hồ thủy tinh vuông 20x20 in hình Temple - đền thờ (13) . Đồng hồ thủy tinh để bàn trang trí đẹp chủ đề tôn giáo
Đồng hồ thủy tinh vuông 20x20 in hình Church - nhà thờ (246) . Đồng hồ thủy tinh để bàn trang trí đẹp chủ đề tôn giáo
Đồng hồ thủy tinh vuông 20x20 in hình Cathedral - nhà thờ chính tòa (70) . Đồng hồ thủy tinh để bàn trang trí đẹp chủ đề tôn giáo
Đồng hồ thủy tinh vuông 20x20 in hình Assumption of Mary Church - đền thanh mary (2) . Đồng hồ thủy tinh để bàn trang trí đẹp chủ đề tôn giáo
Đồng hồ thủy tinh vuông 20x20 in hình tu viện Mont Saint-Michel (47) . Đồng hồ thủy tinh để bàn trang trí đẹp chủ đề tôn giáo
Đồng hồ thủy tinh vuông 20x20 in hình Church - nhà thờ (106) . Đồng hồ thủy tinh để bàn trang trí đẹp chủ đề tôn giáo
Đồng hồ thủy tinh vuông 20x20 in hình Cathedral Of Christ the saviour (22) . Đồng hồ thủy tinh để bàn trang trí đẹp chủ đề tôn giáo
Đồng hồ thủy tinh vuông 20x20 in hình Cathedral Of Christ the saviour (16) . Đồng hồ thủy tinh để bàn trang trí đẹp chủ đề tôn giáo
Đồng hồ thủy tinh vuông 20x20 in hình Cathedral Of Christ the saviour (18) . Đồng hồ thủy tinh để bàn trang trí đẹp chủ đề tôn giáo
Đồng hồ thủy tinh vuông 20x20 in hình tu viện Mont Saint-Michel (46) . Đồng hồ thủy tinh để bàn trang trí đẹp chủ đề tôn giáo
Đồng hồ thủy tinh vuông 20x20 in hình Temple - đền thờ (76) . Đồng hồ thủy tinh để bàn trang trí đẹp chủ đề tôn giáo
Đồng hồ thủy tinh vuông 20x20 in hình tu viện Mont Saint-Michel (20) . Đồng hồ thủy tinh để bàn trang trí đẹp chủ đề tôn giáo
Đồng hồ thủy tinh vuông 20x20 in hình Temple - đền thờ (28) . Đồng hồ thủy tinh để bàn trang trí đẹp chủ đề tôn giáo
Đồng hồ thủy tinh vuông 20x20 in hình Church - nhà thờ (260) . Đồng hồ thủy tinh để bàn trang trí đẹp chủ đề tôn giáo
Đồng hồ thủy tinh vuông 20x20 in hình Cathedral - nhà thờ chính tòa (21) . Đồng hồ thủy tinh để bàn trang trí đẹp chủ đề tôn giáo
Đồng hồ thủy tinh vuông 20x20 in hình Cathedral - nhà thờ chính tòa (49) . Đồng hồ thủy tinh để bàn trang trí đẹp chủ đề tôn giáo
Đồng hồ thủy tinh vuông 20x20 in hình Church - nhà thờ (137) . Đồng hồ thủy tinh để bàn trang trí đẹp chủ đề tôn giáo
Đồng hồ thủy tinh vuông 20x20 in hình Cathedral - nhà thờ chính tòa (57) . Đồng hồ thủy tinh để bàn trang trí đẹp chủ đề tôn giáo
Đồng hồ thủy tinh vuông 20x20 in hình Church - nhà thờ (222) . Đồng hồ thủy tinh để bàn trang trí đẹp chủ đề tôn giáo
Đồng hồ thủy tinh vuông 20x20 in hình Church - nhà thờ (2).png . Đồng hồ thủy tinh để bàn trang trí đẹp chủ đề tôn giáo
Đồng hồ thủy tinh vuông 20x20 in hình Cathedral - nhà thờ chính tòa (19) . Đồng hồ thủy tinh để bàn trang trí đẹp chủ đề tôn giáo
Đồng hồ thủy tinh vuông 20x20 in hình Church - nhà thờ (200) . Đồng hồ thủy tinh để bàn trang trí đẹp chủ đề tôn giáo
Đồng hồ thủy tinh vuông 20x20 in hình Buddhism - đạo phật (12) . Đồng hồ thủy tinh để bàn trang trí đẹp chủ đề tôn giáo
"Đồng hồ báo thức điện tử để bàn màn hình đa chức năng thời gian, lịch, báo thức, nhiệt độ DH89"
Đồng hồ để bàn led báo thức thông minh
Đồng hồ báo thức cảm biến phát sáng trong đêm
Đồng hồ bấm giờ đếm ngược điện tử mini M3
"Đồng hồ báo thức CHUÔNG ĐÔI TO, kim loại phong cách cổ điển sang trọng, có in hình"
Đồng hồ bấm giờ đếm ngược mini v3
Đồng hồ báo thức điện tử thông minh để bàn mini DH89
Đồng Hồ Báo Thức Màn Hình LED Đa Năng - Đo Nhiệt Độ
Đồng hồ báo thức có giọng nói
Đồng hồ để bàn
Đồng Hồ LED Để Bàn Gỗ Khối Chữ Nhật Màu Đen - Led Trắng
Đồng hồ báo thức inox kim trôi 
Đồng Hồ Hẹn Giờ 60 Phút Pomodoro Kim Loại
Đồng Hồ LED Để Bàn BUDECOR và Treo Tường Sang Trọng
"Đồng hồ để bàn Baseus Subai chức năng hẹn giờ báo thức, hiển thị nhiệt độ môi trường"
Đồng hồ để bàn Led gỗ khối chữ nhật màu đen Led trắng
Đồng hồ để bàn báo thức điện tử
Đồng Hồ Pomodoro Hẹn Giờ 60 Phút Kim Loại Nhiều Kiểu Dáng
Đồng hồ làm việc Pomodoro (Màu Đỏ)
"Đồng hồ để bàn HISTORY ALARM báo thức mạ đồng, thiết kế nhỏ gọn, chuông to"
Đồng hồ mini bấm giờ đếm ngược
Đồng hồ báo thức điện tử để bàn mini thông minh đa chức năng DH89
Đồng hồ báo thức để bàn cao cấp chuông to
Đồng hồ làm việc Pomodoro Kim Loại
"Đồng hồ gỗ LED để bàn cao cấp, có nhiệt độ, ngày tháng năm, cảm biến âm thanh"
"Đồng hồ LED 3D Smart Clock treo tường, để bàn. Đồng hồ kĩ thuật số, Đồng hồ đèn led thông minh RET021"
 Đồng hồ bấm giờ đếm ngược điện tử mini V3 
Đồng hồ báo thức 2 quả chuông kèm đèn kiểu cổ điển để bàn tiện lợi
Đồng hồ đèn led báo thức để bàn Kiểu dáng thon gọn
Đồng hồ LED báo thức màn hình LCD Miror Clock DT6507
"Đồng hồ đếm ngược bấm giờ cầm tay, để bàn model V103"
"Đồng hồ để bàn hình lập phương, tự thay đổi màu sắc - Tặng kèm móc dán tường (giao màu ngẫu nhiên)"
Đồng Hồ Để Bàn Vuông Đổi Màu
"Đồng hồ điện tử để bàn có đèn ( Tặng 01 đèn pin mini không dùng pin ) - XEM GIỜ, LỊCH, NHIỆT ĐỘ, ĐỘ ẨM"
Đồng hồ bấm giờ mini đếm ngược cao cấp
Đồng hồ báo thức HIGHSTAR bảng ghi nhớ phát sáng
Đồng hồ hẹn giờ đếm ngược  nhà bếp SM17
đồng hồ báo thức để bàn hình xe đạp ngộ nghĩnh
Đồng hồ để bàn báo thức mạ đồng cao cấp
"Đồng hồ báo thức kim loại hình thú đáng yêu, đồng hồ chuông đôi cao cấp mã 708 hình toroto - giao màu ngẫu nhiên"
"Đồng hồ kiêm đèn led để bàn U2 ( ĐỒNG HỒ, ĐÈN LED, BÁO THỨC, LỊCH, NHIỆT KẾ )"
Đồng hồ trang trí để bàn văn phòng
Đồng Hồ Báo Thức Kim Loại Nền Xương Cá
Đồng hồ gỗ để bàn hình khối chữ nhật mặt số hiển thị LED - Đo nhiệt độ phòng - Cảm biến Âm thanh GB-DHG03
Đồng Hồ Led Để Bàn Mặt Gương DLED
Đồng hồ cà chua Pomodoro - Tối ưu hóa hiệu quả làm việc của bạn
Đồng Hồ Điện Tử Mini V3 Bấm giờ Hẹn giờ Đếm ngược Báo Thức Giúp Nấu ăn Thể Thao Đấu Giá thí nghiệm thẩm mỹ viện hội họp
Hộp đựng bút có đồng hồ
"Đồng hồ báo thức điện tử để bàn màn hình đa chức năng thời gian, lịch, báo thức, nhiệt độ DH89"
Đồng hồ để bàn led báo thức thông minh
Đồng hồ báo thức cảm biến phát sáng trong đêm
Đồng hồ bấm giờ đếm ngược điện tử mini M3
"Đồng hồ báo thức CHUÔNG ĐÔI TO, kim loại phong cách cổ điển sang trọng, có in hình"
Đồng hồ bấm giờ đếm ngược mini v3
Đồng hồ báo thức điện tử thông minh để bàn mini DH89
Đồng Hồ Báo Thức Màn Hình LED Đa Năng - Đo Nhiệt Độ
Đồng hồ báo thức có giọng nói
Đồng hồ để bàn
Đồng Hồ LED Để Bàn Gỗ Khối Chữ Nhật Màu Đen - Led Trắng
Đồng hồ báo thức inox kim trôi 
Đồng Hồ Hẹn Giờ 60 Phút Pomodoro Kim Loại
Đồng Hồ LED Để Bàn BUDECOR và Treo Tường Sang Trọng
"Đồng hồ để bàn Baseus Subai chức năng hẹn giờ báo thức, hiển thị nhiệt độ môi trường"
Đồng hồ để bàn Led gỗ khối chữ nhật màu đen Led trắng
Đồng hồ để bàn báo thức điện tử
Đồng Hồ Pomodoro Hẹn Giờ 60 Phút Kim Loại Nhiều Kiểu Dáng
Đồng hồ làm việc Pomodoro (Màu Đỏ)
"Đồng hồ để bàn HISTORY ALARM báo thức mạ đồng, thiết kế nhỏ gọn, chuông to"
Đồng hồ mini bấm giờ đếm ngược
Đồng hồ báo thức điện tử để bàn mini thông minh đa chức năng DH89
Đồng hồ báo thức để bàn cao cấp chuông to
Đồng hồ làm việc Pomodoro Kim Loại
"Đồng hồ gỗ LED để bàn cao cấp, có nhiệt độ, ngày tháng năm, cảm biến âm thanh"
"Đồng hồ LED 3D Smart Clock treo tường, để bàn. Đồng hồ kĩ thuật số, Đồng hồ đèn led thông minh RET021"
 Đồng hồ bấm giờ đếm ngược điện tử mini V3 
Đồng hồ báo thức 2 quả chuông kèm đèn kiểu cổ điển để bàn tiện lợi
Đồng hồ đèn led báo thức để bàn Kiểu dáng thon gọn
Đồng hồ LED báo thức màn hình LCD Miror Clock DT6507
"Đồng hồ đếm ngược bấm giờ cầm tay, để bàn model V103"
"Đồng hồ để bàn hình lập phương, tự thay đổi màu sắc - Tặng kèm móc dán tường (giao màu ngẫu nhiên)"
Đồng Hồ Để Bàn Vuông Đổi Màu
"Đồng hồ điện tử để bàn có đèn ( Tặng 01 đèn pin mini không dùng pin ) - XEM GIỜ, LỊCH, NHIỆT ĐỘ, ĐỘ ẨM"
Đồng hồ bấm giờ mini đếm ngược cao cấp
Đồng hồ báo thức HIGHSTAR bảng ghi nhớ phát sáng
Đồng hồ hẹn giờ đếm ngược  nhà bếp SM17
đồng hồ báo thức để bàn hình xe đạp ngộ nghĩnh
Đồng hồ để bàn báo thức mạ đồng cao cấp
"Đồng hồ báo thức kim loại hình thú đáng yêu, đồng hồ chuông đôi cao cấp mã 708 hình toroto - giao màu ngẫu nhiên"
"Đồng hồ kiêm đèn led để bàn U2 ( ĐỒNG HỒ, ĐÈN LED, BÁO THỨC, LỊCH, NHIỆT KẾ )"
Đồng hồ trang trí để bàn văn phòng
Đồng Hồ Báo Thức Kim Loại Nền Xương Cá
Đồng hồ gỗ để bàn hình khối chữ nhật mặt số hiển thị LED - Đo nhiệt độ phòng - Cảm biến Âm thanh GB-DHG03
Đồng Hồ Led Để Bàn Mặt Gương DLED
Đồng hồ cà chua Pomodoro - Tối ưu hóa hiệu quả làm việc của bạn
Đồng Hồ Điện Tử Mini V3 Bấm giờ Hẹn giờ Đếm ngược Báo Thức Giúp Nấu ăn Thể Thao Đấu Giá thí nghiệm thẩm mỹ viện hội họp
Hộp đựng bút có đồng hồ
Đồng hồ thủy tinh vuông 20x20 in hình Cathedral - nhà thờ chính tòa (54) . Đồng hồ thủy tinh để bàn trang trí đẹp chủ đề tôn giáo
Đồng hồ thủy tinh vuông 20x20 in hình Cathedral Of Christ the saviour (2) . Đồng hồ thủy tinh để bàn trang trí đẹp chủ đề tôn giáo
Đồng hồ thủy tinh vuông 20x20 in hình Cathedral - nhà thờ chính tòa (86) . Đồng hồ thủy tinh để bàn trang trí đẹp chủ đề tôn giáo
Đồng hồ thủy tinh vuông 20x20 in hình Church - nhà thờ (215) . Đồng hồ thủy tinh để bàn trang trí đẹp chủ đề tôn giáo
Đồng hồ thủy tinh vuông 20x20 in hình Cathedral - nhà thờ chính tòa (40) . Đồng hồ thủy tinh để bàn trang trí đẹp chủ đề tôn giáo
Đồng hồ thủy tinh vuông 20x20 in hình Temple - đền thờ (17) . Đồng hồ thủy tinh để bàn trang trí đẹp chủ đề tôn giáo
Đồng hồ thủy tinh vuông 20x20 in hình Cathedral - nhà thờ chính tòa (82) . Đồng hồ thủy tinh để bàn trang trí đẹp chủ đề tôn giáo
Đồng hồ thủy tinh vuông 20x20 in hình Church - nhà thờ (211) . Đồng hồ thủy tinh để bàn trang trí đẹp chủ đề tôn giáo
Đồng hồ thủy tinh vuông 20x20 in hình Temple - đền thờ (70) . Đồng hồ thủy tinh để bàn trang trí đẹp chủ đề tôn giáo
Đồng hồ thủy tinh vuông 20x20 in hình Church - nhà thờ (7) . Đồng hồ thủy tinh để bàn trang trí đẹp chủ đề tôn giáo
Đồng hồ thủy tinh vuông 20x20 in hình Temple - đền thờ (53) . Đồng hồ thủy tinh để bàn trang trí đẹp chủ đề tôn giáo
Đồng hồ thủy tinh vuông 20x20 in hình Church - nhà thờ (132) . Đồng hồ thủy tinh để bàn trang trí đẹp chủ đề tôn giáo
Đồng hồ thủy tinh vuông 20x20 in hình Church - nhà thờ (125) . Đồng hồ thủy tinh để bàn trang trí đẹp chủ đề tôn giáo
Đồng hồ thủy tinh vuông 20x20 in hình Cathedral Of Christ the saviour (51) . Đồng hồ thủy tinh để bàn trang trí đẹp chủ đề tôn giáo
Đồng hồ thủy tinh vuông 20x20 in hình Cathedral Of Christ the saviour (32) . Đồng hồ thủy tinh để bàn trang trí đẹp chủ đề tôn giáo
Đồng hồ thủy tinh vuông 20x20 in hình Cathedral - nhà thờ chính tòa (2) . Đồng hồ thủy tinh để bàn trang trí đẹp chủ đề tôn giáo
Đồng hồ thủy tinh vuông 20x20 in hình Church - nhà thờ (151) . Đồng hồ thủy tinh để bàn trang trí đẹp chủ đề tôn giáo
Đồng hồ thủy tinh vuông 20x20 in hình Buddhism - đạo phật (17) . Đồng hồ thủy tinh để bàn trang trí đẹp chủ đề tôn giáo
Đồng hồ thủy tinh vuông 20x20 in hình Berlin Cathedral - nhà thờ chính tòa Berlin (25) . Đồng hồ thủy tinh để bàn trang trí đẹp chủ đề tôn giáo
Đồng hồ thủy tinh vuông 20x20 in hình Church - nhà thờ (138) . Đồng hồ thủy tinh để bàn trang trí đẹp chủ đề tôn giáo
Đồng hồ thủy tinh vuông 20x20 in hình Church - nhà thờ (52) . Đồng hồ thủy tinh để bàn trang trí đẹp chủ đề tôn giáo
Đồng hồ thủy tinh vuông 20x20 in hình Cathedral Of Christ the saviour (40) . Đồng hồ thủy tinh để bàn trang trí đẹp chủ đề tôn giáo
Đồng hồ thủy tinh vuông 20x20 in hình Church - nhà thờ (178) . Đồng hồ thủy tinh để bàn trang trí đẹp chủ đề tôn giáo
Đồng hồ thủy tinh vuông 20x20 in hình Church - nhà thờ (280) . Đồng hồ thủy tinh để bàn trang trí đẹp chủ đề tôn giáo
Đồng hồ thủy tinh vuông 20x20 in hình tu viện Mont Saint-Michel (29) . Đồng hồ thủy tinh để bàn trang trí đẹp chủ đề tôn giáo
Đồng hồ thủy tinh vuông 20x20 in hình Cathedral - nhà thờ chính tòa (5) . Đồng hồ thủy tinh để bàn trang trí đẹp chủ đề tôn giáo
Đồng hồ thủy tinh vuông 20x20 in hình Temple - đền thờ (40) . Đồng hồ thủy tinh để bàn trang trí đẹp chủ đề tôn giáo
Đồng hồ thủy tinh vuông 20x20 in hình Cathedral - nhà thờ chính tòa (62) . Đồng hồ thủy tinh để bàn trang trí đẹp chủ đề tôn giáo
Đồng hồ thủy tinh vuông 20x20 in hình Church - nhà thờ (176) . Đồng hồ thủy tinh để bàn trang trí đẹp chủ đề tôn giáo
Đồng hồ thủy tinh vuông 20x20 in hình Church - nhà thờ (294) . Đồng hồ thủy tinh để bàn trang trí đẹp chủ đề tôn giáo
Đồng hồ thủy tinh vuông 20x20 in hình Temple - đền thờ (9) . Đồng hồ thủy tinh để bàn trang trí đẹp chủ đề tôn giáo
Đồng hồ thủy tinh vuông 20x20 in hình Berlin Cathedral - nhà thờ chính tòa Berlin (3) . Đồng hồ thủy tinh để bàn trang trí đẹp chủ đề tôn giáo
Đồng hồ thủy tinh vuông 20x20 in hình Cathedral - nhà thờ chính tòa (87) . Đồng hồ thủy tinh để bàn trang trí đẹp chủ đề tôn giáo
Đồng hồ thủy tinh vuông 20x20 in hình Church - nhà thờ (149) . Đồng hồ thủy tinh để bàn trang trí đẹp chủ đề tôn giáo
Đồng hồ thủy tinh vuông 20x20 in hình tu viện Mont Saint-Michel (25) . Đồng hồ thủy tinh để bàn trang trí đẹp chủ đề tôn giáo
Đồng hồ thủy tinh vuông 20x20 in hình Temple - đền thờ (86) . Đồng hồ thủy tinh để bàn trang trí đẹp chủ đề tôn giáo
Đồng hồ thủy tinh vuông 20x20 in hình Cathedral - nhà thờ chính tòa (15) . Đồng hồ thủy tinh để bàn trang trí đẹp chủ đề tôn giáo
Đồng hồ thủy tinh vuông 20x20 in hình Church - nhà thờ (231) . Đồng hồ thủy tinh để bàn trang trí đẹp chủ đề tôn giáo
Đồng hồ thủy tinh vuông 20x20 in hình tu viện Mont Saint-Michel (30) . Đồng hồ thủy tinh để bàn trang trí đẹp chủ đề tôn giáo
Đồng hồ thủy tinh vuông 20x20 in hình Church - nhà thờ (268) . Đồng hồ thủy tinh để bàn trang trí đẹp chủ đề tôn giáo
Đồng hồ thủy tinh vuông 20x20 in hình Temple - đền thờ (74) . Đồng hồ thủy tinh để bàn trang trí đẹp chủ đề tôn giáo
Đồng hồ thủy tinh vuông 20x20 in hình Church - nhà thờ (243) . Đồng hồ thủy tinh để bàn trang trí đẹp chủ đề tôn giáo
Đồng hồ thủy tinh vuông 20x20 in hình Church - nhà thờ (68) . Đồng hồ thủy tinh để bàn trang trí đẹp chủ đề tôn giáo
Đồng hồ thủy tinh vuông 20x20 in hình Church - nhà thờ (181) . Đồng hồ thủy tinh để bàn trang trí đẹp chủ đề tôn giáo
Đồng hồ thủy tinh vuông 20x20 in hình Temple - đền thờ (39) . Đồng hồ thủy tinh để bàn trang trí đẹp chủ đề tôn giáo
Đồng hồ thủy tinh vuông 20x20 in hình Cathedral Of Christ the saviour (13) . Đồng hồ thủy tinh để bàn trang trí đẹp chủ đề tôn giáo
Đồng hồ thủy tinh vuông 20x20 in hình Church - nhà thờ (214) . Đồng hồ thủy tinh để bàn trang trí đẹp chủ đề tôn giáo
Đồng hồ thủy tinh vuông 20x20 in hình Temple - đền thờ (30) . Đồng hồ thủy tinh để bàn trang trí đẹp chủ đề tôn giáo
"Đồng hồ báo thức điện tử để bàn màn hình đa chức năng thời gian, lịch, báo thức, nhiệt độ DH89"
Đồng hồ để bàn led báo thức thông minh
Đồng hồ báo thức cảm biến phát sáng trong đêm
Đồng hồ bấm giờ đếm ngược điện tử mini M3
"Đồng hồ báo thức CHUÔNG ĐÔI TO, kim loại phong cách cổ điển sang trọng, có in hình"
Đồng hồ bấm giờ đếm ngược mini v3
Đồng hồ báo thức điện tử thông minh để bàn mini DH89
Đồng Hồ Báo Thức Màn Hình LED Đa Năng - Đo Nhiệt Độ
Đồng hồ báo thức có giọng nói
Đồng hồ để bàn
Đồng Hồ LED Để Bàn Gỗ Khối Chữ Nhật Màu Đen - Led Trắng
Đồng hồ báo thức inox kim trôi 
Đồng Hồ Hẹn Giờ 60 Phút Pomodoro Kim Loại
Đồng Hồ LED Để Bàn BUDECOR và Treo Tường Sang Trọng
"Đồng hồ để bàn Baseus Subai chức năng hẹn giờ báo thức, hiển thị nhiệt độ môi trường"
Đồng hồ để bàn Led gỗ khối chữ nhật màu đen Led trắng
Đồng hồ để bàn báo thức điện tử
Đồng Hồ Pomodoro Hẹn Giờ 60 Phút Kim Loại Nhiều Kiểu Dáng
Đồng hồ làm việc Pomodoro (Màu Đỏ)
"Đồng hồ để bàn HISTORY ALARM báo thức mạ đồng, thiết kế nhỏ gọn, chuông to"
Đồng hồ mini bấm giờ đếm ngược
Đồng hồ báo thức điện tử để bàn mini thông minh đa chức năng DH89
Đồng hồ báo thức để bàn cao cấp chuông to
Đồng hồ làm việc Pomodoro Kim Loại
"Đồng hồ gỗ LED để bàn cao cấp, có nhiệt độ, ngày tháng năm, cảm biến âm thanh"
"Đồng hồ LED 3D Smart Clock treo tường, để bàn. Đồng hồ kĩ thuật số, Đồng hồ đèn led thông minh RET021"
 Đồng hồ bấm giờ đếm ngược điện tử mini V3 
Đồng hồ báo thức 2 quả chuông kèm đèn kiểu cổ điển để bàn tiện lợi
Đồng hồ đèn led báo thức để bàn Kiểu dáng thon gọn
Đồng hồ LED báo thức màn hình LCD Miror Clock DT6507
"Đồng hồ đếm ngược bấm giờ cầm tay, để bàn model V103"
"Đồng hồ để bàn hình lập phương, tự thay đổi màu sắc - Tặng kèm móc dán tường (giao màu ngẫu nhiên)"
Đồng Hồ Để Bàn Vuông Đổi Màu
"Đồng hồ điện tử để bàn có đèn ( Tặng 01 đèn pin mini không dùng pin ) - XEM GIỜ, LỊCH, NHIỆT ĐỘ, ĐỘ ẨM"
Đồng hồ bấm giờ mini đếm ngược cao cấp
Đồng hồ báo thức HIGHSTAR bảng ghi nhớ phát sáng
Đồng hồ hẹn giờ đếm ngược  nhà bếp SM17
đồng hồ báo thức để bàn hình xe đạp ngộ nghĩnh
Đồng hồ để bàn báo thức mạ đồng cao cấp
"Đồng hồ báo thức kim loại hình thú đáng yêu, đồng hồ chuông đôi cao cấp mã 708 hình toroto - giao màu ngẫu nhiên"
"Đồng hồ kiêm đèn led để bàn U2 ( ĐỒNG HỒ, ĐÈN LED, BÁO THỨC, LỊCH, NHIỆT KẾ )"
Đồng hồ trang trí để bàn văn phòng
Đồng Hồ Báo Thức Kim Loại Nền Xương Cá
Đồng hồ gỗ để bàn hình khối chữ nhật mặt số hiển thị LED - Đo nhiệt độ phòng - Cảm biến Âm thanh GB-DHG03
Đồng Hồ Led Để Bàn Mặt Gương DLED
Đồng hồ cà chua Pomodoro - Tối ưu hóa hiệu quả làm việc của bạn
Đồng Hồ Điện Tử Mini V3 Bấm giờ Hẹn giờ Đếm ngược Báo Thức Giúp Nấu ăn Thể Thao Đấu Giá thí nghiệm thẩm mỹ viện hội họp
Hộp đựng bút có đồng hồ
