"Bộ Hộp Cơm Giữ Nhiệt Lock&Lock Easy Carry 2L LHC8039 Có Túi (1 Hộp 720ml, 2 Hộp 420ml Kèm 1 Bộ Muỗng Và Nĩa)"
LỒNG BÀN BẢO QUẢN THỰC PHẨM 4 TẦNG CHỊU NHIỆT - FOOD COVER
Hộp đựng cơm thủy tinh cao cấp 3 ngăn ( Giao mầu ngẫu nhiên)
Hộp cơm điện Lock&Lock EJR216 - Hàng Chính Hãng
Hộp Hâm Nóng Arirang Life EL-ALS263 (Tím) 
Hộp cơm giữ nhiệt Lock&Lock LHC8029 (500ml)
Hộp Cơm Giữ Nhiệt INOX304 Hiện Đại Kèm Hộp Đựng Canh Soup
Bộ Hộp Cơm Thủy Tinh Giữ Nhiệt  Văn Phòng Cao Cấp - Kèm Túi Xách và Hộp Đựng Đũa Thìa Home Basics
Bộ Hộp Cơm Giữ Nhiệt Easy Take Lunch Box Lock&Lock LHC8034 (2000ml)
Bộ 3 Hộp Thủy Tinh Chịu Nhiệt KOVA KLOCK KV370 (3 x 370ml) Và Túi Giữ Nhiệt
Bộ Hộp Cơm Giữ Nhiệt Thép Không Gỉ Lock & Lock LHC8031SLV - Bạc
Bộ Hộp Cơm Giữ Nhiệt 2 Lớp 2 Tầng 2 Ngăn INOX304 Thiết Kế Hiện Đại
"Bình Đựng Dầu Ăn, Nước Mắm, Xì Dầu Cao Cấp Tự Động Mở Nắp Khi Rót 600ml"
Hộp Thủy Tinh Luminarc Pure Active Vuông 1.22L
Thùng Đựng Gạo Thông Minh Xuất Khẩu Tashuan TS-3626A (16kg) - Trắng - Hàng Chính Hãng
0.5 kg túi zip chỉ đỏ lựa chọn size
Hộp Đựng Cơm Lúa Mạch 3 Ngăn Kèm Thìa Đũa Inox
Bộ Hộp Cơm Giữ Nhiệt Thủy Tinh Văn Phòng Cao Cấp - Kèm Túi Xách và Hộp Đựng Đũa Thìa - Giao mẫu ngẫu nhiên
Hộp Đựng Gia Vị Lock&Lock Modular HTE571S6 6 Chiếc (3 Chiếc 180ml Và 3 Chiếc 250ml) + Giá Gỗ
Bộ 3 Hộp Thủy Tinh Cường Lực Glasslock 400ml Và 715ml x 2 + Túi Giữ Nhiệt
Bình Đá Duy Tân Icool Màu Nhũ (6 Lít)
"BỘ 3 HỘP NHỰA PP AN TOÀN DÙNG CHỨA ĐỰNG THỰC PHẨM DUNG TÍCH 2000ML,1300ML,830ML"
Thùng nhựa vuông Duy Tân - Có bánh xe
Hộp đựng cơm thủy tinh 3 ngăn HT SYS - Diamonds
Hộp Cơm Điện Lock&Lock EJR226IVY (2 Lít)
1 Kg túi zip chỉ đỏ đựng thực phẩm lựa chọn size
Khay Đáy Gỗ Đức Thành Lớn
Bộ 3 Hộp Thủy Tinh Chịu Nhiệt KOVA KLOCK KV400 (3 x 400ml) Và Túi Giữ Nhiệt
"Bộ 5 Hộp Bảo Quản Hình Chữ Nhật Lock&Lock Bisfree Modular (LBF402 x 4, LBF405 x 1) - Nâu"
Bộ 2 cuộn túi hút chân không một mặt nhám rộng
Hộp Giữ Nhiệt Đựng Thức Ăn Lock&Lock Column Food Jar LHC8023 (1L)
Bộ Hộp Thủy Tinh Vuông HappyCook 3pcs 520ml HCG-03SBE
Hộp Đựng Thức Ăn Đa Năng Bằng Nhựa Loại Nắp Vặn Tròn Blackinner GR01 - Ba Dung Tích - Hàng Chính Hãng
"Lọ xay tiêu cầm tay Lock&Lock CKO115 140ml  -  Hàng chính hãng - Lọ bằng thủy tinh, lưỡi dao bằng sứ xay nhuyễn tốt, nắp bằng gỗ sồi, tiện dụng, dễ sử dụng"
Bộ Hộp Cơm Giữ Nhiệt Lock&Lock LHC8016S4
Bộ 3 thố sứ (giao màu ngẫu nhiên)
Combo 12 Hủ Yaourt Thuỷ Tinh 100ml Cao Cấp In Hình Chú Voi Làm Sữa Chua
Bộ 5 Hộp Thủy Tinh Hình Vuông Lock&Lock Euro Steam Hole LLG224TS5
Hộp Đựng Cơm Cà Men Giữ Nhiệt 3 Tầng Happy Cook Chất Liệu Gốm Sứ Chịu Nhiệt 1400 Độ C Tặng Túi Đựng Giữ Nhiệt Cao Cấp -Hàng Chính Hãng
"Hộp cơm văn phòng 3 ngăn lúa mạch tặng kèm bộ đũa thìa inox cao cấp, hộp đựng cơm du lịch an toàn sức khỏe"
Khay đựng trứng 24 quả Song Long
Lọ đựng gia vị - Hũ gia vị kèm muỗng không thể thiếu trong gia đình
"Bộ 3 Hộp Thủy Tinh Lock&Lock Euro LLG428S03 (LLG428 x 1, LLG831 x 2)"
"Thùng đựng gạo thông minh 10kg HT SYS - COCO - E2005, thiết kế dạng nhấn nút, chất liệu ABS cao cấp (giao màu ngẫu nhiên)"
"Chai dầu, Lọ, Bình đựng dầu ăn thủy tinh 500ml hình Bình Sữa Oil Can đựng dầu ăn, giấm, nước tương, nước mắm, gia vị, miệng vòi nhỏ giọt - 212"
Hộp đựng gia vị 3 hủ 
Hộp đựng cơm thủy tinh cao cấp 2 ngăn ( Giao màu ngẫu nhiên)
Bộ 2 hũ xay tiêu thủy tinh CKO115S2 140ml Lock&Lock - Màu đen & trắng
"Hộp cơm văn phòng inox 5 ngăn giữ nhiệt nắp đậy chống tràn tặng kèm đũa thìa inox tiện ích, khay đựng cơm inox 304 - giao màu ngẫu nhiên"
"Combo 12 Hũ Thủy Tinh Nắp Thiếc Đen vặn 100ML - Hũ 100ML đựng Yến chưng, Hủ thủy tinh đựng dầu dừa, hũ gia vị"
Bình Đá Duy Tân Xcool (7 Lít)
"Bộ 6 Hộp Bảo Quản Hình Chữ Nhật Lock&Lock Bisfree Modular (LBF401 x 2, LBF402 x 2, LBF404 x 1, LBF405 x 1) - Nâu"
Hộp Bảo Quản Gạo Special Lock&Lock HPL510 10Kg
Thùng Gạo Matsu Duy Tân (25kg)
Bộ 3 hộp thủy tinh Lock & Lock 430ml tặng túi giữ nhiệt
"Lồng Bảo Quản Thực Phẩm Giữ Nhiệt, Chống Côn Trùng 4 Tầng 5 Ngăn Hiệu BUCOOK"
Thùng Đựng Gạo Thông Minh Xuất Khẩu Tashuan TS 3626B (10kg)  - Trắng
Hộp Đựng Cơm Lúa Mạch 2 Tầng
Bộ Hộp Cơm Thủy Tinh Giữ Nhiệt Văn Phòng Cao Cấp 03 Ngăn Hàng Chính Hãng Home Basics
Bộ 100 túi bóng hút chân không 1 mặt nhám - có nhiều size túi kích thước khác nhau
Hộp Đựng Cơm Thủy Tinh 3 Ngăn
"HŨ THỦY TINH NUÔI KOMBUCHA, ĐỰNG  THỰC PHẨM "
Bộ Hộp Cơm Giữ Nhiệt Thủy Tinh Văn Phòng Cao Cấp - Kèm Túi Xách và Hộp Đựng Đũa Thìa (Giao màu ngẫu nhiên Hồng - Xanh Nõn chuối) + Kèm Nhiệt Kế Điện Tử Đầu Mềm Medilife
Bộ 2 Hộp Bảo Quản Hình Chữ Nhật Lock&Lock Bisfree Modular Có Tay Cầm (LBF408H x 2) - Nâu
"Hộp đựng cơm Lúa Mạch 2 tầng kèm muỗng, nũa, thìa"
Hộp Cơm Sứ 3 Tầng Chữ Nhật Happycook Tặng Túi Đựng Giữ Nhiệt Cao Cấp - HCC-03R
"Hộp cơm trưa bằng thủy tinh chịu nhiệt chia ngăn phong cách Nhật Bản, có 4 khóa đóng kín, van xả hơi - tặng kèm thìa và đũa inox (giao màu ngẫu nghiên)"
Bộ Quay Rau Lớn Duy Tân - Giao Màu Ngẫu Nhiên
"Combo 12 hũ thủy tinh làm caramen, sữa chua, đựng gia vị đa năng - Giao mẫu ngẫu nhiên"
KHAY GỖ (BỘ 3 KHAY GỖ 30.5 x 12.7cm – MÀU WALNUT SANG TRỌNG)
Hộp đựng cơm văn phòng thuỷ tinh ( mầu sắc ngẫu nhiên)
Bộ 3 Hộp Đựng Cơm Thủy Tinh Luminarc Pure Dahlia Vuông có túi LUHON8744 (3 Hộp 380ml)
"Bộ 3 Hộp Bảo Quản Hình Chữ Nhật Lock&Lock Bisfree Modular (LBF404 x 2, LBF407 x 1) - Nâu"
"Hộp Cơm Điện Nấu Cơm, Hâm Nóng Thức Ăn Lock&Lock EJR216 2L Kèm Ống Hút Inox 304 - Hàng Chính Hãng"
Hộp cơm giữ nhiệt cắm điện inox 3 tầng model B16-200
BỘ 16 HỘP TRỮ ĐÔNG TUPPERWARE Freezermate
Thùng Đá Vuông Duy Tân (25L) 
Set 5 bình đựng gia vị thủy tinh nhà bếp
Bộ 2 Hộp Cơm Thủy Tinh Văn Phòng (1040ml và 640ml) 2GOOD MasterSeal Kèm Túi - Hàng Chính Hãng
Thùng Đá Duy Tân - Bánh Xe (Họa Tiết Ngẫu Nhiên)
Hộp Bảo Quản Classic Lock&Lock  chia 3 Ngăn Có Thể Nhấc Ngăn Rời- HPL848C -3.4L
Hũ Thuỷ Tinh Herevin Tròn Sọc
Lọ Xay Tiêu Elmich EL7156
Hộp bảo quản thực phẩm Tupperware Midi Deco (new)
CaMen Hộp Đựng Cơm Giữ Nhiệt Inox 304 1400Ml +Túi Giữ Nhiệt
2 Cuộn Túi Hút Chân Không Thực Phẩm Một Mặt Nhám Một Mặt Trơn Dạng Hạt Mịn Hàng Chính Hãng
BỘ 4 HỘP GIA VỊ TUPPERWARE
Hũ Thủy Tinh Tay Cầm Kova HTC-0.85 (850ml)
Hộp Hâm Nóng ArirangLife EL-ALS263 (Hồng)
BÌNH ĐỰNG THỨC ĂN GIỮ NHIỆT ELMICH 1500ML EL3129
Hộp cơm văn phòng lõi sứ 4 ngăn cao cấp
Set 9 hộp nhựa đựng thực phẩm Hàn Quốc -  Set 07 - Màu Hồng
"Set 6 hũ thủy tinh nắp nhôm miệng rộng 100ml đựng bánh FLan, sữa chua"
"Hũ Lọ Thủy Tinh Lục Giác Đựng Thực Phẩm, Gia Vị"
Bình Đá Duy Tân Icool - Màu Nhũ (10 Lít)
"0,5 kg Túi Zip tự chọn size các loại"
Thùng Gạo Matsu Duy Tân (15kg)
Bộ 2 Hũ Đựng Thực Phẩm Bằng Thủy Tinh Lock&Lock Sodalime LLG518S01 (2L)
"Bộ 6 Hộp Thủy Tinh Lock&Lock Euro LLG429S6 (LLG214, LLG429, LLG225, LLG447, LLG827, LLG851 x 1)"
Bộ Hộp Cơm Giữ Nhiệt Và Bình Giữ Nhiệt Lock&Lock LHC8016S01
Hộp đựng cơm văn phòng tự nấu chín thức ăn YOICE Y-DFH16 
Bộ Hộp Đựng Cơm Thuỷ Tinh Lock&Lock Có Túi LLG422S4 (3 Hộp 380ml) Kèm Bình Đựng Nước
Bộ 2 Hũ Đựng Thực Phẩm Bằng Lock&Lock Sodalime LLG517S01 (1.4L)
Bình đựng nước chấm - dầu ăn thủy tinh-21x8.5cm 377g 630ml
Hộp đựng trứng 24 quả tiện dụng Khay trứng 1 tầng nhựa Song Long cao cấp
0.5kg túi zipper chỉ đỏ đựng thực phẩm
Hộp Cơm Giữ Nhiệt INOX304 Hiện Đại Tặng Kèm Túi Giữ Nhiệt
Bộ 2 Hộp Thủy Tinh Vuông KOVA (640 & 370 ml)
"Bình thủy tinh cao cấp, Bình đựng dầu ăn, Nước mắm, xì dầu, gia vị tự động mở nắp khi rót 630ml"
"Bộ Hộp Cơm Giữ Nhiệt Lock&Lock Easy Carry 2L LHC8039 Có Túi (1 Hộp 720ml, 2 Hộp 420ml Kèm 1 Bộ Muỗng Và Nĩa) Kèm Ống Hút Inox 304"
"Bình thủy tinh 600ml đựng dầu ăn, giấm, nước tương, nước mắm, gia vị - 213"
Hũ Thuỷ Tinh Herevin Tròn Trơn
100 Túi Hút Chân Không Thực Phẩm Một Mặt Nhám Một Mặt Trơn Dạng Hạt Mịn Hàng Chính Hãng
"COMBO Hộp Đựng Cơm, Cà Mèn giữ Nhiệt 4 Tầng Lúa Mạch + Muỗng Ăn - TẶNG 1 BÌNH NƯỚC"
Hũ Sành Đựng Gạo Có Nắp Màu Nâu Đỏ Chuản Gốm Bát Tràng
Bình xịt dầu ăn/ dấm Rapido
Set 2 hộp trữ đông 820ml Tupperware
Bộ hộp BQTP Small Square Round Tupperware (4 hộp)
Hộp Cơm Giữ Nhiệt INOX304 Màu Sắc Hiện Đại Kèm Muỗng Đũa INOX
Combo 10 Hủ Thủy Tinh Làm Sửa Chua Bánh Flan THP Trong Suốt  Dày Dặn  Có Nắp
Bình Đá Icool Có Vòi  Duy Tân 931 (14 Lít)
Bộ Hộp Cơm Giữ Nhiệt Thép Không Gỉ Lock&Lock Hình Con Ong LHC8016S4 _HLW791
Hộp hâm nóng thức ăn Mishio MK182 inox 304 - Hàng chính hãng
Bình Đựng Dầu Với Nắp Mở Tự Động Pecker Oil Bottle Lock&Lock CKO201 (550ml)
"Bộ 3 Hộp Thủy Tinh Lock&Lock Euro LLG429S3 (LLG429 x 2, LLG447 x 1)"
Lọ Xay Tiêu Elmich-El1157
Bộ Hộp Cơm Lock&Lock HPL817
Hộp đựng cơm hai tầng chia ngăn ruột bằng inox tặng kèm thìa nhựa ( Giao màu ngẫu nhiên ) - ANTH218
"Hộp Hũ Lọ Thủy Tinh Đựng Thực Phẩm, Đồ Khô, Ngũ Cốc, Đựng Trà, Cà Phê, Gia Vị Cao Cấp (Nhiều Size)"
"Hộp cơm 3 tầng  900ml LUNCH, hộp cơm giữ nhiệt lúa mạch_HC01"
Thùng đựng gạo 12kg kèm cốc vo gạo tiện dụng giao màu ngẫu nhiên
100 túi nhựa Zip lock trong suốt
Combo 12 Hủ Yaourt Tròn Bầu Làm Sữa Chua
"Bình Đựng Dầu Ăn, Nước Mắm, Xì Dầu iKiU; Có Vạch Chia Tiện Dụng, Đế Silicon Chống Trượt 420ml ( Nhiều Mầu Sắc Chọn Lựa)"
Hộp Muối Dưa Cà - Ngâm Hoa Quả Lock&Lock INL413 2.1 Lit - Hàng Chính Hãng
"Bộ 5 Hộp Thủy Tinh Lock&Lock Euro LLG423S5 (LLG423 x 2, LLG429 x 2, LLG447 x 1)"
Bộ 3 Hộp thủy tinh tròn Lock&Lock LLG822 400ml tặng túi giữ nhiệt
"Combo 03 Hộp Đựng Gia Vị Thủy Tinh Sang Trọng, Hộp Đựng Gia Vị Giá Rẻ, Bền, Đẹp, Tiện Lợi Blackinner - Hàng Chính Hãng"
 Bộ hộp đựng thực phẩm Thủy tinh Inochi (tiêu chuẩn nhật bản)
CaMen Hộp Đựng Cơm Inox 304 1400Ml 3 ngăn Chống Tràn Đổ Giữ Nhiệt Trên 6H
"Bộ 3 Hộp Thủy Tinh Lock&Lock Euro LLG224S3 (LLG214 x 2, LLG224 x 1)"
Cặp lồng cơm điện hâm nóng và giữ nhiệt đồ ăn GB600 3 ngăn inox không gỉ thích hợp cho nhân viên văn phòng
Hộp Hâm Nóng Arirang Life EL - ALS2012 (Trắng) 
Hộp Cơm Điện Mini Hâm Nóng Chế Biến Đa Năng JOYOUNG F-20Z602B - Hàng Chính Hãng
"Túi Hút Chân Không 1 Mặt Nhám dạng cuộn B2D Roll. Bảo quản thực phẩm lâu hơn gấp 5 lần, đủ kích thước với chiều dài lên tới 5m. Hàng  nhập khẩu chính hãng SGE Thailand"
Bộ 4 Hộp Thủy Tinh Chịu Nhiệt Nắp Gài Hình Chữ Nhật Glass Happy Cook HCG-04RB
KHAY GỖ (BỘ 3 KHAY GỖ - NGUYÊN KHỐI 30.5 x 12.7cm - MÀU GỖ TỰ NHIÊN - SƠN PU)
Bình Đá Duy Tân Icool (8 Lít)
Hộp Cơm Điện 2 Tầng Mocato M601
"Hũ Thủy Tinh Đựng Gia Vị, Dầu Ăn, Mật Ong JIMMEAL 250ml Cao Cấp (Đen)"
Bộ rổ 5 món Inox
Hộp Nhựa Lock&Lock LLS213R Twist Two Way - Nắp Màu Đỏ
Bộ 3 thố sứ
Bộ Hộp Cơm Giữ Nhiệt Easy Take Lunch Box Lock&Lock LHC8034 (2000ml) Kèm Bình Đựng Nước Và Túi Vải Tiện Lợi 
"Bình Đựng Dầu Ăn, Nước Mắm, Xì Dầu Cao Cấp Homepower DA600, Tự Động Mở Nắp Khi Rót"
Hộp Đựng Cơm Văn Phòng 3 Tầng Làm Từ Lúa Mạch ( Tặng Kèm Thìa Dĩa ) 
Thùng Nhựa Chữ Nhật Duy Tân (30L) - Màu Ngẫu Nhiên
Hộp bảo quản thực phẩm (1 hộp)
KHAY INOX LOẠI SÂU ĐỰNG THỰC PHẨM
"Combo 12 Hủ Thuỷ Tinh 100ml làm caramen, sữa chua, đựng gia vị đa năng, trang trí nút gổ"
Bộ Hộp Cơm Thuỷ Tinh Lock&Lock LLG422S3-SD Tặng kèm muỗng inox
BỘ HỘP CƠM COOL LUNCHY TUPPERWARE
"Hộp Nhựa Đựng Thực Phẩm Lock&Lock Twist LLS111 150ml, 360ml, 560ml, 760ml, 640ml, 1.9L - Hàng chính hãng"
Hộp đựng cơm trưa Hàn Quốc - 990ml
Set 12 Hũ Thuỷ Tinh Làm Sữa Chua
"Hũ Sành Đựng Gạo,Ngâm Rượu Chữ Tài Lộc "
1KG TÚI HÚT CHÂN KHÔNG PA LOẠI TRƠN 2 MẶT
"Hộp đựng cơm 3 ngăn thích hợp sử dụng cho các bạn học sinh, sinh viên, nhân viên văn phòng, thoái mái sử dụng cho lò vi sóng - Giao màu ngẫu nhiên"
"Giỏ lọc thoát nước đa năng treo bồn rửa bát, rổ đựng thực phẩm, dụng cụ rửa chén không cần khoan tường"
Hộp Cơm Giữ Nhiệt Đi Học Văn Phòng
Thố Thủy Tinh chịu nhiệt Lock&Lock LLG429-1 740ml
Hộp Bảo Quản Classic Lock&Lock có chia ngăn HPL816C -800ml
CaMen Hộp Đựng Cơm 1400ML Inox 304 3 ngăn 2 Lớp Chống Tràn Đổ Giữ Nhiệt Trên 6H
"Bộ Kệ 06 Hủ Đựng Gia Vị Thủy tinh nắp inox, Lọ Gia Vị Cao Cấp"
Bộ Lọ Đựng Gia Vị 4P LOCK&LOCK LLG842 SLIM  - 130ML
Bộ khay cơm phần 5 ngăn inox 304 có chén đựng canh và muỗng đũa
Bộ 17 Hộp Đựng Thực Phẩm Đa Năng Chất Liệu Nhựa Cao Cấp - Tiện Dụng - An Toàn Cho Sức Khỏe - An Toàn Khi Sử Dụng Với Lò Vi Sóng
"Hộp Cơm Cắm Điện Hâm Nóng Đồ Ăn 2 Tầng 4 Ngăn DFH-C02 Công Nghệ Gia Nhiệt Hiện Đại, Cao Cấp"
"Thùng đựng gạo thông minh 12kg HT SYS, thiết kế dạng nhấn nút, chất liệu ABS cao cấp"
"Hộp Cơm Cắm Điện Tặng Kèm Bộ Đũa Thìa,Cắm Điện 3 Tầng, 4 Bát Inox, Giữ Nhiệt, Hâm Nóng Và Nấu Chín Thức Ăn"
Thùng Vuông Cao Cấp Nhựa Duy tân 120 Lít có bánh xe No.213
Combo 2 rổ đựng đồ đa năng có nắp đậy
Hộp Cơm Điện Hẹn Giờ công nghệ hút chân không Bear DFH-B20J1 giữ thức ăn tươi ngon - hàng chính hãng
Bình xịt dầu ăn thuỷ tinh 100ml
COMBO 12 HŨ THỦY TINH LÀM YAUA - SỮA CHUA CARAMEN SỌC 100ML NẮP NHỰA
Bộ 3 Hộp Đựng Cơm Thủy Tinh Luminarc Pure Dahlia Vuông có túi LUDA2380176003M ( 2 Hộp 380ml và 1 Hộp 760ml)
hộp trữ hành tỏi garlic N all mate
Bộ 2 Hộp Thủy Tinh Cường Lực Glasslock 715ml Và Hộp Chia Ngăn 1000ml + Túi Giữ Nhiệt
Túi Zip Silicon Thực Phẩm Tái Sử Dụng Thân Thiện Với Môi Trường 1000ml/1500ml
Hộp cơm giữ nhiệt 4 ngăn
"Set 6 hũ thủy tinh vân sọc nắp nhôm miệng rộng 100ml đựng bánh FLan, sữa chua"
Thùng đựng gạo Sendai 12kg hàng cao cấp
"Bộ Hộp Cơm Văn Phòng Cao Cấp Home Basics - 03 Ngăn, Chất Liệu Thép Không Gỉ Inox 304 "
Máy hâm nóng cafe đế hâm nóng đồ ăn đồ uống tiện ích sử dụng được với mọi chất liệu nhiệt độ duy trì 50 độ
Thùng nhựa vuông đa năng 55L có bánh xe (quai màu ngẫu nhiên)
Hộp đựng cơm Lúa Mạch 2 tầng VQ01
"Hộp đựng cơm làm từ lúa mì an toàn, không độc hại, có kèm thìa và đũa - Màu ngẫu nhiên "
Bộ Hộp Cơm Thủy Tinh 3 Ngăn Cao Cấp - Kèm Túi Xách và Đũa Thìa Cán Gỗ
Combo 12 Hũ Thủy Tinh Làm Sữa Chua 100ml
Hộp Cơm Giữ Nhiệt Zojirushi ZOCM-SL-JAF14-SA 4 Ngăn - 1.3L (Bạc)
Hộp cơm 3 tầng cắm điện
"Thùng đựng gạo Nhật Bản GeLife881. Tặng 30 gang tay làm bếp. Chế độ lấy gạo từ dưới thông minh. Chống bụi, côn trùng tuyêt đối. Chống ẩm theo Tiêu chuẩn Nhật Bản"
"Hộp cơm giữ nhiệt đa năng 3 ngăn inox không gỉ, Cặp lồng giữ nhiệt, đựng cơm văn phòng ( cặp long, cà men) đựng được nhiều đồ ăn, có thể hâm nóng cũng như nấu chín đồ ăn nhanh chóng"
Hộp Muối Dưa Cà - Ngâm Hoa Quả Lock&Lock INL412 1.3Lit - Hàng Chính Hãng
Hũ Thủy Tinh Luminarc Rondo Smiles Có Nắp H5487 – 1 Lít
Combo 3 hộp thủy tinh chịu lực Ferroli nắp hút chân không 500ml
Cặp lồng giữ nhiệt cắm điện
Hộp Bảo Quản Gạo Bằng Nhựa Lock&Lock HPL550 (12kg)
Bộ hũ đựng gia vị xanh viền vàng
Thùng Đá Duy Tân (Họa Tiết Ngẫu Nhiên)
Hũ đựng thủy tinh
Thùng Đá Vuông Duy Tân (35L)
Thùng đá giữ nhiệt đa năng 9 L - Hàn Quốc
"Bình thủy tinh 300ml đựng dầu ăn, giấm, nước tương, nước mắm, gia vị - 211"
Thùng Nhựa Không Bánh Xe Duy Tân (220L) - Màu Ngẫu Nhiên
Hộp đựng cơm thuỷ tinh 3 ngăn tặng kèm hộp thuỷ tinh đựng canh ( giao mầu ngẫu nhiên)
Túi Lọc Trà Lọc Gia Vị Vải Không Dệt (combo 100 túi)
Thùng Đựng Gạo Xuất Nhật 3 Trong 1
Bộ 6 Hộp thủy tinh chữ nhật Lock&Lock 430ml-LLG424
Hộp Cơm Văn Phòng 5 Ngăn Có Để Canh Giá Đỡ Điện Thoại Kèm Đũa Thìa (Màu Ngẫu Nhiên)
BỘ HỘP CƠM LUNCH BOX DÙNG TRONG LÒ VI SÓNG TUPPERWARE
"Thùng đựng gạo chống nước, thùng gạo có sức chứa lên đến 10kg. Chiếc thùng đựng gạo thông minh được thiết kế rất hiện đại, ngoài chứa gạo sẽ giúp trang trí cho nhà bếp gọn gàng."
Hộp đựng Thực Phẩm Đa Dụng Có Rổ Kèm Nắp Đậy Tiện Dụng 20 x 13CM
Bộ hộp trữ đông Freezermate (7 hộp)
CUỘN TÚI ĐỰNG THỰC PHẨM AN TOÀN 
Bộ 3 Hộp Thủy Tinh Vuông KOVA (1050 + 640 + 370 ml)
Bộ 3 Hũ Thủy Tinh Tròn Kova Có Khóa (450ml+700ml+950ml)
Rổ úp bát có nắp
Cốc Đựng Mì Có Nắp Glasslock 500ml
"Bộ Thố Inox 5 cái - Hộp Đựng Thực phẩm 10,12,14,16,18M ( AN TOÀN - TIỆN DỤNG)"
Thùng vuông 55 lít - có bánh xe Duy Tân No.748 (61 x 43 x 32 cm)
"Khay inox đựng thạch,đựng thực phẩm"
"Hộp đựng cơm camen  2 tầng  giữ nhiệt và hương vị đồ ăn được lâu hơn, chất liệu nhựa và inox bền chắc - màu giao ngẫu nhiên"
Bộ Thau Inox Đa Năng 5 Chiếc
Túi Hút Chân Không Thực Phẩm Hai Mặt Trơn (1kg)
Khay đá 160ml Tupperware
Hộp đựng trứng bảo quản trong tủ lạnh - Hàng Nội Địa Nhật
Thùng đựng gạo Song Long có bánh xe 15kg - Màu ngẫu nhiên
"Bình Đựng Dầu Ăn, Nước Mắm, Xì Dầu Cao Cấp Tự Động Mở Nắp Khi Rót 300ml"
"Cặp lồng (Cà men), Hộp cơm giữ nhiệt Thermos JBG-1801 1300ml"
Bộ 2 Hộp Thủy Tinh Chịu Nhiệt KOVA KLOCK KV370 (2 x 370ml) Và Túi Giữ Nhiệt
Khay gia vị inox có nắp
Bộ 2 Hộp Thủy Tinh Tròn KOVA (650 & 400 ml)
COMBO 4 Hộp Đựng Thực Phẩm SPEVI Bằng Thủy Tinh Bọc Inox Không Gỉ Đủ Loại Kích Thước Hình Trụ Tròn Chất Liệu Cao Cấp - Hàng chính hãng
Bộ 7 hộp trữ đông Tupperware Freezermate Fit 
Bộ 4 Hộp thủy tinh chữ nhật Lock&Lock 430ml-LLG424
"Hộp Đựng Thực Phẩm Bằng Thủy Tinh Bọc Inox 201 Hình Trụ Tròn Cao Cấp Chống Ẩm Mốc Tốt, Siêu Bền - Hàng Chính Hãng"
Túi OPP keo dán miệng  | Số lượng: 1kg
CaMen Hộp Đựng Cơm Giữ Nhiệt Inox 304 1400Ml 3 ngăn Chống Tràn
Hũ Thủy Tinh Luminarc Rondo Dahlia J6783 - 0.75 Lít
Bộ Hộp Cơm Thủy Tinh Kèm Muỗng Đũa Tặng Túi Giữ Nhiệt Tự Chọn
1 Kg túi zip chỉ đỏ thương hiệu Gimex II
Bộ 3 Hộp Thủy Tinh Cường Lực Glasslock 400ml x 2 Và 670ml + Túi Giữ Nhiệt
Bộ 2 Hộp Thủy Tinh Cường Lực Chia Ngăn Glasslock 670ml Và 715ml + Túi Giữ Nhiệt
Combo 24 Hũ Lọ Thủy Tinh Làm Sữa Chua Nắp Thiếc CAMDACO (100ML)
Khay Đáy Gỗ Đức Thành Nhỏ
Khay Inox 304 GN 1/2 Nhập Khẩu Cao Cấp Kích Thước: 325x265mm
Bộ hộp kệ bếp Tupperware Modular Mate Oval (8 hộp)
1Kg Túi Zip - Túi Zipper Chỉ Đỏ
Túi lọc trà/ túi vải không dệt có dây rút size  5 x 7 cm
Hộp Bảo Quản Thực Phẩm Lock&Lock HSM8440T 950ml
SET 6 HŨ THỦY TINH NẮP XOÁY ĐỰNG THỰC PHẨM 200ML
Hũ đựng gạo tài lộc gốm sứ Bát Tràng
Cạp lồng giữ nhiệt có cắm điện hâm nóng đồ ăn
Hộp Cơm Sứ 3 Tầng Tròn Happycook Tặng Túi Đựng Giữ Nhiệt Cao Cấp -Màu Túi Ngẫu Nhiên-Hàng Chính Hãng- HCC-03C
Khay Đáy Gỗ Đức Thành Tay Cầm Oval
Hộp cơm hâm nóng và giữ nhiệt YCS 95
5 lọ thủy tinh đựng gia vị
"Combo 5 khay inox đựng thạch trà sữa, thực phẩm"
"Hộp Cơm Hâm Nóng, Giữ Nhiệt 2 Tầng Với 4 Ngăn Inox"
Bộ 05 hũ đựng gia vị thủy tinh cao cấp đóng hộp
Thùng đựng gạo Song Long có bánh xe 10kg - Màu ngẫu nhiên
Combo 50 Hũ nhựa làm sữa chua có nắp xoáy
"Cặp lồng Hộp cơm điện nấu chín và giữ nhiệt đồ ăn, nồi cơm điện mini dung tích 2 lít, nấu cơm hâm nóng hấp trứng thiết kế 4 ngăn inox thiết kế kiểu dáng nhỏ gọn tiện lợi hình chữ nhật cho nhân viên văn phòng"
Bộ 2 Hũ Thủy Tinh Tròn Kova Có Khóa 950ml
Hộp Cơm Văn Phòng Inox Bọc Nhựa 4 Ngăn Chịu Nhiệt Lò Vi Sóng Gọn Nhẹ Cao Cấp Kèm Bộ Thìa Đũa Inox 
Bộ Lọ Đựng Gia Vị 4P LOCK&LOCK LLG843  BLACKCAP - 120ML
Hộp Bảo Quản Thực Phẩm Classic Lock&Lock Nắp Có Tay Cầm  HPL885  9.6 Lít
 Bộ 8 Hộp Nhựa Đựng Thực Phẩm
Hũ đựng thủy tinh nắp gỗ
Chum Rượu Sành Đựng Gạo Mẫu Trơn Gốm Sứ Bát Tràng
Combo 6 hộp trữ đông đồ ăn dặm 200ml kèm 3 zipper 12cm
Bộ hộp đựng thực phẩm - FITIS NORA SMALL (6) - FS-01E1
Bộ 3 hộp cơm thủy tinh (380ml) The Glass Hàn Quốc kèm túi Lunch Bag
Hũ thủy tinh tròn SAPATA nắp vặn inox
"Bình Xịt Dầu Ăn, Giấm Dung Tích 100Ml có 3 lựa chọn màu"
Hộp đựng cơm văn phòng 5 ngăn inox giữ nhiệt có quai xách ( kèm thìa + đũa) - tặng mở bia 2in1 ( màu ngẫu nhiên)
Bộ Quay Rau Nhỏ Duy Tân (Giao Màu Ngẫu Nhiên)
Bộ Hộp Đựng Cơm Thuỷ Tinh Lock&Lock Có Túi LLG422S4 (3 Hộp 380ml) Kèm Bình Đựng Nước Và Túi Vải Tiện Lợi
Hộp cơm hâm nóng 2 tầng inox Làm Nóng Bằng Hơi Nước Siêu Tốc Tigerlife 2019 Tặng full đồ dùng
Combo 10 Hủ Thủy Tinh Đựng Gia Vị Nắp Tròn 100ML
CaMen Hộp Đựng Cơm Inox 304 1400Ml 3 ngăn Chống Tràn Đổ Giữ Nhiệt Trên 6H
Bộ 2 Hộp Thủy Tinh Chịu Nhiệt KOVA KLOCK KV400 (2 x 400ml) Và Túi Giữ Nhiệt
Hộp Cơm Giữ Nhiệt La Fonte 3000143
Bình xịt dầu Lock&Lock 100ml kèm phểu và cọ rửa - CKO109
CAMEN INOX 3 NGĂN
1KG TÚI ZIP đựng thực phẩm (Tặng kèm bộ túi mẫu đầy đủ các size)
Thùng Đựng Gạo thông minh xuất nhật 
"Hộp đựng thực phẩm 3L cỡ lớn nắp kín dùng cho quán ăn, nhà hàng Nội địa Nhật Bản"
Hộp đựng cơm 3 tầng inox giữ nhiệt tiện dụng (giao màu ngẫu nhiên)
set 3 chậu rổ nạo inox tặng kèm kình giữ nhiệt xương rồng cao cấp
Bộ 3 Hũ Đựng Thực Phẩm Bằng Thủy Tinh Sodalime Lock&Lock LLG516S01 (900ml)
"Bộ 3 hộp Sứ đựng thức ăn Happycook HCC03 Tặng Túi Đựng Giữ Nhiệt Cao Cấp, hoa văn màu ngẫu nhiên-Hàng chính hãng"
Bộ 3 hộp thủy tinh Lock & Lock 430ml tặng túi giữ nhiệt (Màu ngẫu nhiên)
Hộp cơm hâm nóng thực phẩm
CaMen Hộp Đựng Cơm 3 Ngăn Giữ Nhiệt Inox 304 Kèm Túi Giữ Nhiệt Caro 
Set 5 hộp trữ đông Tupperware Freezermate 290ml 
Hộp cơm giữ nhiệt công nghệ Chân không 3 Lớp BeFly giữ nhiệt 12-24h - 2 Lít
Bộ 4 Hộp Bảo Quản Thực Phẩm Thông Minh Sunhouse Tặng Bộ Rổ Biozone - KB-SM4S01R
Hộp đựng gia vị nắp gắn muỗng 250ml
Thùng Đựng Gạo Thông Minh 10kg Nhật Bản 
"Set 5 Hộp Nhựa Đựng Thực Phẩm , Hũ Nhựa PET Nắp Nhôm Nhiều Size 250ml 500ml 800ml 1000ml 1200ml 1500ml (Kèm Lót)"
Hũ Đựng Muối Dưa Cà Gốm Sứ Bát Tràng
Rổ 4 ngăn đựng rau lẩu
Hũ thủy tinh tròn SAPATA nắp tre hít kín hơi
Hộp bảo quản thực phẩm Tupperware Small Summer Fresh
"Cặp Lồng, Cà Men Đựng Cơm Inox Giữ Nhiệt 3 Tầng Tặng Túi Giữ Nhiệt"
Bình đựng thức ăn giữ nhiệt Zojirushi FCE75-TD 750ML
BỘ 5 KHAY CƠM INOX 5 NGĂN LOẠI DÀY
Hộp Cơm Hâm Nóng Cắm Điện Inox 3 Tầng
Túi nilon đựng đồ hd - màu đỏ (1kg)
Thùng vuông 90 lít - có bánh xe Duy Tân No.747 (70 x 49 x 41 cm)
Hộp đựng cơm giữ nhiệt inox 3 tầng
Bộ 2 Hũ Thủy Tinh Tròn Kova Có Khóa 450ml
KHAY CƠM 5 NGĂN SÂU LÒNG INOX 
"Hộp đựng gia vị - Bình đựng dầu ăn nắp đậy thông minh 600ml 21,5x3,5cm"
Hộp cơm đa năng cao cấp DFH-F1517
"Bộ 5 hộp nhựa bảo quản thực phẩm Neolock Lock&Lock NLP110S001 (2 hộp 630ml, 1 hộp 750ml, 1 hộp 1300ml, 1 hộp 2400ml)"
Thùng chữ nhật Duy Tân No.H115 10L (Trong suốt)
Thùng đựng đồ đa năng Hàn Quốc 42L
Túi đựng thực phẩm tự hủy sinh học An Lành 25x35cmx1kg
"Bộ Hộp Cơm Giữ Nhiệt Lock&Lock Easy Carry 2L LHC8039 Có Túi (1 Hộp 720ml, 2 Hộp 420ml Kèm 1 Bộ Muỗng Và Nĩa) Tặng 1 mút rửa chén "
Hộp Cơm Điện Hâm Nóng Đa Năng
Hộp Bảo Quản Thực Phẩm Classic  Lock&Lock  Hình Chữ Nhật HPL825H-3.1L
Khay Inox Sâu Dày (25 x 30 cm)
"Túi Đựng Hộp Cơm, Thực Phẩm Giữ Nhiệt Kiểu Hàn Quốc (20 x 19 x 13 cm)"
Rổ gác bồn rửa bát gấp gọn lúa mạch
Bộ trữ đông và trữ mát Tupperware Mega 13 hộp tặng 2 hộp trữ mát nắp tròn 
Hộp cơm điện 3 tầng 3in1 nấu cơm hâm nóng mang tới văn phòng
"Hộp cơm điện nấu chín và giữ nhiệt đồ ăn, thiết kế 4 ngăn inox kiểu dáng hình chữ nhật nhỏ gọn cho nhân viên văn phòng"
"Cặp lồng (Cà men), Hộp cơm giữ nhiệt Zojirushi SL-GH18-BA 1270ml"
Khay cơm phần 5 ngăn INOX 304
Thùng Nhựa Chữ Nhật Duy Tân (10L) - Màu Ngẫu Nhiên
"Bộ 10 thùng carton size M1, Kích Thước 20*15*10 cm"
1kg Túi dán miệng Sunzin Đủ size - Túi đóng gói hàng và quần áo dạng trong suốt
Thùng Đựng Gạo xuất nhật 
Bộ Hộp Cơm Giữ Nhiệt Lock&Lock LHC8016 (1150ml) - Hàng Chính Hãng
Bộ Hộp Cơm Giữ Nhiệt Thủy Tinh Văn Phòng Cao Cấp - Kèm Túi Xách và Hộp Đựng Đũa Thìa (Tùy chọn màu)
Nắp đậy thực phẩm dùng cho lò vi sóng hàng Nhật Bản
"Thùng nhựa mỹ 2555 cỡ đại Song Long (61,5 x 44 x 32,5)"
Lọ Hũ thủy tinh nắp vặn Quattro Stagion 1000ml (Bormioli Rocco)
"Lọ đựng gia vị, dầu ăn, nước chấm bằng thủy tinh trong suốt kèm muỗng tiện lợi"
Hộp nhựa đựng thực phẩm 2 lớp Nhật Bản
Hộp Cơm Cắm Điện Hâm Nóng Chefman - Hộp Cơm 112i Ruột Inox 304 Đa Năng + Tặng túi đựng & Bộ đũa thìa
17 hộp nhựa an toàn có nắp đựng thực phẩm để tủ lạnh
Hũ thủy tinh nắp vặn Quattro 400ml (Bormioli Rocco)
"Bộ 3 hộp đựng thực phẩm Song Long 2221 (2000ml, 1300ml, 850 ml) - Màu ngẫu nhiên"
1KG TÚI ZIPPER CHỈ ĐỎ ĐỰNG THỰC PHẨM
"Hộp Đựng Soup, Hộp Canh 2 Lớp Cách Nhiệt Sử Dụng Tốt Trong Lò Vi Sóng 300ml"
1 kg túi zip mặt trong mặt bạc thương hiệu Gimex II
Hộp Cơm Lúa Mạch Vuông 1 Tầng 2 Ngăn Kèm Thìa Đũa (Giao Màu Ngẫu Nhiên)
Hộp Thủy Tinh Chữ Nhật Lock&Lock Clear LLG424 (430ml)
Bộ 3 Hộp Thủy Tinh Tròn KOVA (950 + 650 + 400 ml)
Khay Phục Vụ Chống Trượt (Tròn 35cm)
"Chai Lọ Bình Đựng Dầu Ăn, Nước Mắm, Xì Dầu, Dung Dịch Có Nắp Đậy Chống Rò, Bụi, Côn Trùng Tự Động Hoàn Dầu Có Thang Đo"
Khay tròn đựng thức ăn hoặc làm bánh inox 304 cao cấp KTB01 – Gia dụng bếp
"Cặp long cơm, hộp cơm giữ nhiệt văn phòng chất liệu inox 304 cao cấp, cặp lồng cà men 3 tầng, hộp đựng cơm nhỏ nhắn, dễ dàng di chuyển, giữ nhiệt tốt phù hợp với dân văn phòng hay học sinh sinh viên"
Bộ thau rổ inox nhà bếp 5 món bằng inox đủ size từ 18 - 26 cm tiện dụng
Combo 10 Hũ Thủy Tinh Lục Giác Camdaco Đựng Thực Phẩm (180ML)
Hộp đựng cơm trưa Hàn Quốc - 700 ml
Bộ 2 khay rổ nhựa kéo dài đựng thức ăn thực phẩm trong tủ lạnh thông minh tiện dụng
Rổ quay rau hàng Nhật Bản
Khay Ăn Dặm Cho Bé
"Hộp Cơm Cắm Điện 3 Tầng Nấu Cơm, Hâm Nóng Đồ Ăn Nhanh, Lõi Inox Cao Cấp Có Nắp Chống Tràn, Dung Tích Tổng 2L"
"Combo 10 Hũ Thủy Tinh Nắp Thiếc vặn 70ML (Hũ 70MLthủy tinh đựng Yến chưng, Hủ thủy tinh đựng dầu dừa, hũ gia vị)"
Bộ 3 Thố thủy tinh tròn Lock&Lock LLG831 650ml
 Hộp Cơm Thủy Tinh 3 Ngăn 1050 ml + Thố Canh Thủy Tinh tròn 600ml ( Giao màu ngẫu nhiên) phong cách Nhật Bản cực kì tiện lợi
Camen Đựng Cơm La Gourmet Millennium 3 Ngăn (2.1L)
Bộ Hộp Cơm Giữ Nhiệt Lock&Lock LHC8016 (1150ml) Kèm Bình Đựng Nước Và Túi Vải
"Bộ 3 Hũ Thủy Tinh Vuông Đựng Thực Phẩm, Gia Vị"
Hủ thủy tinh nắp nhựa đựng thực phẩm 1800ml
Thùng chữ nhật 55 lít Duy Tân No.0998 (67.6 x 45.7 x 25.4 cm) thùng trong suốt giao quai màu ngẫu nhiên thùng đựng thực phẩm đồ đa năng
Hũ Thuỷ Tinh Herevin Vuông
Bộ 5 Hình Tròn Đồ Gia Dụng Chậu Rửa Bát Nhà Bếp Inox
Hũ thủy tinh nắp vặn Quattro Anfora 300ml (Bormioli Rocco)
Bộ 6 Thố thủy tinh Lock&Lock LLG822 400ml
Bộ hộp trữ Đông Tupperware 650ml 6 hộp Tặng 1 hộp 650ml thấp
Hộp Cơm Giả Gỗ 2 tầng Hình Chữ Nhật Phong Cách Nhật Dung Tích 1200ml
Bộ 6 hũ thủy tinh nắp thiết 220ml tiện dụng
Bộ 2 Hộp Bảo Quản Thuỷ Tinh Luminarc Pure Active Chữ Nhật
Hộp đựng cơm thủy tinh cao cấp 3 ngăn HT SYS - Giao màu ngẫu nhiên
Bộ Hộp Cơm Văn Phòng  - Kèm Túi Xách và Hộp Đựng Đũa Thìa (Giao màu ngẫu nhiên Hồng - Xanh Nõn chuối)
"Rổ cài bồn đựng giẻ rửa bát, đựng rác hít chân không , Shop giao mầu ngẫu nhiên"
"Khay ăn dặm cho bé kèm muỗng, nĩa, phù hợp cho bé ăn theo phương pháp BLW, khay ăn dặm lúa mạch đựng đồ an toàn, tiện dụng - ĐƯỢC CHỌN MÀU"
Khay nhựa đựng cốc ly 49 ngăn
Hộp cơm điện - Nồi cơm điện mini 1L UXUE CFX-B10 nấu cơm nấu cháo làm hộp cơm văn phòng
"Bộ 3 Hũ Thủy Tinh Lục Giác Đựng Thực Phẩm, Gia Vị"
CaMen Hộp Đựng Cơm Giữ Nhiệt Inox 304 1900Ml 3 ngăn Chống Tràn
Hộp Nhựa Đựng Thực Phẩm Lafonte
Hũ thủy tinh tròn SAPATA nắp inox hít kín hơi
Hộp đựng cơm - Hộp ủ cơm - Nồi hấp cơm mini - Nồi hấp mini - Nồi cơm mini
Hộp Cơm Giữ Nhiệt Cắm Điện Hâm Nóng Thức Ăn Tiện Dụng 2 Lựa Chọn
Bộ 2 Hũ Thủy Tinh Vuông Kova Có Khóa 600ml
"Khay Gỗ, đĩa gỗ chữ nhật rộng đa năng đựng thức ăn Decor Vintage "
"Set 3 hũ thủy tinh nắp thiếc vàng 500ml, hũ đựng mật ong, gia vị"
Hộp Cơm Giữ Nhiệt 3 Tầng Chấm Bi Ruột Inox GIAO NGẪU NHIÊN MÀU
"Bộ 2 Hộp Cơm Văn Phòng, Hộp Cơm Thủy Tinh Cao Cấp Kèm Túi"
Hộp đựng cơm 2 tầng 500ml nội địa Nhật Bản
Bộ 4 hộp trữ mát Medium Square Round Tupperware 1lit
Hộp Cơm 2 Tầng Sqirrel An Toàn (giao màu ngẫu nhiên)
"Hộp Cơm Cắm Điện Giữ Nhiệt Ruột Inox Chefman CM-112i ( Xanh), Hộp Cơm Hâm Nóng Ruột Inox Tháo Rời Chefman CM-112i + Tặng Túi Da Cao Cấp Đựng Hộp Cơm Và Bộ Dũa Dĩa Thìa Nhựa PP Cao Cấp"
"Thùng đựng gạo có bánh xe 15kg chống ẩm mốc, mối mọt"
Hũ đựng gạo 10kg gốm sứ Bát Tràng
Thùng Đựng Gạo 10Kg - Nội Địa Nhật Bản
Bộ 3 Hộp Thủy Tinh KOVA KLOCK370 (370ml/ Hộp)
Hộp cơm cắm điện giữ nhiệt thông minh nhật bản
"Bình Đựng Dầu Ăn, Nước Mắm, Xì Dầu Tự Động Mở Nắp Parrot Oilcan Cao Cấp 600ml "
THÁP ĐỒ ĂN ĐA NĂNG 5 TẦNG
Set 3 hũ đựng gia vị thuỷ tinh 350 ml - Giao mẫu ngẫu nhiên
Combo 3 Hộp Thuỷ Tinh Luminarc Pure Active Vuông 1.22L - L1959
Combo 12 hũ làm sữa chua thủy tinh cao cấp - BCSC
"Bộ Thau Rổ Nhựa Cao Cấp Yoko Inochi Nhật Bản - An toàn cho sức khoẻ - Kháng khuẩn khử mùi đảm bảo an toàn vệ sinh thực phẩm - Size 23, 30, 35cm - Giao Màu Ngẫu Nhiên"
Khay Trung Gỗ Đức Thành Lỗ Tay Cầm Oval
Khay đựng thức ăn hoặc làm bánh inox 304 cao cấp KB01 – Gia dụng bếp
Lọ Hũ thủy tinh nắp vặn Quattro Stagion 500ml (Bormioli Rocco)
Bộ 4 Hũ Thủy Tinh Pha Lê Đựng Kẹo Mứt
 hủ nhựa nắp nhôm đựng thực phẩm 1000ml (bộ 5 hủ)
Thau Inox Zebra 135030 (30cm)
"Cà Mèn, Hộp Đựng Cơm Giữ Nhiệt Lòng Inox Cao Cấp ( Tặng 1 muỗng ăn nhỏ ) - 4032"
Hộp đựng cơm văn phòng lúa mạch 1 tầng 3 ngăn Cao Cấp tặng kèm bộ Thìa Dĩa + Túi giữ nhiệt chống thấm( Màu Ngẫu nhiên)
Bộ hộp trữ mát Tupperware thế hệ II Stak N Stor 4 hộp
Túi zip mặt trong mặt bạc đáy đứng 18x26cm (1kg)
BẢO QUẢN THỰC PHẨM HỘP ĐỰNG TRỨNG 1 TẦNG 24 QUẢ
Bộ túi hộp cơm thủy tinh Lock&Lock 3EA LLG428S2
Combo 5 Túi Zipper Đựng Thực Phẩm Kokusai TZIP00070643 - 18x21 m - Hộp 30 Túi
Bộ 05 hũ đựng gia vị thủy tinh cao cấp đóng hộp tặng lọ dụng cụ xay tiêu
100 túi zipper chỉ đỏ các size 8 - 9 -10 - 11 - 12 cm
50 khay nhựa đế đen đựng thục phẩm dùng 1 lần
Bộ Thau Rổ Nhựa Cao Cấp Yoko Nhật Bản Size 30cm
Khay Inox Sâu (30 x 40 cm)
Bộ 2 Hộp Cơm Giữ Nhiệt Thủy Tinh Văn Phòng Cao Cấp - Kèm Túi Xách 
Bình để dầu ăn và các vật dụng nhà bếp thủy tinh
Combo 2 rổ gấp gọn đa năng tiện lợi bằng silicon (Giao màu ngẫu nhiên)
COMBO 4 LỌ ĐỰNG GIA VỊ THỦY TINH CAO CẤP
"Khay inox dùng để thức ăn tủ mát,tủ đông / Inox cao cấp có nắp Tặng rổ hình táo"
"Hũ Thủy Tinh Đựng Gia Vị 280ml Cao Cấp Lọ Gia vị, Bình Đựng Gia Vị, Hũ Gia Vị Kiểu Mới Chống Nước, Ẩm Mốc, Côn Trùng - Tặng Chổi Phết Dầu Ăn"
Bộ khay hộp đựng đồ ăn dặm cao cấp cho bé
Bộ hộp trữ đông thực phẩm Tupperware (8 hộp)
Thùng Nhựa Bánh Xe Duy Tân (15L) - Màu Ngẫu Nhiên
Set 12 hũ làm sữa chua bằng thủy tinh cao cấp 
Cặp lồng giữ nhiệt 4 tầng
"Hộp Cơm Hâm Nóng 3 Tầng, Làm Nóng Bằng Hơi Nước Siêu Tốc Tigerlife Tặng Full Đồ 2020 hc3"
Túi Giữ Nhiệt Giao Nhận Hàng Thực Phẩm  Size Lớn (To) XXL Bằng Vải Bố Canvas Màu Đen Quai Xách 4 Hướng
Túi đựng thực phẩm tự hủy sinh học An Lành 30x45cmx1kg
Combo 2 khay đựng đồ ăn dặm 8 ngăn và 12 ngăn Kokubo nhập khẩu từ Nhật Bản
Hộp cơm điện 3 tầng inox cắm điện ủ nóng Cặp lồng cơm điện cao cấp
"Mẹt tre làm thủ công tại các làng nghề truyền thống, 20-60cm (ẩm thực cổ truyền)"
"Chum sành đựng rượu, gạo loại 10L gốm sứ Bát Tràng"
Rổ nhựa đựng đồ đa dụng Inomata size lớn - Nội địa Nhật Bản
Combo 12 hũ Pudding béo 
 Khay đựng cơm inox (có nắp inox)  - 28x22x4.5cm
"Combo 12 hũ thủy tinh làm caramen, sữa chua, đựng gia vị đa năng"
Hộp Cơm Hâm Nóng Và Giữ Nhiệt
Bộ 3 Hủ Gia Vị Bằng Thuỷ Tinh
COMBO 12 HŨ THỦY TINH ĐỰNG SỮA 200ML
"Combo Thau Rổ Đa Năng, phong cách Hàn Quốc -  Giao ngẫu nhiên màu"
BỘ HỘP BẢO QUẢN SEASONAL SHELF SAVER WITH SPOON ( 4 HỘP)
Khay đựng trứng 2 tầng đa năng
Bộ Hộp Trữ Đông Tupperware Freezermate 650ml - 6 hộp
Hộp Nhựa Chữ Nhật Komax 71506 4.6L
combo 10 bô khay inox đựng thạch trà sữa
Khay Phục Vụ Chống Trượt (40x30cm)
 Bộ 3 hộp đựng trứng bảo quản trong tủ lạnh - Hàng Nội Địa Nhật
Bộ 6 nắp đậy thực phẩm tủ lạnh - B6NC
"Túi Hút Chân Không Đựng Thực Phẩm Loại 1 Mặt Trơn B1D, Bán Theo Bịch 1kg - Hàng Thailand chính hãng "
Hộp Cơm Lúa Mạch 2 Tầng 3 Ngăn Có Tay Cầm
Hộp Cơm Hâm Nóng - Hộp Cơm văn phòng 3 Tầng
"Rổ, rá inox"
Bộ Hộp Đựng Gia Vị Trong Suốt Cao Cấp
Thùng chữ nhật 45 lít Duy Tân No.0997 (63.4 x 42.7 x 23.9 cm) thùng trong suốt giao quai màu ngẫu nhiên
 Hộp Cơm Hâm Nóng
Bộ 3 hộp nhựa đựng thực phẩm Việt Nhật
Thùng vuông 30 lít - có bánh xe Duy Tân 750 (52 x 32 x 27.5 cm) giao quai màu ngẫu nhiên thùng đựng thực phẩm đồ đa năng
Thùng nhựa vuông đa năng 140L có bánh xe (quai màu ngẫu nhiên)
Bộ hộp cơm Lock&Lock HPL762DR -Màu đỏ
"Rổ, Giỏ đựng hoa quả/trái cây"
Bộ 3 Hộp Cơm Lúa Mạch An Toàn Tiện Dụng
THÙNG GIỮ NHIỆT 30L SONG LONG - MÀU NGẪU NHIÊN
Set 3 hộp nhựa tròn 180ml
Hũ Thuỷ Tinh Herevin Vuông Có Vòi 3L 137062
Hộp cơm giữ nhiệt – Hộp hâm nóng cơm cắm điện 3 tầng đa năng cho văn phòng
"Thau, Chậu Nhựa Gấp Gọn Đa Năng ( màu ngẫu nhiên)"
1kg Túi zipper viền đỏ (loại dày) có nhiều size
Cà mên hộp đựng cơm inox 304 hàng cao cấp 1600-1800-2000ml
Hộp thực phẩm vuông Minh Long 15cm + nắp
Hộp nhựa đựng Topping 6 ngăn
Lọ sữa chua bằng thủy tinh 
Bộ 8 Hộp thủy tinh chữ nhật Lock&Lock 430ml-LLG424
Bộ 3 Khay Phục Vụ Chống Trượt (Tròn 35cm)
Bình ủ cháo Relea 700ml
XÔ INOX ĐỰNG NƯỚC LÈO/ ĐỰNG ĐÁ CÓ NẮP TẶNG 1 LY MIKA
Hộp cơm giữ nhiệt 2 tầng lõi inox HT SYS - HORLY
2 Kg túi zip chỉ đỏ nhiều size
" KHAY GỖ (BỘ 2 KHAY) KT: 37x18x2cm, GỖ TỰ NHIÊN - NGUYÊN KHỐI - MÀU WALNUT SANG TRỌNG"
"Hộp trữ đông Tupperware 3,1L"
COMBO6 HŨ THỦY TINH TRÒN ĐỰNG THỰC PHẨM NẮP NHÔM_300ML
01 HỦ THUỶ TINH HOA VĂN SỌC KIM CƯƠNG ĐỰNG GIA VỊ THỰC PHẨM
"Hộp Cơm Trưa Văn Phòng, Học Sinh INOX 304 Dung Tích Lớn 1.000ml - 3 Lớp - 3 Ngăn siêu giữ nhiệt, dùng cho lò vi sóng tiện lợi "
Bộ 2 Hộp Đựng Thực Phẩm Lock&Lock HPL817 1L
"Bộ 6 hũ thủy tinh tròn nắp nhôm miệng rộng 500ml đựng trà, bánh flan, sữa chua"
HỘP CƠM CẮM ĐIỆN Unold 58850
Bộ hộp BQTP ngăn đông & ngăn mát Mega 13
Rổ quay rau ly tâm Rotary nội địa Nhật Bản
Rổ đựng đồ đa năng bằng cói đan thủ công hình chữ nhật
Hộp Bảo Quản Hình Chữ Nhật Lock&Lock Bisfree Modular Có Tay Cầm LBF408H (4.8L)- Màu Nâu 
Hộp cơm văn phòng cắm điện hâm nóng thức ăn HH-68
Bộ 9 Hộp Thủy Tinh Glasslock GL9999
Rổ Úp Chén Đĩa (Kèm Nắp Đậy) - Nội Địa Nhật Bản
Hộp Cơm Giả Gỗ Chia Ngăn Hình Oval Phong Cách Nhật Dung Tích 800ml
Bộ 3 Hộp thủy tinh tròn Lock&Lock LLG822 400ml
Khay cá chép om dưa
Thùng Giữ Nhiệt Coleman 6278703G - 26.5L - 28 QT Personal Cooler 
Combo 2 rổ nhựa kèm chậu 3in1 có nắp đậy - Giao màu ngẫu nhiên
"Thau Nhựa Gấp Gọn Hình Tròn Gấp Gọn Silicon, 31*10.5cm (Giao mẫu ngẫu nhiên)"
"Combo 8 Hũ Thủy Tinh Nắp Thiếc Đen vặn 100ML - Hũ 100ML đựng Yến chưng, Hủ thủy tinh đựng dầu dừa, hũ gia vị"
HỘP ĐỰNG CƠM 3 TẦNG CẮM ĐIỆN Ủ NÓNG
Thau Inox 304 - Size 42cm
"Combo 10 Hũ Thủy Tinh Nắp Thiếc vặn 120ML - Hũ 120ML đựng Yến chưng, Hủ thủy tinh đựng dầu dừa, hũ gia vị"
Hũ Thuỷ Tinh Herevin Vuông Nắp Woody 1L - 231010
Hộp đựng cơm văn phòng hâm nóng đồ ăn cách thủy thiết kế 4 ngăn inox 304 không gỉ ( Giao màu ngẫu nhiên )
Camen Đựng Cơm La Gourmet Millennium 2 Ngăn (1.4L)-355393
Khay cơm inox 304 dạng nhỏ 
Hộp Cơm Văn Phòng Thủy Tinh 3 ngăn cao cấp + Túi Giử Nhiệt hình cá xinh xắn + 1 bộ Muỗng Đũa Inox phong cách Hàn Quốc tiện lợi ( Giao màu ngẫu nhiên)
Bộ Hộp Đựng Gia Vị 4 Ngăn Nhựa PP (Mầu Ngẫu Nhiên)
Bộ 4 thố thủy tinh đựng thực phẩm Lock&Lock 430 và 500ml
Hộp trữ thực phẩm Tupperware Midget 60ml (1)
Bộ hũ đựng gia vị
Bộ hộp trữ khô kệ bếp TupperWare Modular Mate Oval (8 hộp)
Combo 10 Túi hút chân không TANGDAOYA bảo quản quần áo vật dụng - Tặng kèm máy hút chân không bằng tay
Hộp đựng thức ăn cho bé Lock&Lock có vạch chia 230ml x 3 hộp LLG508S3
Bộ 3 thùng nhựa mỹ 2555 Song Long cao cấp- thùng chữ nhật
BỘ 3 HŨ GIA VỊ SỨ CAMELIA VIỀN VÀNG CAO CẤP SANG TRỌNG - ANTH421
Hũ thủy tinh nắp vặn Quattro Anfora 500ml (Bormioli Rocco)
Hộp Cơm Trưa Cách Nhiệt Phong Cách Nhật 2 Tầng INOX 304 1.6L
Thùng nhựa đựng đồ đa năng chịu lực dung tích lớn 75L có nắp HORECA TRUST
KHAY ĐỰNG ĐỒ TỦ LẠNH THÔNG MINH BY9024
Hộp Nhựa Có Khay bảo quản Hành Lá Củ Quả NC001
Bộ đông 7 hộp tupperware
Combo 3 Hộp Bảo Quản Thực Phẩm Đựng Rau Quả Cực Tiện Lợi - Hàng Chính Hãng
Thùng đựng gạo SD12kg hàng cao cấp- ANTH13
Thùng Nhựa Bánh Xe Duy Tân (120L) - Màu Ngẫu Nhiên
Hộp Cơm INOX304 Hoạt Hình Cơm Nắm 2 Tầng 2 Ngăn Tặng Kèm Muỗng
Hộp cơm điện hâm nóng OEM 2 ngăn bằng inox an toàn
Rổ lưới inox dày loại lớn 29cm đựng trái cây và đồ chiên cao cấp RLN01 – Gia dụng bếp
Hũ Thủy Tinh Nắp Cài Kín Hơi Fido Bormioli Rocco 1 Lít
Rổ Rửa Rau Đa Năng Tashuan TS-3624 - Hàng Chính Hãng
"Bình thủy tinh, chai lọ có nắp gỗ, nút silicon Oil Can đựng dầu ăn, giấm, nước tương, nước mắm dung tích 650ml"
"Cặp Lồng, Cà Men Chấm Bi Inox Giữ Nhiệt Đựng Cơm ( Màu ngẫu nhiên) "
"Hộp đựng cơm, camen 3 tầng giữ nhiệt cao cấp"
bộ 3 hộp đựng thực phẩm bằng thủy tinh 1000ml
Lọ Thủy Tinh Trang Trí Nắp Vải Sang Trọng 600mL
khay inox đựng thạch trà sữa 10x17cao10cm
Khay trà tre 008
Combo 2 Hộp Thủy Tinh Chịu Nhiệt Chữ Nhật Nắp Kín Pyro (400ml)
Hộp Nhựa Bảo Quản Thực Phẩm Special Lock&Lock HPL713F 3.4L có nắp phụ đựng đồ khô - Hàng Chính hãng·
"Hộp Cơm Văn Phòng Thông Minh SONGANH, Nồi Cơm Điện Hâm Nóng 2 Tầng Kèm 4 Bát Sứ Cao Cấp - RW18"
Thau sâu inox cao cấp 
KHAY CƠM PHẦN INOX 4 NGĂN SÂU LÒNG CÓ NẮP
Bộ 02 Hộp Giữ Nhiệt Stacking Thermal
Hộp Cơm Điện Hâm Nóng INOX304 Tặng 1 Phích Chuyển Ổ Cắm
HỘP NHỰA ĐẾ ĐEN HT17 1 NGĂN - THÙNG 500 BỘ
Hũ 3 Lọ Giạ vị Thủy Tinh Có Kệ Nằm Ngang Nắp Inox #304 Kèm Thìa  - Thép Không Gỉ 
Combo Hộp thủy tinh kim cương có nắp đậy 420ml nội địa Nhật Bản
Túi silicon niêm phong thực phẩm
"Khay Lá Nhôm Đựng Thực Phẩm Có Nắp FTC - 32,3 x 26,6 x 6,4 Cm"
"Thùng nhựa mỹ 2555-1 Song Long ( 43,5 x 31 x 25)"
"Bộ Hộp Cơm Giữ Nhiệt Lock&Lock Easy Carry 2L LHC8039 Có Túi (1 Hộp 720ml, 2 Hộp 420ml Kèm 1 Bộ Muỗng Và Nĩa)"
LỒNG BÀN BẢO QUẢN THỰC PHẨM 4 TẦNG CHỊU NHIỆT - FOOD COVER
Hộp đựng cơm thủy tinh cao cấp 3 ngăn ( Giao mầu ngẫu nhiên)
Hộp cơm điện Lock&Lock EJR216 - Hàng Chính Hãng
Hộp Hâm Nóng Arirang Life EL-ALS263 (Tím) 
Hộp cơm giữ nhiệt Lock&Lock LHC8029 (500ml)
Hộp Cơm Giữ Nhiệt INOX304 Hiện Đại Kèm Hộp Đựng Canh Soup
Bộ Hộp Cơm Thủy Tinh Giữ Nhiệt  Văn Phòng Cao Cấp - Kèm Túi Xách và Hộp Đựng Đũa Thìa Home Basics
Bộ Hộp Cơm Giữ Nhiệt Easy Take Lunch Box Lock&Lock LHC8034 (2000ml)
Bộ 3 Hộp Thủy Tinh Chịu Nhiệt KOVA KLOCK KV370 (3 x 370ml) Và Túi Giữ Nhiệt
Bộ Hộp Cơm Giữ Nhiệt Thép Không Gỉ Lock & Lock LHC8031SLV - Bạc
Bộ Hộp Cơm Giữ Nhiệt 2 Lớp 2 Tầng 2 Ngăn INOX304 Thiết Kế Hiện Đại
"Bình Đựng Dầu Ăn, Nước Mắm, Xì Dầu Cao Cấp Tự Động Mở Nắp Khi Rót 600ml"
Hộp Thủy Tinh Luminarc Pure Active Vuông 1.22L
Thùng Đựng Gạo Thông Minh Xuất Khẩu Tashuan TS-3626A (16kg) - Trắng - Hàng Chính Hãng
0.5 kg túi zip chỉ đỏ lựa chọn size
Hộp Đựng Cơm Lúa Mạch 3 Ngăn Kèm Thìa Đũa Inox
Bộ Hộp Cơm Giữ Nhiệt Thủy Tinh Văn Phòng Cao Cấp - Kèm Túi Xách và Hộp Đựng Đũa Thìa - Giao mẫu ngẫu nhiên
Hộp Đựng Gia Vị Lock&Lock Modular HTE571S6 6 Chiếc (3 Chiếc 180ml Và 3 Chiếc 250ml) + Giá Gỗ
Bộ 3 Hộp Thủy Tinh Cường Lực Glasslock 400ml Và 715ml x 2 + Túi Giữ Nhiệt
Bình Đá Duy Tân Icool Màu Nhũ (6 Lít)
"BỘ 3 HỘP NHỰA PP AN TOÀN DÙNG CHỨA ĐỰNG THỰC PHẨM DUNG TÍCH 2000ML,1300ML,830ML"
Thùng nhựa vuông Duy Tân - Có bánh xe
Hộp đựng cơm thủy tinh 3 ngăn HT SYS - Diamonds
Hộp Cơm Điện Lock&Lock EJR226IVY (2 Lít)
1 Kg túi zip chỉ đỏ đựng thực phẩm lựa chọn size
Khay Đáy Gỗ Đức Thành Lớn
Bộ 3 Hộp Thủy Tinh Chịu Nhiệt KOVA KLOCK KV400 (3 x 400ml) Và Túi Giữ Nhiệt
"Bộ 5 Hộp Bảo Quản Hình Chữ Nhật Lock&Lock Bisfree Modular (LBF402 x 4, LBF405 x 1) - Nâu"
Bộ 2 cuộn túi hút chân không một mặt nhám rộng
Hộp Giữ Nhiệt Đựng Thức Ăn Lock&Lock Column Food Jar LHC8023 (1L)
Bộ Hộp Thủy Tinh Vuông HappyCook 3pcs 520ml HCG-03SBE
Hộp Đựng Thức Ăn Đa Năng Bằng Nhựa Loại Nắp Vặn Tròn Blackinner GR01 - Ba Dung Tích - Hàng Chính Hãng
Bộ Hộp Cơm Giữ Nhiệt Lock&Lock LHC8016S4
"Lọ xay tiêu cầm tay Lock&Lock CKO115 140ml  -  Hàng chính hãng - Lọ bằng thủy tinh, lưỡi dao bằng sứ xay nhuyễn tốt, nắp bằng gỗ sồi, tiện dụng, dễ sử dụng"
Bộ 3 thố sứ (giao màu ngẫu nhiên)
Combo 12 Hủ Yaourt Thuỷ Tinh 100ml Cao Cấp In Hình Chú Voi Làm Sữa Chua
Bộ 5 Hộp Thủy Tinh Hình Vuông Lock&Lock Euro Steam Hole LLG224TS5
Hộp Đựng Cơm Cà Men Giữ Nhiệt 3 Tầng Happy Cook Chất Liệu Gốm Sứ Chịu Nhiệt 1400 Độ C Tặng Túi Đựng Giữ Nhiệt Cao Cấp -Hàng Chính Hãng
"Hộp cơm văn phòng 3 ngăn lúa mạch tặng kèm bộ đũa thìa inox cao cấp, hộp đựng cơm du lịch an toàn sức khỏe"
Khay đựng trứng 24 quả Song Long
Lọ đựng gia vị - Hũ gia vị kèm muỗng không thể thiếu trong gia đình
"Bộ 3 Hộp Thủy Tinh Lock&Lock Euro LLG428S03 (LLG428 x 1, LLG831 x 2)"
"Thùng đựng gạo thông minh 10kg HT SYS - COCO - E2005, thiết kế dạng nhấn nút, chất liệu ABS cao cấp (giao màu ngẫu nhiên)"
"Chai dầu, Lọ, Bình đựng dầu ăn thủy tinh 500ml hình Bình Sữa Oil Can đựng dầu ăn, giấm, nước tương, nước mắm, gia vị, miệng vòi nhỏ giọt - 212"
Hộp đựng gia vị 3 hủ 
Hộp đựng cơm thủy tinh cao cấp 2 ngăn ( Giao màu ngẫu nhiên)
Bộ 2 hũ xay tiêu thủy tinh CKO115S2 140ml Lock&Lock - Màu đen & trắng
Rổ inox gác bồn rửa chén inox 304 màu trắng kích thước 42 * 25 * 11.5cm
Thau Inox 304 - Size 34cm
Chum sành đựng rượu gạo loại 20L gốm sứ Bát Tràng
Hộp đựng trứng 24 quả cao cấp - HDTS
"Set 6  hũ thủy tinh đựng sữa chua, Flan 100ml"
"Hộp đựng cơm văn phòng 3 tầng 900ML- Hộp cơm lúa mạch 3 ngăn 18x8x11cm, kèm nĩa và muỗng, chất liệu nhựa cao cấp, không độc hại, an toàn cho sức khỏe người dùng giao màu ngẫu nhiên+ Tặng kèm hình dán"
"Bộ 3 Hộp Đựng Thực Phẩm, Thức Ăn Bằng Nhựa Cao Cấp Hokkaido Inochi Nhật Bản - Đảm bảo an toàn cho sức khỏe - Hình Chữ Nhật - Nhiều Size - Nhiều Màu"
Bộ 2 Hộp Cơm Thủy Tinh Văn Phòng Chịu Nhiệt Kèm Túi Giữ Nhiệt Và Bộ Thìa Đũa Inox
Khay inox gắn vòi nước cao cấp
"Bộ 50 hộp nhựa vuông 500ml đựng thực phẩm bảo quản trong tủ lạnh, đựng kimchi-Song Long"
"combo 8 hũ thủy tinh 100ml nắp thiếc vàng vặn – hủ 100ml đựng yến chưng, dầu dừa, gia vị"
"Hộp cơm mini, Hộp cơm tự nấu chín, Hộp đựng cơm giữ nhiệt, hôp đựng cơm có ngăn, hộp cơm điện nhỏ gọn"
Khay Đựng Son 24 Ô
BỘ 5 HỘP LƯU MẪU THỨC ĂN-HỘP BÔNG GÒN SIZE đủ size
"Combo 3 rổ inox ( 37x27, 29x21, 37x12x5,5 )"
Rổ Quay Rau Tupperware Spinner
Hộp nhựa đựng thực phẩm Nakaya 3L (24.1×17.6×9.1cm)
"Hộp đựng cơm lúa mạch sử dụng được với lò vi sóng, có 3 TẦNG kèm thìa và nĩa"
"combo 10 hũ thủy tinh 100ml mẫu con ong nắp thiếc đen vặn – hủ đựng mật ong, yến chưng, gia vị, sữa chua"
Bộ 5 Thố Thủy Tinh Có Nắp Đậy Cao Cấp (Màu Ngẫu Nhiên)
"Chai Xịt Thủy Tinh Đựng Dầu, Dấm 20x5cm -100ml"
"Sét 12 hũ thủy tinh đựng carame, sữa chua, chưng yến nắp xoáy 100ml"
Khay Inox 304 GN 1/1 EAST Nhập Khẩu
Combo 10 Rổ Chữ Nhật Cao nhựa Duy Tân 17 cm -> 34 cm – Màu ngẫu nhiên
"Combo 20 Hũ Thủy Tinh Nắp Thiếc vặn 120ML - Hũ thủy tinh 120ML đựng Yến chưng, Hủ thủy tinh đựng dầu dừa, hũ gia vị"
Bộ 2 cuộn túi hút chân không cao cấp 1 mặt nhám - cuộn dài 5m (có nhiều size kích thước khác nhau)
Hộp đựng cơm 3 tầng 
Rổ đựng đồ đa năng có nắp đậy
Bộ 16 hộp trữ đông thực phẩm Tupperware
Hộp Cơm Văn Phòng Bột Lúa Mì + Bộ Muỗng Nĩa  ( hộp đựng cơm )
Thùng đựng gạo cao cấp tiện lợi ( giao mầu ngẫu nhiên )
Túi Hút Chân Không Định Hình B1D--Rep. Hàng chính hãng SGE Thailand
Hộp nhựa đựng Kimchi 12L - 16L - Màu Nâu
Bộ bình đựng dầu và gia vị cao cấp - quà tặng tân gia - 86017
Bộ 3 Hũ Thủy Tinh Có Tay Cầm 850ml KOVA  HTC
" KHAY GỖ (BỘ 2 KHAY) KT: 37x18x2cm, GỖ TỰ NHIÊN - NGUYÊN KHỐI  - SƠN PU TỰ NHIÊN"
Khay gỗ trang trí
"Chai đựng dầu ăn, nước mắm, mật ong cao cấp bằng thủy tinh trong suốt dành cho nhà bếp"
Bộ 3 rổ nhựa đựng đồ đa năng
"Bộ 10 hộp nhựa vuông 1000ml đựng thực phẩm bảo quản trong tủ lạnh, đựng kimchi-Song Long"
"combo 6 hũ thủy tinh lục giác 180ml nắp thiếc đen vặn – hủ thuỷ tinh đựng mật ong, yến chưng, dầu dừa, sữa chua, thực phẩm, hũ gia vị"
Set Thau Rổ Inox 304 
"Thùng gạo thông minh Nhật Bản GL881, Thể tích 12kg. Tặng kèm môi dừa xới cơm."
Hộp Đựng Cơm Giữ Nhiệt 3 Tầng 2 Lớp Inox 304 Chống Gỉ Và Tràn Kiểu Dáng Sang Trọng
Túi đựng thực phẩm tự hủy sinh học An Lành 20x30cmx1kg
Hộp Cơm Giả Gỗ 2 Tầng Hình Vuông Phong Cách Nhật Dung Tích 1400ml
Rỗ inox dày
Rổ đựng đồ đa năng có nắp đậy loại bé
Chai thủy tinh nắp vặn Quattro 1000ml (Bormioli Rocco)
Thùng Giữ Nhiệt Coleman - 28.4L 
Hũ Sứ Đựng Muối Dưa Cà - 1 lít- Gốm Sứ Nhật Cao Cấp
Rổ nan thưa inox dày loại lớn 27cm để ráo nước trái cây và đồ chiên cao cấp RNT01 – Gia dụng bếp
"Set 6 hũ thủy tinh sọc nắp nhôm miệng rộng 250ml, hũ đựng bánh FLan, sữa chua, đựng thực phẩm"
Bộ 17 hộp đựng thực phẩm cao cấp – Phương Thức Bảo Quản Thực Phẩm Thông Minh
"Khay ăn dặm cho bé hình Gấu 3 ngăn kèm thìa dĩa, bát ăn dặm lúa mạch đựng đồ ăn an toàn, tiện dụng - GIAO MÀU NGẪU NHIÊN"
Cặp lồng cơm 4 tầng Lock&Lock HPL772 cỡ S 520ml
Hộp Cơm Gỗ Bento Phong Cách Nhật Bản - Chế Tác Thủ Công Từ Gỗ Liễu Sam
Thùng nhựa vuông đa năng 90L có bánh xe (quai màu ngẫu nhiên)
Chum Sành Đựng Rượu
Khay gỗ tròn đa năng đựng thức ăn decor Vintage ( 20cm - 25cm - 30cm )
Chai Thủy Tinh Đựng Gia Vị 500ml
Túi Tự Hủy Sinh Học Có Quai Đa Năng an toàn cho sức khỏe người sử dụng SOJI INOCHI - Nhiều Size
Bộ Rổ Thau Nhựa Cao Cấp An Toàn (giao màu ngẫu nhiên)
"Hộp cơm điện - hộp đựng cơm, hộp cơm điện mini, hộp cơm đa năng tự nấu chín"
Thùng đựng gạo Tashing Plastic 10kg
"Hộp Đựng, Bảo Quản Trứng Dùng Trong Tủ Lạnh (Đựng 15 Quả Trứng)"
Bộ 2 hộp trữ đông freezermate Tupperware 250ml - tặng 1 hộp Snack Cup
Thùng tròn có nắp 25 lít Duy Tân 629 (36.5 x 35.5 x 38 cm) giao màu ngẫu nhiên thùng đựng gạo thực phẩm 
Bình Đá Matsu Duy Tân Có Vòi - 12 Lít
Cặp lồng đựng cơm Văn Phòng hai Ngăn nhựa Lúa mạch cao cấp - Màu Ngẫu nhiên
bộ 6 hộp trữ đông 650ml
Bộ 2 Hũ Thủy Tinh Tròn Kova Có Khóa 700ml
Hũ Sứ Đựng Gạo Tráng Men Có Quai
Túi Hút Chân Không Opp/Pe  Ba Biên (1Kg)
Bộ 12 hũ thủy tinh làm sữa chua( màu ngẫu nhiên)
Bộ 5 khay đựng cơm có nắp
"Hộp Cơm Trưa Chia Ngăn, Có Hộp Nước Chấm Riêng Tặng Kèm Muỗng"
2KG TÚI NILON PE TRẮNG SIZE 80x100CM
Hộp cơm hâm nóng thực phẩm và nấu cơm ST 2760 - Mầu ngẫu nhiên
Hộp đựng thực phẩm để tủ lạnh 17 hộp
COMBO 2 HỘP ĐỰNG HÀNH LÁ RAU CỦ THỰC PHẨM
"Rổ thu gọn gác bồn rửa bát chén gấp gọn HOBBY KCD4 Inox 304 - không rỉ sét - co giãn được - đựng rau quả, chén bát"
Hộp Quai Matsu Trung Duy Tân No.1125 (3700ml) – Giao màu ngẫu nhiên
"COMBO 3 HŨ THỦY TINH TRÒN 500ML NẮP NHÔM MIỆNG RỘNG ĐỰNG ĐỒ KHÔ, THỰC PHẨM, GIA VỊ"
Combo 2 rổ đựng đồ đa năng có nắp đậy - 42x29.5x22.3(cm) giao màu ngẫu nhiên
CaMen Đựng Cơm 1L9 Có Quai Giữ Nhiệt Tốt Chống Tràn Đổ
Bộ 2 Hũ Thủy Tinh Có Tay Cầm 500ml KOVA HTC
Hộp đựng thực phẩm 2L nắp dẻo nội địa Nhật Bản
Hộp Cơm Giữ Nhiệt 3 Tâng Cao Cấp
Khay sâu Inox
Hộp Cơm Văn Phòng Hiện Đại Tặng Kèm Hộp Đựng Soup Và Muỗng Đũa
HỘP ĐỰNG THỨC ĂN GIỮ NHIỆT
Rổ nhựa đựng đồ đa năng Inomata 4 màu (Cỡ lớn) - Hàng nội địa Nhật
Bộ Thau Rổ 3.5L Nội Địa Nhật Tặng Khăn Lau Bếp
Nồi cơm điện mini Meiyun B12-A 1.2 lít nấu cơm hâm nóng nấu cháo hầm sữa
Hộp Cơm Điện 3 Tầng Cao Cấp Bear DFH-S2358 - Hàng chính hãng
Mẹt tre hình tròn trắng
Túi đựng thực phẩm sinh học 1500 gram Size 35x45cm
"Khay Ăn 3 Ngăn Cho Bé Có Kèm Khay Để Cốc, Thìa Dĩa - Màu Xanh - Nội Địa Nhật Bản"
Bộ Thau Rổ Nhựa Cao Cấp Yoko Nhật Bản Size 23cm
Khay gỗ tròn Acacia
1kg Túi zipper mặt bạc mặt trong
combo 12 hũ thủy tinh đựng sữa chua 100ml mẫu Trụ Tròn Vát eo - nắp nhựa – hủ yaourt thủy tinh siêu trong
Sét 3 hộp bảo quản thực phẩm 
KHAY ĐỰNG BÁNH KẸO HOA QUẢ SỨ CAMELIA CÓ GIÁ ĐỠ BẰNG KIM LOẠI MẠ VÀNG  - ANTH400
Combo 12 Hủ Thủy Tinh Làm Sửa Chua Bánh Flan Rau Câu Đa Năng - Dày Dặn Trong Suốt Nắp Nhựa
Mâm cơm inox 304 Vietcook cao cấp
Bộ Hộp Cơm thủy tinh 3 ngăn cao cấp + Thố thủy tinh tròn 600 ml + Túi giữ nhiệt hoa văn cá + Bộ muỗng nĩa Inox tiện lợi - Màu sắc giao ngẫu nhiên 
Túi Zip Đựng Thực Phẩm SHINWA size L 8 cái
Bộ 3 Bát Sứ Hút Chân Không Cao Cấp
Rổ Quay Rau Sống - Nội Địa Nhật Bản
Hộp cơm cắm điện hâm nóng 3 tầng PlayBear DFH2019 Tặng bộ thìa đũa dĩa inox có hộp
Rổ Đựng Đồ Lỗ Vuông Màu Trắng Nội Địa Nhật Bản
Bộ 4 Chai Thủy Tinh Đựng Gia Vị 330ml Gioăng Kín Có Thìa
Dụng cụ chứa đồ ăn dặm (khay 12 ngăn & 10 hộp 50ml) + tặng 5 zipper 10x15cm
Bộ Hộp Cơm Tupperware dùng trong Lò Vi Sóng Reheatable Divided
Hộp đựng cơm lúa mạch
"Bộ rổ inox 5 món -  1 rổ, 4 chậu  - Tặng 1 lọ tinh dầu Quế"
Hộp Cơm Hâm Nóng Và Giữ Nhiệt RW-01
Thùng Giữ Nhiệt Coleman 5205A753G - 4.7L -Flipid 6 Personal Cooler
Thùng Đá Việt Nhật 60 Lít - Màu Ngẫu Nhiên
Combo 6 hộp đựng đồ ăn dặm nắp dẻo 190ml kèm 2 zipper 12cm
Hộp Đựng Cơm Văn Phòng KOMAX Hàn Quốc 41102
Hộp Nhựa Chữ Nhật Komax 71507 5.2L
"Thùng nhựa công nghiệp 75l đựng đồ đa năng có nắp đậy, có bánh xe Song Long- màu ngẫu nghiên"
Bộ 10 chai nhựa vòi xịt phun sương 100ml
Thùng Đựng Gạo Thông Minh 15kg 
Gói hút ẩm dùng cho thực phẩm 100cc (120 gói)
CAMEN GIỮ NHIỆT PICNIC ZEBRA 1L - 152435
KHAY ĐỰNG BÁNH KẸO HOA QUẢ 3 TẦNG NHỰA TRONG
Rổ quay rau sống 6L Nội địa Nhật Bản
Rổ nhựa đựng vật dụng 
Lọ Hũ thủy tinh nắp vặn Quattro Stagion 250ml (Bormioli Rocco)
Bộ 6 Hũ Làm Sữa Chua Pudding Bằng Thủy Tinh Có Nắp Tiện Ích Hàng VNCLC
Cà men giữ nhiệt inox 3 tầng họa tiết chấm bi
Thùng đựng gạo 15kg tiện dụng cho nhà bếp - Màu ngẫu nhiên
Thau chậu nhựa tròn Sanada Jabu Ag+ 3L hàng nội địa Nhật Bản
Thau trộn salad inox cao cấp dung tích 2L2 cao cấp TI01  – Gia dụng bếp
Lọ Thủy Tinh Nắp Cài 
Túi Hút Chân Không Bluestone VBB-2121
Combo 02 Rổ nhựa đựng đồ gia dụng DKW Sang Ah - Nhập khẩu Thái Lan
"Combo 5 Thùng chữ nhật Duy Tân 10 lít No.H115 ( 41,2 x 27,2 x 14,5cm)"
Khay Gỗ Hình Vuông Trơn Không Tay Cầm - Đồ Gỗ Nhà Bếp Thương Hiệu Trường Sơn
Bộ 3 Hũ Thủy Tinh Đựng Thực Phẩm Có Nắp Đựng Cao Cấp
Bộ 3 Bát Lúa Mạch có nắp đậy - Màu Ngẫu Nhiên
Khay đựng thức ăn giữ nhiệt chống ruồi muỗi 4 tầng
Hộp thuỷ tinh chia 3 ngăn Lebenlang 1040ml LBV332
Khay Đựng Thức Ăn Dặm Cho Bé
"Combo 12 lọ thủy tinh nhỏ 50ml mẫu Tròn Dẹt kiểu Nghiêng - nắp nhựa màu bạc - hũ nhỏ đựng mật ong, sữa ong chúa, thực phẩm, mỹ phẩm"
"Bộ 3 hũ, lọ đựng gia vị ( màu ngẩu nhiên)"
"Rổ Ăn Lẩu 4 Ngăn Đựng Rau, Hoa Quả Tiện Lợi Đẹp Mắt-Màu Ngẫu NHiên"
Hộp giữ nhiệt Mini Thermos 250ml Tupperware 
Hộp cơm lúa mạch kèm bộ đũa thìa - HCLM
"Hủ đựng gia vị, ngũ cốc 5 tầng trong suốt dạng tròn tiết kiệm không gian"
Hũ thủy tinh tay cầm SAPATA nắp vặn 450ml
"Chai Đựng Dầu Ăn, Nước Mắm, Xì Dầu Bằng Thuỷ Tinh"
"Hộp giữ nhiệt Tupperware Stacking Thermal  350ml, Túi Đựng"
Hộp cơm điện - Hộp đựng cơm văn phòng - Hộp đựng cơm đa năng - Cặp lồng cơm giữ nhiệt ( màu ngẫu nhiên )
Bộ 3 lọ đựng gia vị thủy tinh 55403
Hộp có nắp 28x21x6cm Cookever
Bộ giỏ inox đa năng 554260
Mẹt tre hun khói 
Combo 25 hủ sữa chua nhựa dày
"Combo 2 Hũ Thủy Tinh Luminarc Rondo Ice Blue J1848 + J1849 - 0.5 Lít + 0,7 Lít"
Hũ đựng rượu gạo tài lộc Bát Tràng loại 15L (10Kg gạo)
Khay đế gỗ Pizza tròn có tay cầm
Bộ 8 lọ đựng gia vị cao cấp có kệ xoay
Hộp cơm giữ nhiệt 4 tầng lúa mạch cao cấp dung tích 2800ml – Giao màu ngẫu nhiên
"combo 8 hũ thủy tinh 120ml nắp thiếc vàng vặn – hủ 120ml đựng tổ yến chưng, dầu dừa, gia vị"
Thố Sứ Cao Cấp - Liễn Cơm Gia Đình
Bộ Hộp Trữ Đông Freezermate Gen II (5 hộp)
Thùng đựng gạo cao cấp tiện lợi ( giao mầu ngẫu nhiên )
Hộp dùng trong lò vi sóng Crystalwave 800ml Tupperware
Rổ úp bát đĩa silicon gấp gọn
Hộp Cơm 2 Tầng Lúa Mạch Lõi Inox Tiện Dụng
Túi Zip Đựng Thực Phẩm SHINWA size M 10 cái
Hộp đựng ngăn mát hoặc đồ khô Tupperware Medium Square 1lit
Hộp Thủy Tinh Chịu Nhiệt Hình Chữ Nhật Lock&Lock LLG942 1300ml (Nắp màu ngẫu nhiên)
"Chum sành đựng rượu, gạo loại 15L gốm sứ Bát Tràng"
Ly ăn mì tiện lợi inox 304 kèm muỗng ăn mì -900ml
Combo 2 rổ tròn đựng hoa quả silicon gấp gọn màu xanh lá
Mẹt tre kèm màn bảo quản đồ ăn
"Bộ 3 hộp đựng thực phẩm 3L cỡ lớn nắp kín dùng cho quán ăn, nhà hàng Nội địa Nhật Bản"
hủ nhựa pet đựng thực phẩm ( bộ 5 hủ)
Rổ úp bát đĩa có nắp Inomata nội địa Nhật Bản
Bộ 3 hộp cơm thủy tinh hình vuông Nhật Pháp (320 + 520 + 800ml)
Mâm cơm tròn inox Rainy cao cấp - Hàng Chính hãng
Khay đựng đồ ăn dặm 8 ngăn có nắp
Thau inox 304 
Rổ Đựng Thức Ăn RISATORP
 Bộ 2 hộp đựng trứng bảo quản trong tủ lạnh - Hàng Nội Địa Nhật
"Khay Nhựa Úp Cốc, Ly, Chén - Nội Địa Nhật Bản"
Combo 02 Hộp đựng gia vị Inomata - Nội địa Nhật Bản
Hộp Đựng Cơm Lúa Mạch 3 Tầng
Hũ Thủy Tinh Kilner Kiểu Cổ Điển 1000ml
THÙNG ĐỰNG GẠO THÔNG MINH 25 KG 
"Bộ 5 Lọ Thủy Tinh Nắp Gỗ 500ML, 600ML"
cặp lồng / hộp cơm INOX siêu giữ nhiệt 3 tầng hình mặt cười  2.1 lít  ( giao màu ngẫu nhiên)+ tặng kèm set 6 khuôn tạo hình đồ ăn cho bé
Lọ gia vị thủy tinh cao cấp dành cho nhà bếp của gia đình bạn thêm xinh xắn GD282-LoGV
Combo 2 rổ nhựa kèm chậu 2 trong 1 có nắp đậy - Giao màu ngẫu nhiên
Hộp trữ Đông Tupperware 2.3l
Bộ hộp đựng thực phẩm 17 món
Khay topping inox 304 chữ nhật 1/4
"Hộp Cơm Điện Văn Phòng Giữ Nhiệt, Hâm Nóng Cao Cấp H250 - Nhựa nguyên sinh PP + Khay 3 ngăn Inox 304, tặng kèm thìa & dĩa."
"Bộ 3 Hộp Đựng Thực Phẩm, Thức Ăn Bằng Nhựa Cao Cấp Hokkaido Inochi Nhật Bản - Đảm bảo an toàn cho sức khỏe - Hình Tròn - Nhiều Size - Nhiều Màu"
Bộ 3 hộp cơm thủy tinh (380ml) The Glass Hàn Quốc kèm túi giữ nhiệt Hồng Hạc
"Thùng đựng gạo 12kg kèm cốc vo gạo tiện dụng giao màu ngẫu nhiên ( Tặng kẹp gắp trứng , rau củ quả như hình )"
Khay bánh 3 tầng bằng sứ khung hợp kim sang trọng
Bộ 3 hộp đựng thực phẩm bằng nhựa PP cao cấp loại 2.6L - Hàng nội địa Nhật
Hộp trữ mát Tupperware Large Stak N Stor 2.2L
Bộ 3 thố sứ có nắp đậy chân không - có tay cầm -Giao hoa văn ngẫu nhiên
Hộp cơm giữ nhiệt đa năng
Thùng đựng đá
Thố Inox Có Nắp Zebra 123016 (16cm)
Combo 3 Cuộn Túi Đựng Thực Phẩm Laspalms TDTP00006835 (20 x 30 cm)
Hũ thủy tinh tròn Kilner 1L
Set 10 hộp trữ thực phẩm Midget Tupperware
Combo 4 Dụng cụ Kẹp Niêm Phong Túi Đựng Thực Phẩm Tiện Lợi
Hũ thủy tinh vuông 500ml nắp thiếc
"Combo 2 hũ thủy tinh 750ml mẫu con ong nắp thiếc đen vặn – hủ đựng mật ong, yến chưng, dầu dừa, gia vị, sữa chua"
Bộ rổ inox 304 New star  27cm
Cặp lồng cơm giữ nhiệt inox 3 tầng HC2019
Bộ 4 hộp trữ mát Stak N Stor Tupperware 
Bộ 6 lọ thủy tinh đựng gia vị kèm giá xoay 360 THIÊN HƯƠNG
Cặp lồng inox trắng dày dặn cao cấp giữ nhiệt dung tích 2L
Khay Hấp Đồ Ăn Kiểu 2
1kg Túi bóng kiếng làm sữa chua tại nhà
Khay mây tre đan đựng đồ tiện dụng|Hình bầu dục| Hàng thủ công thân thiện môi trường
"Hộp Đựng Thực Phẩm Thủy Tinh Nắp Gỗ, Lọ Thủy Tinh Với Chất Liệu Thủy Tinh Cao Cấp Độ Bền Cao Nắp Gỗ Cực Khít Chống Thấm Và Chống Ẩm Tuyệt Đối (Nhiều Kích Thước)"
"combo 5 khay inox đựng thạch 10x17 cao 6,5cm có nắp"
Set 4 hộp trữ đông Freezermate 820ml
"Combo 3 Khay Đựng Thức Ăn Dặm, Trái Cây, Làm Đá 8 Viên Có Nắp Đậy Tiện Ích"
Hộp Đựng Cơm Chấm Bi 1 Tầng (giao màu ngẫu nhiên)
 Lọ gia vị tròn kèm muỗng LGV320
Combo 2 Khay đựng cơm phần Duy Tân
Hộp đựng cơm 4 ngăn inox tiện ích cho văn phòng (tặng kèm thìa đũa)
Túi Giữ Nhiệt Cao Cấp Enjoy and Cate - Túi Đựng Thực Phẩm Nhỏ Gọn Thời Trang - Phù Hợp Cả Nam Lẫn Nữ - Vải Oxford Cao Cấp - Kích Thước 18cm*18cm*24cm
1kg Túi OPP dán miệng trong suốt
Thau Inox Zebra 135021 (21cm)
Hộp Cơm Cà Men Giữ Nhiệt Inox 304 3 Tầng Tròn 2 Lớp Chống Gỉ Nhật Bản
"Set 06 Hũ thủy tinh vuông 50ml đựng gia vị, thực phẩm, dầu dừa..."
"BÌNH XỊT DẦU MISTO, KITCHEN CRAFT"
Rổ inox dày size 37x27
THÙNG GIỮ NHIỆT 25L SONG LONG - MÀU NGẪU NHIÊN
Ly ăn mì tiện lợi inox 304 kèm muỗng ăn mì -1200ml
Thùng Giữ Nhiệt Coleman 20 lon - Cooler 20 Can Stacker
Hũ thủy tinh nắp vặn Quattro 200ml (Bormioli Rocco)
"Khay phục vụ size lớn dạng tròn chống trơn, trượt nhựa cao cấp KV01 – Gia dụng bếp"
"Set 3 thau nhựa ,rổ inox 304 (Xanh dương) - 24.5cm 21.5cm 19cm"
"Bộ 4 Khay Đựng Đồ Dùng, Đựng Thực Phẩm Để Tủ Lạnh size Lớn - Tiết Kiệm Không Gian Cho Tủ lạnh Nhà Bạn"
HỘP ĐỰNG CƠM BẰNG NHỰA CÓ NHIỀU NGĂN - HỘP ĐỰNG CƠM TRƯA AN TOÀN (Giao Hàng Theo Mẫu Ngẫu Nhiên)
"Khay gương trang trí, đựng đồ trang sức, decor sang trọng"
"Cặp Lồng Inox Trắng Cao Cấp Siêu Bền Dung Tích 1,4L Hoặc 2,0L"
Bộ 5 Hộp Thủy Tinh Tròn Glasslock GL9996 
SÉT 3 LỌ THỦY TINH ĐỰNG GIA VỊ (GIAO NGẪU NHIÊN MẪU)
Thùng Đá Duy Tân (45L)
"Bát úp mì lúa mạch có nắp đậy hình MÈO, tô đựng đồ ăn an toàn tiện dụng"
Rổ nhựa kèm chậu đa năng có lỗ thoát nước 32x29x12cm
Hũ đựng gạo vẽ phong cảnh gốm sứ Bát Tràng loại 15L ( 10Kg gạo)
Khay Ăn Dặm Lúa Mạch 3 Ngăn 6 Món Cho Bé Tập Ăn (giao màu ngẫu nhiên)
HỦ THỦY TINH ĐỰNG GIA VỊ HÀNG CAO CẤP 
Thùng đựng gạo thông minh SAMICK Hàn Quốc SR-22W (22kg)
Hũ Thủy Tinh Nắp Cài Kín Hơi Fido Bormioli Rocco 125ml
HỘP CƠM LÚA MẠCH HÌNH GẤU
"Hộp Cơm Cắm Điện, Giữ Nhiệt - 4 Ngăn Tiện Dụng - Chất Liệu An Toàn Cho Người Sử Dụng, Thân Thiện Với Môi Trường"
Combo 2 Thùng vuông 55 lít - có bánh xe Duy Tân No.748 (61 x 43 x 32 cm)
bộ 2 giỏ nhựa đựng đồ Hàn Quốc 79 Song Long- nhiều màu sắc
Hũ Thủy Tinh Làm Sữa Chua 100ml ( 24 chiếc )
Ly Ăn Mì Nắp Đậy Hình Mèo Cute
"Hộp Đựng Cơm KOMAX, Đồ Ăn Dã Ngoại Có Quai Xách Hàn Quốc 2 Ngăn"
Hộp Cơm Giữ Nhiệt Inox 304 3 Tầng Tròn 2 Lớp Chống Gỉ Và Tràn Đổ
Thùng Đựng Gạo Thông Minh Apollo NV - 22 - Xám Nhạt (22kg)
Rổ nhựa kèm chậu đa năng 20x9cm
Túi giữ nhiệt giao trà sữa 24 ly màu đỏ
Hũ sành đựng gạo tài lộc gốm sứ Bát Tràng 
Thau Vo Gạo Nakaya K127 Nhật Bản
Hộp thủy tinh chữ nhật 2 ngăn
Hộp cơm 3 tầng Zhengbangle
Rổ úp chén bát  inox 304 - 29cm
Hộp cơm dùng trong lò vi sóng Tupperware Microwave (1L)
Hũ Đựng Gạo Tài Lộc 15Kg
Bộ 2 hộp đựng có vỉ hấp dùng trong lò vi sóng - Hàng nội địa Nhật
Combo 5 Thùng vuông 55 lít - có bánh xe Duy Tân No.748 (61 x 43 x 32 cm)
Hộp Bảo Quản Thực Phẩm Khô Sunhouse KB-DR800P 800ml
Rổ nhựa đựng vật dụng 
Hộp đựng cơm văn phòng giữ nhiệt và bảo quản thức ăn với 4 ngăn inox
Bộ 6 hộp nhựa đựng thực phẩm chữ nhật Inochi (500-750-1000-1500-2000-2500ml)
Rổ Treo Đựng Vật Dụng ECHO METAL
Hộp Đựng Cơm Văn Phòng 4 Ngăn Inox Làm Nóng Nhanh Kèm Đũa Thìa Inox
Hộp đựng thực phẩm thuỷ tinh 550ml Comet CH1858
Ống xay tiêu inox dùng pin AAA sang trọng
Bộ Hộp Cơm Văn Phòng Thủy Tinh Chịu Nhiệt Cao Cấp 03 Hộp - Tặng Kèm Túi Xách (Màu Hồng)
Khay Cơm 5 Ngăn Sâu Nắp INOX Tặng 1 ly Mika
RỔ ĐỂ RÁO CHẬU RỬA BÁT
Hộp Đựng Cơm Giữ Nhiệt Inox 304 Chống Gỉ 2 Tầng 2 Lớp Cao Cấp
Cặp lồng cơm cắm điện 1.5L
"combo 10 hũ thủy tinh nhỏ mẫu lục giác 80ml nắp thiếc vàng vặn – hủ thuỷ tinh đựng mật ong, yến chưng, dầu dừa, thức uống, sữa chua, thực phẩm, hũ gia vị"
Khay hộp đựng cơm trưa văn phòng-Nồi hâm nóng thức ăn cắm điện
Bộ Thau Rổ Nhựa Cao Cấp Yoko Nhật Bản Size 35cm
Bộ Đựng Thức Ăn Tròn 5 Món Có Nắp Hút Chân Không
Cặp lồng giữ nhiệt lúa mạch 4 tầng tiện ích - giao màu ngẫu nhiên
12 Hũ làm chữa chua thủy tinh 100ml
Rổ đựng trái cây/ hoa quả cao cấp
Hộp cơm giữ nhiệt 2 tầng lõi inox HT SYS - HORLY - Màu Xanh Dương
Bình xịt dầu ăn INOX 304 DUNG TÍCH 100ml
17 Hộp nhựa đựng thực phẩm
Combo 04 hộp nhựa cao cấp bảo quản thực phẩm Nakaya hình chữ nhật (Full size) - Nội địa Nhật Bản
Khay Inox 304 GN 1/1 EAST T001
Khay thủy tinh 095
Giỏ trái cây 3 tầng - Giỏ trái cây mạ vàng cao cấp
Hộp đựng cơm inox 304 ( Kèm muỗng - đũa ) - 24x16x6.7cm 510g
Bộ hũ đựng gia vị 6 món bằng sứ Ceramic (Tặng kèm kệ và muỗng sứ) E521
Bộ Khay đựng đồ ăn kèm phụ kiện bằng Lúa Mạch Xinh Xắn (giao màu ngẫu nhiên)
LỌ XAY TIÊU ELMICH 2357155 [EL-7155] - HÀNG NHẬP KHẨU CHÍNH HÃNG
Combo 2 hộp đựng thực phẩm chia ngăn 700ml + tặng kèm 5 zipper 12x17cm
Hộp cơm điện 4 bát gốm sứ 2 tầng
Hộp Đựng Cơm La Gourmet Millennium (900ml)-357144
BỘ 3 ĐỰNG GIA VỊ THỦY TINH
Thùng chữ nhật 45 lít Duy Tân No.0997 (63.4 x 42.7 x 23.9 cm) - Giao quai màu ngẫu nhiên
"Khay inox đựng trái cây, đựng đồ, ...."
"combo 8 hũ thủy tinh 70ml nắp thiếc vàng vặn - hủ nhỏ đựng tổ yến chưng, dầu dừa, gia vị"
Thùng đựng gạo nhà bếp thông minh-giao màu ngẫu nhiên
Hũ Gia Vị 6 Lọ Thủy Tinh Xoay Tròn Đế Đen Cao Cấp Tiện Lợi 
"Hộp đựng cơm 2 tầng có quai xách, kèm muỗng- Hộp đựng cơm văn phòng 19.5x13x7.6cm, chất liệu nhưa lúa mạch an toàn cho sức khỏe người dùng, thân thiện với môi trường, giao màu ngẫu nhiên+ Tặng kèm hình dán"
BỘ 23 HỘP BQTP ĐÔNG MÁT TUPPERWARE
Bộ 3 Hũ Thuỷ Tinh Luminarc Rondo Smile (Màu Ngẫu Nhiên) - 0.5L
Bộ 3 Hộp Thuỷ Tinh Luminarc Pure Active Chữ Nhật 385ml - L1958
Hộp Nhựa Dẻo PP Có Nắp Để Thức Ăn Vào Tủ Lạnh Sử Dụng Được Lò Vi Sóng
Thố Hấp Rau Quả Lò Viba Tashuan TS-325 - Hàng Chính Hãng
Combo 190 túi nilon đựng thực phẩm (50 túi 25x35cm & 140 túi 18x25cm) + tặng 5 zipper
Hộp cơm văn phòng tự nấu chín đa năng CG ZG-MD628
Hộp Đựng Gia Vị 3 Hủ Có Nắp (Giao Màu Ngẫu Nhiên)
Combo Hộp thực phẩm vuông 1600ml Inomata
Khay Chống Trượt Tròn (30cm)
Hủ Thủy Tinh Đựng Thực Phẩm 900ML S3835
Set 5 bình đựng gia vị thủy tinh tặng miếng rửa bát silico
"Bộ Hộp Cơm Giữ Nhiệt Lock&Lock Easy Carry 2L LHC8039 Có Túi (1 Hộp 720ml, 2 Hộp 420ml Kèm 1 Bộ Muỗng Và Nĩa)"
LỒNG BÀN BẢO QUẢN THỰC PHẨM 4 TẦNG CHỊU NHIỆT - FOOD COVER
Hộp đựng cơm thủy tinh cao cấp 3 ngăn ( Giao mầu ngẫu nhiên)
Hộp cơm điện Lock&Lock EJR216 - Hàng Chính Hãng
Hộp Hâm Nóng Arirang Life EL-ALS263 (Tím) 
Hộp cơm giữ nhiệt Lock&Lock LHC8029 (500ml)
Hộp Cơm Giữ Nhiệt INOX304 Hiện Đại Kèm Hộp Đựng Canh Soup
Bộ Hộp Cơm Thủy Tinh Giữ Nhiệt  Văn Phòng Cao Cấp - Kèm Túi Xách và Hộp Đựng Đũa Thìa Home Basics
Bộ Hộp Cơm Giữ Nhiệt Easy Take Lunch Box Lock&Lock LHC8034 (2000ml)
Bộ 3 Hộp Thủy Tinh Chịu Nhiệt KOVA KLOCK KV370 (3 x 370ml) Và Túi Giữ Nhiệt
Bộ Hộp Cơm Giữ Nhiệt Thép Không Gỉ Lock & Lock LHC8031SLV - Bạc
Bộ Hộp Cơm Giữ Nhiệt 2 Lớp 2 Tầng 2 Ngăn INOX304 Thiết Kế Hiện Đại
"Bình Đựng Dầu Ăn, Nước Mắm, Xì Dầu Cao Cấp Tự Động Mở Nắp Khi Rót 600ml"
Hộp Thủy Tinh Luminarc Pure Active Vuông 1.22L
Thùng Đựng Gạo Thông Minh Xuất Khẩu Tashuan TS-3626A (16kg) - Trắng - Hàng Chính Hãng
0.5 kg túi zip chỉ đỏ lựa chọn size
Hộp Đựng Cơm Lúa Mạch 3 Ngăn Kèm Thìa Đũa Inox
Bộ Hộp Cơm Giữ Nhiệt Thủy Tinh Văn Phòng Cao Cấp - Kèm Túi Xách và Hộp Đựng Đũa Thìa - Giao mẫu ngẫu nhiên
Hộp Đựng Gia Vị Lock&Lock Modular HTE571S6 6 Chiếc (3 Chiếc 180ml Và 3 Chiếc 250ml) + Giá Gỗ
Bộ 3 Hộp Thủy Tinh Cường Lực Glasslock 400ml Và 715ml x 2 + Túi Giữ Nhiệt
Bình Đá Duy Tân Icool Màu Nhũ (6 Lít)
"BỘ 3 HỘP NHỰA PP AN TOÀN DÙNG CHỨA ĐỰNG THỰC PHẨM DUNG TÍCH 2000ML,1300ML,830ML"
Thùng nhựa vuông Duy Tân - Có bánh xe
Hộp đựng cơm thủy tinh 3 ngăn HT SYS - Diamonds
Hộp Cơm Điện Lock&Lock EJR226IVY (2 Lít)
1 Kg túi zip chỉ đỏ đựng thực phẩm lựa chọn size
Khay Đáy Gỗ Đức Thành Lớn
Bộ 3 Hộp Thủy Tinh Chịu Nhiệt KOVA KLOCK KV400 (3 x 400ml) Và Túi Giữ Nhiệt
"Bộ 5 Hộp Bảo Quản Hình Chữ Nhật Lock&Lock Bisfree Modular (LBF402 x 4, LBF405 x 1) - Nâu"
Bộ 2 cuộn túi hút chân không một mặt nhám rộng
Hộp Giữ Nhiệt Đựng Thức Ăn Lock&Lock Column Food Jar LHC8023 (1L)
Bộ Hộp Thủy Tinh Vuông HappyCook 3pcs 520ml HCG-03SBE
Hộp Đựng Thức Ăn Đa Năng Bằng Nhựa Loại Nắp Vặn Tròn Blackinner GR01 - Ba Dung Tích - Hàng Chính Hãng
Bộ Hộp Cơm Giữ Nhiệt Lock&Lock LHC8016S4
"Lọ xay tiêu cầm tay Lock&Lock CKO115 140ml  -  Hàng chính hãng - Lọ bằng thủy tinh, lưỡi dao bằng sứ xay nhuyễn tốt, nắp bằng gỗ sồi, tiện dụng, dễ sử dụng"
Bộ 3 thố sứ (giao màu ngẫu nhiên)
Combo 12 Hủ Yaourt Thuỷ Tinh 100ml Cao Cấp In Hình Chú Voi Làm Sữa Chua
Bộ 5 Hộp Thủy Tinh Hình Vuông Lock&Lock Euro Steam Hole LLG224TS5
Hộp Đựng Cơm Cà Men Giữ Nhiệt 3 Tầng Happy Cook Chất Liệu Gốm Sứ Chịu Nhiệt 1400 Độ C Tặng Túi Đựng Giữ Nhiệt Cao Cấp -Hàng Chính Hãng
"Hộp cơm văn phòng 3 ngăn lúa mạch tặng kèm bộ đũa thìa inox cao cấp, hộp đựng cơm du lịch an toàn sức khỏe"
Khay đựng trứng 24 quả Song Long
Lọ đựng gia vị - Hũ gia vị kèm muỗng không thể thiếu trong gia đình
"Bộ 3 Hộp Thủy Tinh Lock&Lock Euro LLG428S03 (LLG428 x 1, LLG831 x 2)"
"Thùng đựng gạo thông minh 10kg HT SYS - COCO - E2005, thiết kế dạng nhấn nút, chất liệu ABS cao cấp (giao màu ngẫu nhiên)"
"Chai dầu, Lọ, Bình đựng dầu ăn thủy tinh 500ml hình Bình Sữa Oil Can đựng dầu ăn, giấm, nước tương, nước mắm, gia vị, miệng vòi nhỏ giọt - 212"
Hộp đựng gia vị 3 hủ 
Hộp đựng cơm thủy tinh cao cấp 2 ngăn ( Giao màu ngẫu nhiên)
Bộ 2 hũ xay tiêu thủy tinh CKO115S2 140ml Lock&Lock - Màu đen & trắng
