"Khung nắn chỉnh cột sống, điều trị thoát vị đĩa đệm, thoái hóa, đau lưng, vai gáy (Giao màu ngẫu nhiên)"
"Dụng cụ hỗ trợ nắn chỉnh cột sống lưng giúp giảm đau lưng, giảm thoái hóa đốt sống, điều trị thoát vị đĩa đệm"
"Khung Nắn Chỉnh Cột Sống, Khung Định Hình Cột Sống, Điều Trị Thoát Vị Đĩa Đệm, Đau Lưng, Vai Gáy, Dụng Cụ Hỗ Trợ Tập Lưng - Chính Hãng miDoctor"
Đai Lưng Gánh Tạ Tập Gym AOLIKES TC-7983
"Khung Nắn Chỉnh Cột Sống, Khung Định Hình Cột Sống, Điều Trị Thoát Vị Đĩa Đệm, Đau Lưng, Vai Gáy, Dụng Cụ Hỗ Trợ Tập Lưng - Chính Hãng Amalife"
Xe đạp tập thể dục tại nhà GoodFit GF001PA
Khung Nắn Chỉnh Cột Sống Phiên Bản MớI Chuẩn Điện Từ - Ưu Điểm : Tác Động Sâu Vào Các Huyệt Chạy Dọc 2 Bên Cột Sống.
Đai Nịt Bụng  Đai Giảm Mỡ Bụng Đa Năng BAZAS BZ05-35Y
"Khung nắn chỉnh định hình, kéo dãn cột sống cổ - diện chuẩn chuyên thoái hóa đốt sống cổ, đau, mỏi nhức cổ"
Bộ 3 Máy Tập Cơ Bụng Massage Xung Điện EMS Body
"Dụng cụ hỗ trợ nắn chỉnh cột sống lưng giúp giảm đau lưng, giảm thoái hóa đốt sống, điều trị thoát vị đĩa đệm"
Bộ Dây Ngũ Sắc Tập Thể Hình Đa năng
"Khung Nắn Chỉnh, Kéo Giãn Đốt Sống Cổ, Hỗ Trợ Thoái Hóa Đốt Sống Cổ, Thoát Vị Đĩa Đệm - Hàng Chính Hãng [Giao màu ngẫu nhiên]."
"Khung Hỗ Trợ Khớp Gối, Nâng Đỡ Đôi Chân Trợ Lực Khớp Gối và Bảo Vệ Đầu Gối PowerKnee "
Dây Thừng Tập Gym Kensport DT38 - Màu Ngẫu Nhiên
Dụng cụ kéo giãn cột sống cổ hỗ trợ trị thóa hóa thoát vị cổ
Xà đơn treo tường 
Đai Nịt Siết Bụng Nam Cao Cấp 105 x 24 cm
Đai Nịt Bụng Đai Giảm Mỡ Bụng Đa Năng BAZAS BZ533 Black
Dây kháng lực tập cơ mông đùi Hip Resistance Bands AOLIKES YE-3603
"Dụng Cụ Massage Tập Lưng Và Hỗ Trợ Cột Sống, Chống Thoái Vị Đĩa Đệm"
Bộ vòng xà tay tập thể dục Ring Dip 
 Dụng Cụ Tập Thể Dục Tại Nhà Đa Năng Tummy Trimmer
Gậy thể dục dưỡng sinh bằng gỗ Sportslink
"Dụng Cụ Tập Cơ Chân, Cơ Đùi, Cơ Bụng Tại Nhà"
Dụng Cụ Tập Chân Tay Đa Năng Giảm Mỡ Đùi Vai Bắp Tay Tại Nhà
"Bộ dụng cụ 5 món tập cơ tay, bụng, hít đất, con lăn - Tập thể dục thể thao toàn diện tại nhà"
"Khung nắn chỉnh hình cột sống và massage diện chuẩn mới nhất - hỗ trợ điều trị thoát vị đĩa đệm, nhức mỏi lưng"
"Dụng Cụ Tập Thể Dục Đa Năng Tại Nhà Dáng Chuẩn, Săn Chắc DC11"
"ĐAI LƯNG MỀM TẬP THỂ HÌNH, GYM"
Dụng cụ tập cơ bụng Tummy NT234
Xà đơn treo tường
"Đai lưng, bụng tập thể hình, tập gym Aolikes AL7995"
"Khung cột sống lưng BackRelaxMate -E02 con lăn diện chẩn từ kéo giãn nắn chỉnh lưng, hỗ trợ tập lưng nắn chỉnh cột sống, điều đau lưng, thoát vị + Tặng bóng gai cao su tập tay chân sau tai biến [Shop TBYT H-Care]"
BG Sàn nhún lò xo cao cấp Trampoline Mẫu 2019 40TL - 40 INCH có tay vịn (100x100cm) - Hàng nhập khẩu
Dụng cụ hỗ trợ tập lưng và cột sống
"Bộ Dụng Cụ Tập Cơ Chân, Tập Thể Hình Tại Nhà Đa Năng"
Máy Tập Tổng Hợp Tay Vai Bụng BG DB-001 - Đen (hàng nhập khẩu)
Bộ dây tập thể dục ngũ sắc
"Ván bập bênh, Ván thăng bằng cho bé, Đồ chơi kỹ năng theo phương pháp giáo dục Montessori, Ván thăng bằng cho người lớn tập Yoga - Joy Roker Board - Gỗ Plywood cao su uốn cong  - Lau dầu thực vật"
Đai chống gù lưng-đai định hình cổ vai gáy-chống thoái hóa size vừa
"Xà đơn Pilates, thiết bị tập yoga, xà đơn thể dục, dây kéo đàn hồi thể dục đa năng, gậy squat tập thể thao tại nhà, thiết bị tập luyện hông"
Dụng Cụ Hỗ Trợ Tập Gym Giảm Mỡ Bụng Cho Vòng Eo Thon
Dụng cụ hỗ trợ tập lưng giúp giảm đau lưng FLO001
Bộ 2 bóng phản xạ boxing treo đầu
Dây nhảy thể dục chính hãng MDBuddy MDJR007
"Dụng Cụ Phục Hồi Chức Năng Tay, Chân TOANANH MS-560 (Dụng Cụ Vật Lý Trị Liệu - Tập Mạnh Tay, Chân)"
 Dây kháng lực đa năng tập Gym tại nhà
"Khung nắn chỉnh cột sống, điều trị thoát vị đĩa đệm, thoái hóa, đau lưng, vai gáy (Giao màu ngẫu nhiên)"
"Dụng cụ hỗ trợ nắn chỉnh cột sống lưng giúp giảm đau lưng, giảm thoái hóa đốt sống, điều trị thoát vị đĩa đệm"
"Khung Nắn Chỉnh Cột Sống, Khung Định Hình Cột Sống, Điều Trị Thoát Vị Đĩa Đệm, Đau Lưng, Vai Gáy, Dụng Cụ Hỗ Trợ Tập Lưng - Chính Hãng miDoctor"
Đai Lưng Gánh Tạ Tập Gym AOLIKES TC-7983
"Khung Nắn Chỉnh Cột Sống, Khung Định Hình Cột Sống, Điều Trị Thoát Vị Đĩa Đệm, Đau Lưng, Vai Gáy, Dụng Cụ Hỗ Trợ Tập Lưng - Chính Hãng Amalife"
Xe đạp tập thể dục tại nhà GoodFit GF001PA
Khung Nắn Chỉnh Cột Sống Phiên Bản MớI Chuẩn Điện Từ - Ưu Điểm : Tác Động Sâu Vào Các Huyệt Chạy Dọc 2 Bên Cột Sống.
Đai Nịt Bụng  Đai Giảm Mỡ Bụng Đa Năng BAZAS BZ05-35Y
"Khung nắn chỉnh định hình, kéo dãn cột sống cổ - diện chuẩn chuyên thoái hóa đốt sống cổ, đau, mỏi nhức cổ"
Bộ 3 Máy Tập Cơ Bụng Massage Xung Điện EMS Body
"Dụng cụ hỗ trợ nắn chỉnh cột sống lưng giúp giảm đau lưng, giảm thoái hóa đốt sống, điều trị thoát vị đĩa đệm"
Bộ Dây Ngũ Sắc Tập Thể Hình Đa năng
"Khung Nắn Chỉnh, Kéo Giãn Đốt Sống Cổ, Hỗ Trợ Thoái Hóa Đốt Sống Cổ, Thoát Vị Đĩa Đệm - Hàng Chính Hãng [Giao màu ngẫu nhiên]."
"Khung Hỗ Trợ Khớp Gối, Nâng Đỡ Đôi Chân Trợ Lực Khớp Gối và Bảo Vệ Đầu Gối PowerKnee "
Dây Thừng Tập Gym Kensport DT38 - Màu Ngẫu Nhiên
Dụng cụ kéo giãn cột sống cổ hỗ trợ trị thóa hóa thoát vị cổ
Xà đơn treo tường 
Đai Nịt Siết Bụng Nam Cao Cấp 105 x 24 cm
Đai Nịt Bụng Đai Giảm Mỡ Bụng Đa Năng BAZAS BZ533 Black
Dây kháng lực tập cơ mông đùi Hip Resistance Bands AOLIKES YE-3603
"Dụng Cụ Massage Tập Lưng Và Hỗ Trợ Cột Sống, Chống Thoái Vị Đĩa Đệm"
Bộ vòng xà tay tập thể dục Ring Dip 
 Dụng Cụ Tập Thể Dục Tại Nhà Đa Năng Tummy Trimmer
Gậy thể dục dưỡng sinh bằng gỗ Sportslink
"Dụng Cụ Tập Cơ Chân, Cơ Đùi, Cơ Bụng Tại Nhà"
Dụng Cụ Tập Chân Tay Đa Năng Giảm Mỡ Đùi Vai Bắp Tay Tại Nhà
"Bộ dụng cụ 5 món tập cơ tay, bụng, hít đất, con lăn - Tập thể dục thể thao toàn diện tại nhà"
"Khung nắn chỉnh hình cột sống và massage diện chuẩn mới nhất - hỗ trợ điều trị thoát vị đĩa đệm, nhức mỏi lưng"
"Dụng Cụ Tập Thể Dục Đa Năng Tại Nhà Dáng Chuẩn, Săn Chắc DC11"
"ĐAI LƯNG MỀM TẬP THỂ HÌNH, GYM"
Dụng cụ tập cơ bụng Tummy NT234
Xà đơn treo tường
"Đai lưng, bụng tập thể hình, tập gym Aolikes AL7995"
"Khung cột sống lưng BackRelaxMate -E02 con lăn diện chẩn từ kéo giãn nắn chỉnh lưng, hỗ trợ tập lưng nắn chỉnh cột sống, điều đau lưng, thoát vị + Tặng bóng gai cao su tập tay chân sau tai biến [Shop TBYT H-Care]"
BG Sàn nhún lò xo cao cấp Trampoline Mẫu 2019 40TL - 40 INCH có tay vịn (100x100cm) - Hàng nhập khẩu
Dụng cụ hỗ trợ tập lưng và cột sống
"Bộ Dụng Cụ Tập Cơ Chân, Tập Thể Hình Tại Nhà Đa Năng"
Máy Tập Tổng Hợp Tay Vai Bụng BG DB-001 - Đen (hàng nhập khẩu)
Bộ dây tập thể dục ngũ sắc
"Ván bập bênh, Ván thăng bằng cho bé, Đồ chơi kỹ năng theo phương pháp giáo dục Montessori, Ván thăng bằng cho người lớn tập Yoga - Joy Roker Board - Gỗ Plywood cao su uốn cong  - Lau dầu thực vật"
Đai chống gù lưng-đai định hình cổ vai gáy-chống thoái hóa size vừa
"Xà đơn Pilates, thiết bị tập yoga, xà đơn thể dục, dây kéo đàn hồi thể dục đa năng, gậy squat tập thể thao tại nhà, thiết bị tập luyện hông"
Dụng Cụ Hỗ Trợ Tập Gym Giảm Mỡ Bụng Cho Vòng Eo Thon
Dụng cụ hỗ trợ tập lưng giúp giảm đau lưng FLO001
Bộ 2 bóng phản xạ boxing treo đầu
Dây nhảy thể dục chính hãng MDBuddy MDJR007
"Dụng Cụ Phục Hồi Chức Năng Tay, Chân TOANANH MS-560 (Dụng Cụ Vật Lý Trị Liệu - Tập Mạnh Tay, Chân)"
 Dây kháng lực đa năng tập Gym tại nhà
"Khung nắn chỉnh cột sống, điều trị thoát vị đĩa đệm, thoái hóa, đau lưng, vai gáy (Giao màu ngẫu nhiên)"
"Dụng cụ hỗ trợ nắn chỉnh cột sống lưng giúp giảm đau lưng, giảm thoái hóa đốt sống, điều trị thoát vị đĩa đệm"
"Khung Nắn Chỉnh Cột Sống, Khung Định Hình Cột Sống, Điều Trị Thoát Vị Đĩa Đệm, Đau Lưng, Vai Gáy, Dụng Cụ Hỗ Trợ Tập Lưng - Chính Hãng miDoctor"
Đai Lưng Gánh Tạ Tập Gym AOLIKES TC-7983
"Khung Nắn Chỉnh Cột Sống, Khung Định Hình Cột Sống, Điều Trị Thoát Vị Đĩa Đệm, Đau Lưng, Vai Gáy, Dụng Cụ Hỗ Trợ Tập Lưng - Chính Hãng Amalife"
Xe đạp tập thể dục tại nhà GoodFit GF001PA
Khung Nắn Chỉnh Cột Sống Phiên Bản MớI Chuẩn Điện Từ - Ưu Điểm : Tác Động Sâu Vào Các Huyệt Chạy Dọc 2 Bên Cột Sống.
Đai Nịt Bụng  Đai Giảm Mỡ Bụng Đa Năng BAZAS BZ05-35Y
"Khung nắn chỉnh định hình, kéo dãn cột sống cổ - diện chuẩn chuyên thoái hóa đốt sống cổ, đau, mỏi nhức cổ"
Bộ 3 Máy Tập Cơ Bụng Massage Xung Điện EMS Body
"Dụng cụ hỗ trợ nắn chỉnh cột sống lưng giúp giảm đau lưng, giảm thoái hóa đốt sống, điều trị thoát vị đĩa đệm"
Bộ Dây Ngũ Sắc Tập Thể Hình Đa năng
"Khung Nắn Chỉnh, Kéo Giãn Đốt Sống Cổ, Hỗ Trợ Thoái Hóa Đốt Sống Cổ, Thoát Vị Đĩa Đệm - Hàng Chính Hãng [Giao màu ngẫu nhiên]."
"Khung Hỗ Trợ Khớp Gối, Nâng Đỡ Đôi Chân Trợ Lực Khớp Gối và Bảo Vệ Đầu Gối PowerKnee "
Dây Thừng Tập Gym Kensport DT38 - Màu Ngẫu Nhiên
Dụng cụ kéo giãn cột sống cổ hỗ trợ trị thóa hóa thoát vị cổ
Xà đơn treo tường 
Đai Nịt Siết Bụng Nam Cao Cấp 105 x 24 cm
Đai Nịt Bụng Đai Giảm Mỡ Bụng Đa Năng BAZAS BZ533 Black
Dây kháng lực tập cơ mông đùi Hip Resistance Bands AOLIKES YE-3603
"Dụng Cụ Massage Tập Lưng Và Hỗ Trợ Cột Sống, Chống Thoái Vị Đĩa Đệm"
Bộ vòng xà tay tập thể dục Ring Dip 
 Dụng Cụ Tập Thể Dục Tại Nhà Đa Năng Tummy Trimmer
Gậy thể dục dưỡng sinh bằng gỗ Sportslink
"Dụng Cụ Tập Cơ Chân, Cơ Đùi, Cơ Bụng Tại Nhà"
Dụng Cụ Tập Chân Tay Đa Năng Giảm Mỡ Đùi Vai Bắp Tay Tại Nhà
"Bộ dụng cụ 5 món tập cơ tay, bụng, hít đất, con lăn - Tập thể dục thể thao toàn diện tại nhà"
"Khung nắn chỉnh hình cột sống và massage diện chuẩn mới nhất - hỗ trợ điều trị thoát vị đĩa đệm, nhức mỏi lưng"
"Dụng Cụ Tập Thể Dục Đa Năng Tại Nhà Dáng Chuẩn, Săn Chắc DC11"
"ĐAI LƯNG MỀM TẬP THỂ HÌNH, GYM"
Dụng cụ tập cơ bụng Tummy NT234
Xà đơn treo tường
"Đai lưng, bụng tập thể hình, tập gym Aolikes AL7995"
"Khung cột sống lưng BackRelaxMate -E02 con lăn diện chẩn từ kéo giãn nắn chỉnh lưng, hỗ trợ tập lưng nắn chỉnh cột sống, điều đau lưng, thoát vị + Tặng bóng gai cao su tập tay chân sau tai biến [Shop TBYT H-Care]"
BG Sàn nhún lò xo cao cấp Trampoline Mẫu 2019 40TL - 40 INCH có tay vịn (100x100cm) - Hàng nhập khẩu
Dụng cụ hỗ trợ tập lưng và cột sống
"Bộ Dụng Cụ Tập Cơ Chân, Tập Thể Hình Tại Nhà Đa Năng"
Máy Tập Tổng Hợp Tay Vai Bụng BG DB-001 - Đen (hàng nhập khẩu)
Bộ dây tập thể dục ngũ sắc
"Ván bập bênh, Ván thăng bằng cho bé, Đồ chơi kỹ năng theo phương pháp giáo dục Montessori, Ván thăng bằng cho người lớn tập Yoga - Joy Roker Board - Gỗ Plywood cao su uốn cong  - Lau dầu thực vật"
Đai chống gù lưng-đai định hình cổ vai gáy-chống thoái hóa size vừa
"Xà đơn Pilates, thiết bị tập yoga, xà đơn thể dục, dây kéo đàn hồi thể dục đa năng, gậy squat tập thể thao tại nhà, thiết bị tập luyện hông"
Dụng Cụ Hỗ Trợ Tập Gym Giảm Mỡ Bụng Cho Vòng Eo Thon
Dụng cụ hỗ trợ tập lưng giúp giảm đau lưng FLO001
Bộ 2 bóng phản xạ boxing treo đầu
Dây nhảy thể dục chính hãng MDBuddy MDJR007
"Dụng Cụ Phục Hồi Chức Năng Tay, Chân TOANANH MS-560 (Dụng Cụ Vật Lý Trị Liệu - Tập Mạnh Tay, Chân)"
 Dây kháng lực đa năng tập Gym tại nhà
"Dây kéo tập GYM, dụng cụ kéo chống đẩy đa năng - POKI"
Bạt nhún lò xo có lan can - c588 - giao màu ngẫu nhiên
Bóng Tường 8kg
Dụng Cụ Tập Cơ Bụng Tummy
"Đai bảo vệ lưng, bụng tập thể hình Aolikes AL7995 (1 chiếc)"
Dụng Cụ Hỗ Trợ Tập Luyện Chơi Tennis Chuyên Dụng - Hàng Chính Hãng miDoctor (giao mẫu ngẫu nhiên)
Bóng dãn cơ (giao màu ngẫu nhiên)
Dây Kéo Lò Xo Đa Năng 5 Sợi Tập Thể Hình Tiện Dụng LX05
Máy tập bụng
"Dù tập chạy, dù chịu lực chạy bộ"
Dụng Cụ Tập Gym Tài Nhà Bản Full Phụ Kiện
"Vòng tập yoga chuyên dụng tập vai, eo cao cấp REXCHI (giao màu ngẫu nhiên)"
Khung đẩy tập đi bằng hợp nhôm (bánh to cứng cáp)
Găng Boxing Trẻ Em Đại Việt Sport GT-Taeki - Màu Ngẫu Nhiên
"Dụng cụ tập hỗ trợ điều trị thoái hóa khớp, đau lưng, thoát vị đễ đệm ( giao màu ngẫu nhiên ) - TẶNG KÈM 1 THƯỚC DÂY"
Set 10 miếng dán tập bụng thay thế cho máy tập cơ bụng 6 múi EMSMobile
BÓNG TẠ 3KG
Bóng đập 4kg
Đai tạ tập GYM ( đai bụng) cao cấp
Dây kéo  tập gym tập cơ bụng thông minh tại nhà DN8002
Dây Tập Thể Dục Đa Năng Tại Nhà Tummy Trimmer
"Khung tập đi, có ghế ngồi, có phanh, có giỏ hàng"
Miếng Dán Massage Xung Điện EMS Body Tập Cơ Bụng 6 Múi
DỤNG CỤ TẬP BỤNG ĐA NĂNG MỚI NHẤT HÀNG [LOẠI TO]
Đai cuốn bảo vệ thắt lưng cao cấp nam nữ Aolikes AL1698A
Máy chạy bộ trên không KAMA Sport
Thiết bị tập Gym - Dụng cụ tập chống đẩy chuyên nghiệp
Bóng gai mát xa MDBuddy MD1224
Giá Treo Bao Cát
"Dụng Cụ Tập Thể Dục Đa Năng Tại Nhà - Dụng Cụ Tập Cơ Bụng Đa Năng Tại Nhà - Đế Hút Chân Không, Tay Đệm Mút An Toàn Chắc Chắc [Giao Màu Ngẫu Nhiên]."
"Đai Quấn Có Quai Đeo Bảo Vệ Sống Lưng Khi Chơi Thể Thao, Tập Gym AZONE"
Xe đạp thể dục mini tại nhà Pedal Exerciser TODO TD001P
"Khung đẩy tập đi, có ghế ngồi, có phanh, có giỏ đựng hàng, sơn tĩnh điện"
Dụng Cụ Tập Thể Dục Pull Reducer - Giao Màu Ngẫu Nhiên
"Khung Nắn Chỉnh Cột Sống, Khung Định Hình Cột Sống, Điều Trị Thoát Vị Đĩa Đệm, Đau Lưng, Vai Gáy, Dụng Cụ Hỗ Trợ Tập Lưng (Giao Màu Ngẫu Nhiên)"
Dụng Cụ Tập Cơ Bụng Đa Năng Revoflex Xtreme HD-851
Máy tập đạp chân | máy đi bộ | máy chạy bộ | máy leo núi tại chỗ - Tặng kèm súng mát xa 7 cấp độ + bàn xoay eo + dây lò xo + dây cáp tập tay
"Dây Kéo Tập Gym Yoga, Dây Kéo Giãn Căng Cơ Chân, Dây Kháng Lực miDoctor"
Dụng Cụ Tập Cơ Sàn Chậu Kegel Nâng Mông - Tight & Beautiful Hip Clamp
Máy Tập Giảm Cân Aerobic Ganis G200
"Bộ đôi Dây treo tập cơ tay, tập bụng MDBuddy 5087 (1 đôi)"
"Đai Chống Gù Lưng Người Lớn Nam Nữ-  Đai điều chỉnh tư thế cho nam và nữ - Nẹp lưng trên có thể điều chỉnh cho xương đòn để hỗ trợ cổ, lưng và vai "
Găng cuốn cổ tay có móc hỗ trợ nâng tạ - K2
Combo Máy chạy bộ Mini tại nhà + Đĩa xoay eo + Thảm lót máy chạy
Dây kéo tập thể dục đa năng - Màu ngẫu nhiên
Bộ đồ chơi khúc côn cầu 51cm x 31cm x 10.5cm
Gậy Bẻ Tập Cơ Tay 50KG - Cơ Bụng Lò Xo 
Băng quấn cổ tay tập thể hình
Bao cát boxing đã nhồi hoàn thiện 1.2m 30kg
Dây kéo tập bụng 5 lò xò đa năng
"Đai lưng mềm tập thể hình, tập gym MDBuddy MD1667"
Bộ miếng dán 10 múi bụng EMS - bộ 6 múi bụng  + 4 múi tay
"Ghế máy trượt tập cơ bụng đa năng 5.0, hỗ trợ các nhóm cơ bụng, lưng, tay, ngực - Tặng kèm Máy mát xa massage mini đa năng cầm tay Fascial Gun Phoenix thế hệ mới - 6 Cấp Độ, Hỗ Trợ Mát Xa Chuyên Sâu"
"Dây thừng kéo co Thiên Trường tầm trung 7,6kg đến 8kg"
Đệm Bật Lò Xo BG Dành Cho Mọi Lứa Tuổi (hàng nhập khẩu)
Bộ Vòng Xà Tay Tập Thể Lực Pull Up Rings UFC 03K401-UFC
Dây thừng kéo co tầm trung 9kg đến 10kg
"Đai Lưng Chạy Bộ , Tập Thể Hình Dành Cho Nữ"
Dây thừng tập thể lực 12m
Combo 2 sản phẩm gồm máy chạy bộ tại chỗ + đĩa xoay eo 
GHẾ TẬP VẬT LÍ TRỊ LIỆU 3 TRONG 1 model No: CA-4012 hay còn gọi Ghế Tập Mạnh Tay Chân và Cổ
Thanh tập gym toàn thân stick yoga pilates bar
Dụng cu tập thể dục Tummy Trimmer-Dây tập lò xo tại nhà(giao màu ngẫu nhiên)
"COMBO Dây Kéo Đàn Hồi 4 Ống Cao Su Tập Thể Dục, tập Gym Tại Nhà + Kèm Thảm Nhỏ Gọn Tiện Lợi Giúp Bạn Có Thể Mang Đi Bất Cứ Đâu - TẶNG 1 BÌNH UỐNG NƯỚC ( màu ngẫu nhiên )"
Bộ tập thể dục chuyên sâu cho lưng và giảm đau cột sống xanh hồng
"Đòn tạ dài 1,2m"
"Khung Nắn Chỉnh Cột Sống - Hỗ Trợ Thoát Vị Đĩa Đệm, Giúp Giảm Đau Mỏi Lưng, Vai Gáy, Thoái Hóa Đốt Sống [Giao màu ngẫu nhiên]- Hàng Chính Hãng."
Dây kéo tập bụng lò xò đa năng - giao màu ngẫu nhiên
Dụng cụ Yoga massage bánh xe
Bộ chống đẩy sọc cam
"Bộ dây kéo tập cơ chân có móc chính hãng tại nhà, dễ dàng sử dụng"
Máy tập đạp đùi ngang Gym TigerSport Premium TGP-830
Máy tập leo núi JinBo 
Dụng cụ tập cơ bắp chân chính hãng MDBuddy MD1477
"Dụng cụ hỗ trợ tập lưng  thông minh bằng nhựa dẻo siêu bền giúp giảm đau lưng, giảm thoái hóa đốt sống"
DÂY QUẤN BẢO HỘ CỔ TAY CHÍNH HÃNG  A-1539
Ghế tập ngồi đa năng Gym TigerSport Premium TGP-510
Túi điện thoại  đeo bụng tập thể dục thế hệ mới 02
"Con Lăn Tập Cơ Chắc Khỏe DC,11"
Dây kéo tập bụng tập gym có bàn đạp – Tặng thước dây – Giao màu ngẫu nhiên
Dây Kéo Tập Lưng Bụng Đa Năng Tummy - Giao Màu Ngẫu Nhiên
Bộ 5 dây tập thể dục đàn hồi chính hãng MDBuddy MD1366 
Bóng Tường 10kg
"Dụng cụ hỗ trợ tập giúp giảm đau lưng, giảm thoái hóa, chữa các bênh về lưng MX- Tặng 1 gói tẩy da chết Beauskin chính hãng"
Tường Tập Tennis AEROSPORTS
BÓNG ĐẬP 10KG
Dây thể lực Onways Resistance Tube LP8401
"Bộ dụng cụ tập Gym Fullbox đầy đủ 10 món - Tập thể dục, thể hình tay chân bụng"
"Đai Lưng Tập Gym GoFit 6"" Leather Lifting Belt GoFit PKGF00 "
Bóng phản ứng lục giác MDBuddy MD1248
Dụng cụ tập cơ bắp chân tại nhà MDBuddy MD1477
DỤNG CỤ HỖ TRỢ TẬP SQUAT BFIT
Thảm Máy Chạy Bộ Cao Cấp
Ghế tập đa chức năng Gym TigerSport TGP-490
BG Máy chạy bộ trên không TWISTER STEPPER (hàng nhập khẩu)
DÂY KHÁNG LỰC TRX P1 Suspension 
Máy tập body nhiều chế độ luyện tập - dụng cụ tập gym TE0033
Dụng Cụ Tập Gym Tài Nhà Bản Không Kèm Phụ Kiện
Đai Lưng Mềm Tập Gym Đại Việt Sport PKDV-DL013 
Máy tập cơ bụng AB Coaster.
Dây Đeo Tập Bụng AB Strap UFC 112001
ĐAI TREO BỤNG (ĐAI HỖ TRỢ GẬP BỤNG)
Dụng Cụ Tập Thể Thao Toàn Thân Đa Năng Sportslink DoubleFlex DBT-A02 - Đỏ
Con Lăn Eva Foam Roller UFC 804001 (45 x 15 cm) 
Bóng Tạ Thể Lực ZIVA Medicine Ball
Dây Kéo Tập Lưng Bụng Đa Năng Tummy Trimmer
"Dụng cụ tập hông săn chắc tại nhà TopBody chính hãng,  tiện lợi dành cho các chị em"
"Dụng Cụ Tập Thể Dục Đa Năng Giúp Cải Thiện Vóc Dáng, Chất Liệu: Thép, Cao Su, Kích Thước: 27x20cm (Màu Ngẫu Nhiên) - Tặng Miếng Dán Giảm Đau"
"Xà Đơn Găn Tường 80-130cm, Tặng Kèm Thước dây 1.5M"
"Đai Cuốn Bụng Tập Gym, Hỗ Trợ Giảm Mỡ Bụng Và Giảm Trấn Thương Cột Sống - Có Túi Đựng Điện Thoại - Giao Màu Ngẫu Nhiên"
Con lăn phục hồi cơ bắp mini  ADIDAS Mini Foam Roller - ADAC-11504BK
Máy đạp đùi 45 độ Gym TigerSport TGS-1029
"Dây Kéo Lò Xo Bằng Thép chịu lực đàn hồi, Bàn Đạp Bằng Nhựa - Dụng cụ tập Bụng, lưng - Màu Ngẫu Nhiên"
Thiết bị Massage điện tử thông minh giảm mỡ tăng cơ AME245 Sportslink
Dù cản gió tập chạy bộ chuyên nghiệp MDBuddy MD1339
Bộ 3 Miếng Dán Tạo Xung Điện Cho Cơ Bụng 6 Múi EMS Cao Cấp
Dụng Cụ Luyện Tập Đá Banh tặng 1 bút hình viên thuốc 
Máy tập ngực dưới Gym TigerSport Premium TGP-430
"Dụng Cụ Hỗ Trợ Nắn Chỉnh Xương Khớp - Nâng Đỡ Cột Sống - Thiết Kế Nhỏ Gọn Tiện Lợi, Chắn Chắn- Độ  Đàn Hồi Tốt Dễ Dàng Sử Dụng Ở Nhiều Nơi  - Giao Màu Ngẫu Nhiên"
Bộ 3 miếng dán tạo xung điện cho cơ bụng 6 múi EMS cao cấp
Dụng Cụ Tập Đa Năng Revoflex Xtreme
Dụng cụ tập thể dục đa năng- màu ngẫu nhiên (tặng kèm 1 sản phẩm ngẫu nhiên)
"Dụng cụ hỗ trợ tập giúp giảm đau lưng, giảm thoái hóa đốt sống A39 - Tặng 1 lọ tinh dầu oải hương 10ml"
Dây thừng tập thể lực size 38mm MDBuddy MD1343
Máy tập ngực dưới Gym TigerSport TGP-540 
BAO CÁT LẬT ĐẬT TỰ ĐỨNG  1.8m  đế sắt M.A SPORT ORIGING POWER ĐỎ 2 ĐẦU RẤT SANG CHẢNH BẮT MẮT CHẤT LIỆU DA PU CAO CẤP
Bóng đập 5kg
Bộ 4 dây cao su đàn hồi tập thể dục MDBuddy MD1318
Khung treo bao cát treo tường cao cấp sơn tỉnh điện tặng bộ ốc vít bù lon bắt tường
Dây Kéo Lò Xo Tập Bụng Thanh Xuân Sport TX-DC441130
Găng tay tập Gym HJ-C1007
Máy kéo xô ngắn /xô dài Gym TigerSport TGP-775
Khóa Tạ Tiêu Chuẩn Màu Ngẫu Nhiên (50mm)
Máy tập đạp đùi hiệu Gym TigerSport TGP-460
"Dù Chịu Lực Chạy Bộ Chuyên nghiệp , Dù cản gió  + Tặng kèm túi đựng có dây rút - Màu ngẫu nhiên"
"Máy ép ngực, ép lưng, tập cơ lưng vai Gym TigerSport Premium TGP-780"
Bộ thanh kháng lực Onways Livepro Resistance Bar LP8400
Máy tập cơ mông/cơ đùi sau Gym TigerSport TGP-480
Thang Tập Thể Lực Speed Ladder UFC 01K401 (38 x 38 cm)
Tay kéo xô đơn Thiên Trường TT01
Máy khối tập lưng Gym TigerSport  TGP-400
Bóng Tường 5kg
"Dụng cụ hỗ trợ tập lưng giúp giảm đau lưng, giảm thoái hóa đốt sống - Tặng 1 lọ tinh dầu Quế 10ml"
Bộ 4 dây tập thể dục đàn hồi Resistance Loops MD1319
Dây Kéo Lò Xo Đa Năng 5 Sợi Tập Thể Hình Có Bàn Đạp Chân LX05
Đệm Bật Lò Xo BG DB40 (40inch) (hàng nhập khẩu)
Dụng Cụ Tập Bụng Eco Friendly Cao Cấp - Đen
Khung đẩy ngực dưới Gym TigerSport TGS-1040
"Máy tập đùi, nhón bắp chuối Gym TigerSport Premium TGP-460"
Bục Kéo Giãn Gân Gót Nhỏ PN-BKD0
Thiết bị tập toàn thân và cơ động BB2.0
"Đai bảo vệ vai khi tập luyện thể dục, thể thao Aolikes AL1697 (1 chiếc) "
Bộ đôi đĩa trượt tập thể dục đa năng MDBuddy MD1475
Giá treo bao cát trên tường - nhập khẩu
Máy khối tập ngực Gym TigerSport TGS-1001
"Ghế tập lưng dưới, tập hông Gym TigerSport Premium TGP-570"
Hộp 20 Nón Chóp Thể Lực Speed Cones UFC 02A101 (5cm)
Dù Chịu Lực Chạy Bộ Speed Chute UFC 04K401 (140cm)
Máy Tập Bắp Tay Trước Gym TigerSport Premium TGP-820
Máy Tạ Rời Tập Đá Mông Gym TigerSport TGS-1028
Máy đạp đùi xuyên và nhón bắp chuối Gym TigerSport TGS-1030
Bộ Vòng treo
Bộ 4 món dụng cụ tập thể dục đa năng tặng kèm 1 khẩu trang Ninja (màu ngẫu nhiên)
Nệm cong AB Mat lập lưng MDBuddy MD9023
Đai gót kín IM ES-930
Bộ 6 dây tập thể dục đàn hồi cao cấp Aolikes AL3601
Dụng Cụ Tập Chống Đẩy Push Up Stand IN.50-004
Dù cản gió tập chạy MDBuddy MD1339
Vợt Đá Đôi Hiệu Black Eagle TBTVVDBE - Đen
Đai Lưng Thể Hình Có Xích Treo Tạ Đại Việt Sport PKDV-ADL017 (82 x 15 cm)
Dây Thừng Tập Thể Lực Đại Việt Sport (12m)
DỤNG CỤ TẬP THẾ DỤNG TẶNG 1 BÌNH NƯỚC HELLO MASTER CHO BUỔI TẬP (Giao Hàng Theo Màu Ngẫu Nhiên)
Dây Kéo Cao Su 4 Ống Tập Bụng Cho Vòng Eo Thon Gọn (Giao màu ngẫu nhiên)
Dây thừng tập thể dục chuyên nghiệp MDBuddy MD1343
Máy kéo xô ngắn hiệu Gym TigerSport Premium TGP-440
Bộ dây kéo tập cơ bụng cao su + Thảm tập Yoga 4mm (giao màu ngẫu nhiên) 
Đai lưng mềm tập thể hình MDBuddy MD1667
Máy khối tập ngực ngang Gym TigerSport TGP-390
Dây cuốn cổ tay RBC-3033 18 inch - Màu sắc ngẫu nhiên
Vòng đàn hồi tập thể dục Power Loops MD1353
Máy khối tập cơ bụng và cơ lưng Gym TigerSport TGS-1009
Máy Nhón Bắp Chuối Gym TigerSport TGP-760 
"Banh tốc độ màu đen/đỏ 23*15cm-Leather Speed Bagm - Mã 872422-UFC, Hiệu UFC"
BÓNG ĐẬP 12KG
Ghế tập tay trước  Gym TigerSport Premium TGP-525
Máy khối xoay eo hiệu Gym TigerSport TGS-1010
Robot tập ngực trên hiệu Tiger Sport Premium TGP-420
Máy trượt tuyết hiệu Gym TigerSport Premium TGP-860
Máy tập lưng trong/ngoài Gym TigerSport Premium TGP-450
Băng khuỷn tay tennis và golfer LP 751
Máy khối tập mông và đùi trước Gym TigerSport TGS-1015
Máy khối ép ngực dưới Gym TigerSport TGS-1003
Máy khối tập tay sau Gym TigerSport TGS-1007
Bóng Tường 3kg
Máy khối móc đùi Gym TigerSport TGS-1013
Máy khối tập tay trước Gym TigerSport TGS-1006
BÓNG ĐẬP 8KG
Máy tập ngực trên hiệu Gym TigerSport Premium TGP-670
Máy khối vai đôi ngắn Gym TigerSport TGS-1018
Bóng đập 6kg
Dây Đai Bụng Thể Thao Miss Belt Kiến Lâm PL.50-013
Dây Đàn Hổi Tập Thể Lực Lớn Tân Việt
Tạ cát 2kg (một chiếc 2kg)
"Vợt đá đôi hàng BN cao cấp với tay cầm da, mặt vợt PU dày, ruột muốt EVA (cái )"
"Dây Bố Thắng (Tăng Nặng Lực Đạp, Khán Lực) cho Xe Đạp Air Bike ToanAnh TA-575"
