"Combo 2 Bộ Găng Tay Cao Su Rửa Bát, Giặt Giũ, Vệ Sinh"
Bộ 2 găng tay rửa bát silicon tạo bọt đa năng
"Găng Tay Siêu Dai - Dùng Rửa Chén, Giặt Giũ, Vệ Sinh Nhà Cửa"
"GĂNG TAY CAO SU ĐA NĂNG, SIÊU DẺO DAI, KHÔNG MÙI"
Găng Tay Cao Su Lót Nỉ Dài 50cm Bo Chun
GĂNG TAY SILICON KIÊM MIẾNG RỬA BÁT ĐA NĂNG 
Găng tay cao su y tế Tikicare size S có bột (100 chiếc/hộp)
"Găng Tay  Bao Tay chống thấm nước  kèm móng cao cấp dùng để trồng cây, làm vườn"
Găng Tay Đa Dụng 3M S033004320 (Size M) - Xám
GĂNG TAY RỬA BÁT SILICON SIÊU DAI CỰC BỀN
Găng tay rửa chén cao cấp Showa 160
Găng tay rửa chén Ansell 87-900
2 găng tay rửa chén thần kỳ- Găng tay silicon tạo bọt- Găng tay tạo bọt 1 đôi (Màu ngẫu nhiên)
Bao tay hỗ trợ rửa chén vệ sinh đa năng BT3699 - Màu ngẫu nhiên
"Hộp 100c Găng Tay Cao Su Y Tế An Toàn, Tiết kiệm ( Tặng khăn lau tay ) - Có bột"
Bộ Găng Tay Cao Su Đa Dụng 
Găng tay rửa bát silicon tạo bọt cao cấp 1 đôi - Màu ngẫu nhiên
"Găng tay cao su, găng tay rửa bát, rửa chén, vệ sinh nhà cửa hình hươu Siêu Bền"
Găng Tay Cao Su Tự Nhiên - Thông Thường Lock&Lock- ETM804P-Vàng
Găng tay Silicon tạo bọt Cao Cấp dùng để chùi rửa Bát đĩa đa năng (Màu ngẫu nhiên)
Găng Tay Rửa Bát Lót Nỉ GTRB-01
"Bao tay trắng vải cotton 2 chiều (vải sẹc) cho lễ tân, bảo vệ, duyệt binh ( 5 đôi)"
Găng tay rửa chén cao cấp Ansell 14-896
Combo 6 đôi găng tay hươu siêu dai đảm bảo vệ sinh
Găng tay caosu rửa bát - đa năng - siêu bền- tiện dụng
Combo 2 đôi găng tay cao su cao cấp
Găng Tay Y Tế Có Bột Nhiều Size (100 chiếc/hộp)
"Găng Tay Cao Su Y Tế An Toàn, Tiết kiệm Nhiều Size Có Bột (Hộp 100c)"
Găng Tay Cao Su Nam Long Size 9(L) - 30cm
"Găng Tay Rửa Bát Siêu Dai, Dáng Dài Tiện Dụng, Hình Con Hươu Ngộ Nghĩnh Đáng Yêu"
Combo 2 đôi Găng tay đa năng Hàn Quốc - Giao màu ngẫu nhiên
Găng tay cao su Nam long size M - 35cm
"Găng Tay Cao Su Tự Nhiên Chống Đâm Thủng và Xé Rách  Dùng Rửa Chén, Giặt Đồ, Vệ Sinh Nhà Cửa"
Găng Tay Rửa Bát Silicon Tạo Bọt Đa Năng (Giao Ngẫu Nhiên Mẫu)
Găng tay đa dụng  3M GTDD - Size L
Đôi găng tay vải thun phủ cao su đầu ngón màu xám
Bộ 2 đôi găng tay rửa chén bát cao su - GIAO MÀU NGẪU NHIÊN 
Găng tay cao su lót nỉ rửa bát
Găng tay y tế phẫu thuật tiệt trùng hm glove latex có bột
Găng tay silicon chùi rửa đa năng - hàng cao cấp (giao màu ngẫu nhiên)
Combo 6 đôi găng tay hươu siêu dai
Combo 4 Đôi găng tay cao su 100% tư nhiên Nitrile NF1513
"Găng Tay Rửa Bát, Giặt Quần Áo Cao Su Lót Nỉ"
Găng tay cao su Nam Long size XL - 41cm
"Găng Tay Làm Vườn Chuyên Dụng (Bới Đất , Chăm Cây)"
Găng tay rửa bát kháng khuẩn chống mồ hôi SHOWA nội địa Nhật Bản
"Găng Tay Rửa Chén Bát Tạo Bọt Đa Năng - Giúp Rửa Nhanh Và Cực Sách, Bảo Vệ Da Tay Không Bị Khô Nứt Nẻ (Màu Ngẫu Nhiên)"
"Găng tay chống cắt cấp độ 5 3M GTCC - size L, màu xám trắng"
Găng Tay Cao Su Tự Nhiên Lock&Lock 37cm- ETM802P-Hồng
Găng Tay Đa Dụng 3M S033004317 (Size L) - Cam
Găng Tay Rửa Bát Thoáng Khí Không Mùi Nhật Bản
"Hộp 100 Găng tay, bao tay nilon dùng 1 lần chế biến Thực phẩm An toàn"
"Bộ 02 Đôi Găng Tay Cao Su Lót Nỉ Lau Chui, Rửa Chén Bát ( Tặng bộ đồ dùng cho gia đình"
"Bao tay trắng, găng tay vải cotton, thun poly dùng cho lễ tân, sự kiện, kiểm định, bảo vệ, tiếp tân. Gói 5 đôi"
Set 3 đôi găng tay nấu ăn ngắn cổ nội địa Nhật Bản
"Găng tay lò vi sóng, bao tay nấu ăn nhà bếp cách nhiệt đa năng có móc treo tiện dụng"
Combo 12 găng tay phủ sơn chống tĩnh điện 1 túi
"Combo 2 Đôi Bao Tay Cao Cấp, Loài Dày - Hỗ Trợ Rửa Chén, Vệ Sinh Đa Năng "
Găng tay cao su tự nhiên Yubikyoka size S/M/L hàng nội địa Nhật Bản
Găng tay Silicon cao cấp
Đôi Găng Tay Cao Su Vệ Sinh Rửa Chén Bát
Bộ Găng Tay Bắc Nồi Đa Năng
Găng tay rửa bát kháng khuẩn chống mồ hôi 
combo 5 hộp găng tay nilon tiện lợi hợp vệ sinh 500 chiếc dùng 1 lần free size 
"Găng Tay Chuyên Dụng Làm Vườn, Bới Đất, Chăm Sóc Cây Loại Siêu Bền"
"Combo Bộ Găng Tay Cao Su Rửa Bát, Giặt Giũ, Vệ Sinh + Sét 5 Khăn Lau Bếp, Bát Đĩa Chống Thấm Dầu Mỡ - Muran"
Găng Tay Cao Su Lót Nỉ Cao Cấp
"Combo 2 Bộ Găng Tay Cao Su Rửa Bát, Giặt Giũ, Vệ Sinh"
Bộ Găng Tay Cao Su Đa Năng Nhật Bản
Combo 2 găng tay tạo bọt dùng để tắm - Giao màu ngẫu nhiên
Găng tay cao su Nam Long size 8(M) - 30cm
Găng tay nilon nhà bếp hộp 100 cái dùng 1 lần tiện lợi
Găng tay siêu bền
Găng tay cao su siêu dai
Găng tay cao su Scotch Brite 39cm
Găng tay silicon ma thuật kiêm miếng rửa bát - Giao màu ngẫu nhiên
Găng tay rửa chén cách nhiệt silicon Màu hồng
Găng Tay Sillicon Làm Việc Nhà Chống Thấm Chống Trượt Siêu Tiện Dụng.
Găng tay cao su Nam Long size 9(L) - 30cm
Hộp găng tay nilon chế biến thức ăn an toàn thực phẩm GS0088
Găng tay vải thun phủ cao su đầu ngón - màu đen
"10 đôi Găng Tay Vải Lao Động, Làm Vườn, Chống Cắt, Chống Trơn Trượt, Màu Đỏ - 10 đôi Găng tay sơn đỏ !"
Găng tay rửa bát dáng dài 40cm size M hàng Nhật Bản
Găng tay cao su mềm bảo vệ da tay (size L) Giao màu ngẫu nhiên - Hàng nội địa Nhật
Combo găng tay rửa bát kháng khuẩn chống mồ hôi SHOWA - S + xà phòng thanh giặt cổ áo nội địa Nhật Bản
COMBO 3 GĂNG TAY RỬA BÁT SILICOL SIÊU TIỆN DỤNG (Giao Hàng Theo Mấu Ngẫu Nhiên)
Cặp găng tay silicon cách nhiệt nhắc bếp đa năng tiện lợi  - 35x15.5cm 214g
Bộ 10 bao tay len bảo hộ lao động màu trắng - viền màu ngẫu nhiên ( loại dày 50g / 1 đôi ) tiện lợi cao cấp
Găng tay nấu ăn loại ngắn cao cấp (set 3 đôi) - Hàng nội địa Nhật
(Mua 1 Tặng 1) Mua Găng Tay Cao Cấp Scotch Brite Dài 39 Cm Tặng Găng Tay Cao Su Dài 26cm (Không Mùi Cao Su)
"3 đôi Găng Tay Vải Lao Động, Làm Vườn, Chống Cắt, Chống Trơn Trượt, Màu Đỏ - 3 đôi Găng tay sơn đỏ !"
Găng tay cao su Scotch Brite 39cm (HỒNG)
Găng tay cao su HÀN QUỐC PLUS size 9(L) - 30cm
Găng Tay Cao Su Siêu Dai Cao Cấp 
Combo 02 Găng tay cao su gia dụng - Nội địa Nhật Bản
"3 Đôi Găng Tay Cao Su Hợp Thành Công Nghệ Hàn Quốc, Nâng Niu Đôi Tay Bạn, Size M (7 1/2)"
Găng Tay Silicon Rửa Bát Tạo Bọt – Giao Màu Ngẫu Nhiên
Găng Tay Nilon 500C
Găng Tay Sợi lao động túi 10 đôi
2 bộ găng tay nấu ăn loại ngắn cao cấp (3 đôi/bộ) - Hàng nội địa Nhật
Đôi găng tay cao su siêu dai GS9910
"20 Đôi Găng Tay Cao Su Hợp Thành Công Nghệ Hàn Quốc, Nâng Niu Đôi Tay Bạn, Size M (7 1/2)"
Găng tay đa dụng rửa chén hương chanh cao cấp Scotch-Brite 3M GT-CHANH
Găng Tay Cao Su Pocket Giao Màu Ngẫu Nhiên
Đôi gang tay silicon tạo bọt thông minh rửa bát đa năng PD164
Găng tay chuyên dụng rửa bát có gai 
Găng Tay Cao Su Nam Long Size 7(S) - 30cm
Găng tay sợi tĩnh điện 
Găng tay cao su đa năng siêu tiện lợi (Xanh)
"5 đôi Găng Tay Vải Lao Động, Làm Vườn, Chống Cắt, Chống Trơn Trượt, Màu Đỏ - 5 đôi Găng tay sơn đỏ !"
COMBO 2 ĐÔI GĂNG TAY CAO SU SIÊU DAI HÌNH HƯƠU - FREESIZE
Găng tay Bác Chiến- phim Trần tình lệnh Tiêu Chiến Vương Nhất Bác tặng ảnh blue Vcone
Găng tay đa năng Pocket cao su tự nhiên nội địa Nhật Bản
Găng tay cao cấp Silicon đa năng (giao màu ngẫu nhiên)
"Combo 3 đôi găng tay làm việc, làm vườn, sửa chữa, dọn dẹp - giao màu ngẫu nhiên"
Găng tay cao su gia dụng - Nội địa Nhật Bản
Găng Tay Đa Dụng 3M S033004321 (Size XL) - Xám
"3 Đôi Găng Tay Vải Lao Động, Làm Vườn, Chống Cắt, Chống Trơn Trượt, Màu Đen - 3 đôi găng tay sơn ĐEN"
COMBO 2 GĂNG TAY RỬA CHÉN CAO SU CAO CẤP
Combo Bộ Sản Phẩm Găng Tay Cao Su Đa Dụng + Dụng Cụ Rửa Chén Tiện Ích
Găng tay bảo hộ lao động da Bò cao cấp
Đôi gang tay kiêm miếng rửa bát siêu tiện dụng GOLDSEE (trắng)
Găng tay cao su HÀN QUỐC PLUS size 7(S) - 30cm
"Găng Tay Rửa Bát Dày Dặn, Độ Bám Tốt 28cm Nhật Bản Kèm Khăn Lau Bếp"
Găng Tay Nilon Myungjin Hàn Quốc Dùng 1 Lần Hộp 50 Cái (24x28cm)
Găng tay đa năng  - Hàng Nội Địa Nhật
Set 03 đôi găng tay cao su tự nhiên Prima - Hàng Nhật sản xuất tại Thái Lan
 Găng tay rửa bát kháng khuẩn chống mồ hôi
Găng tay Vương Nhất Bác -phim Trần tình lệnh Tiêu Chiến Vương Nhất Bác tặng ảnh Blue Vcone
Bao Tay Chống Cắt Dày 5 Lớp 22cm 50g 
Găng tay cao su đa dụng rửa chén Scotch-Brite 3M GT-RC dài 32cm
Găng tay cao su tự nhiên 100% Nutrile NF1513 chống hóa chất và siêu bền
"10 đôi Găng Tay Vải Lao Động, Làm Vườn, Chống Cắt, Chống Trơn Trượt, Màu Đỏ - 10 đôi Găng tay sơn đỏ !"
Găng Tay Nilon 500C
Găng tay dài Scotch Brite 3M cỡ M 26cm (Vàng nhạt)
Găng Tay Đa Dụng 3M S033004323 (Size M) - Xanh Dương
Găng Tay Thực Phẩm Nilon 200C 
Bộ găng tay làm vườn tiện dụng (xanh)
Combo 12 đôi găng tay phủ sơn
Bộ 2 đôi găng tay cao su mềm bảo vệ da tay (size L) Giao màu ngẫu nhiên - Hàng nội địa Nhật
GĂNG TAY HỖ TRỢ RỬA CHÉN SIÊU SẠCH CHẤT LIỆU SILICON AN TOÀN (Giao Hàng Mẫu Ngẫu Nhiên)
Găng tay nội trợ màu trắng từ cao su thiên nhiên (giao mẫu ngẫu nhiên)
Găng tay cao su HÀN QUỐC PLUS size MINI - 24cm
Găng Tay Rửa Bát Silicon Tiện Lợi - GT35 (Giao ngẫu nhiên mẫu)
"Combo 2 Bộ Găng Tay Cao Su Rửa Bát Nhật Bản, Giặt Giũ, Vệ Sinh, An Toàn, Tiện Lợi - Hàng Chính Hãng"
Găng tay gia dụng hương chanh Size L Scotch Brite 3M 70005039063
Găng Tay Nilon 1000C
Găng tay ni-lông 100 set dùng một lần có mặt nhám chống trơn trượt Nội địa Nhật Bản
Combo 03 đôi Găng tay cao su tự nhiên Prima hàng nội địa Nhật Bản - Size M/L (Gold)
Găng Tay Cao Su Nam Long Size 8(M) - 30cm
Găng tay silicon chùi rửa đa năng sạch hiệu quả và tối ưu vết bẩn -  hàng cao cấp (giao màu ngẫu nhiên)
Găng Tay Cao Su Tự Nhiên Thông Thường Lock&Lock- ETM803Y-Vàng
Găng tay cao su mềm tự nhiên - hàng nhập khẩu  Nhật Bản
Combo 2 Găng Tay Biết Thở Showa Nhật Bản - Size L
Bao Tay Silicone Chịu Nhiệt La Fonte - 000938
Găng tay lót nỉ chống khuẩn độ bền cao vượt trội (size L) - Hàng nội địa Nhật
Găng tay rửa chén cách nhiệt silicon Vàng
"5 Đôi Găng Tay Vải Lao Động, Làm Vườn, Chống Cắt, Chống Trơn Trượt, Màu Đen - 5 đôi Găng tay sơn Đen"
Combo 2 đôi Găng tay rửa bát Silicon siêu dai - Tặng 1 lọ tinh dầu Quế
Găng tay silicon kiêm miếng rửa bát - màu ngẫu nhiên
Cặp găng tay rửa chén làm vệ sinh tiện dụng ( GIAO MÀU NGẪU NHIÊN )
Combo 2 đôi găng tay cao su thiên nhiên có móc treo cao cấp Hàn Quốc Dài 37cm - 명진걸이형고무장갑 중
Combo găng tay đa năng Pocket cao su tự nhiên - M + 5 miếng xốp rửa bát có 1 mặt ráp mẫu mới nội địa Nhật Bản
"Combo 5 Găng tay lau dọn nhà cừa đa năng có xúc tua, san hô"
Găng tay cao su siêu bền
"20 Đôi Găng Tay Cao Su Hợp Thành Công Nghệ Hàn Quốc, Nâng Niu Đôi Tay Bạn, Size M (7 1/2)"
Găng tay đa năng 31.5x15cm
"Đôi Găng Tay Cao Su Rửa Bát, Vệ Sinh - Màu Vàng"
Combo Bộ Sản Phẩm Nhà Bếp : Găng Tay Cao Su Đa Dụng + Sét 2 Khăn Lau Chống Thấm Dầu Mỡ + Dụng Cụ Rửa Chén Tiện Ích 
Bao cánh tay chống cắt 5lớp HPPE 40cm CE
"Combo 01 đôi găng tay cao su tự nhiên Prima (Hàng Nhật sản xuất tại Thái Lan) + 02 Chai tẩy rửa, vệ sinh  lồng máy giặt Nhật Bản Ultra Powers 550g"
Găng Tay Silicon Lacor Dùng Cho Lò Nướng (1 Chiếc) 29cm
Găng tay Tiêu Chiến- phim Trần Tình Lệnh Vương Nhất Bác tặng hình Blue vcone
"Đôi găng tay cao su cao cấp siêu dai, đàn hồi tốt, tránh hóa chất, chống hao mòn, vật sắc nhọn"
Bộ 2 Găng Tay Silicon Rửa Bát Tạo Bọt - tặng bộ quà tặng bí ấn cho gia đình
"Bộ 2 găng tay rửa chén thần kỳ, chất liệu silicon mềm mại tạo bọt sử dụng nhiều lần, 35.7cm x 16.5cm, giao màu ngẫu nhiên + Tặng kèm hình dán ngẫu nhiên"
Găng Tay Silicone Mengni MNST-258
Combo 03 đôi Găng tay cao su tự nhiên size S/M/L hàng nội địa Nhật Bản
Đôi găng tay cao su lót nỉ Cao Cấp GS0016
Găng tay cao su tự nhiên Prima (Gold) hàng nội địa Nhật Bản 
Set 02 đôi găng tay cao su tự nhiên Prima - Hàng Nhật sản xuất tại Thái Lan
Bộ 3 găng tay đa năng - Hàng Nội Địa Nhật
Găng Tay Nội Trợ Tiện Lợi - GT44
Bộ 3 đôi găng tay cao su mềm bảo vệ da tay (size L) Giao màu ngẫu nhiên - Hàng nội địa Nhật
Combo Set 3 Đôi Găng Tay Cổ Ngắn Nấu Ăn Tiện Lợi + Hộp Bảo Quản Thức Ăn (730Ml) - Nội Địa Nhật Bản
Combo Găng tay đa năng Pocket cao su tự nhiên size S + Kem đánh răng Kao - Nội địa Nhật Bản
Combo 2 Khăn Len Cotton Jia Bai
Găng tay gia dụng có lỗ thoáng khí cao cấp - Hàng Nội đia Nhật 
Combo Găng tay đa năng Pocket cao su tự nhiên size L nội địa Nhật Bản
Combo Găng tay đa năng Pocket cao su tự nhiên - LL nội địa Nhật Bản
Combo 2 Găng Tay Biết Thở Showa Nhật Bản - Size S
3 bộ găng tay gia dụng có lỗ thoáng khí cao cấp - Hàng Nội đia Nhật 
"10 Đôi Găng Tay Cao Su Hợp Thành Công Nghệ Hàn Quốc, Nâng Niu Đôi Tay Bạn, Size M (7 1/2)"
Combo Găng tay đa năng Pocket cao su tự nhiên nội địa Nhật Bản
Set 3 Đôi Găng Tay Cổ Ngắn Nấu Ăn Tiện Lợi - Nội Địa Nhật Bản
Bộ 2 găng tay đa năng - Hàng Nội Địa Nhật
Găng tay bảo hộ lao động
Thùng 10KG Cao su chùi keo/ kếp tẩy giầy
"BỘ 4 đôi găng tay cao su rửa chén size M đa năng cao câp , tiện lợi cho mọi gia đình - GIAO MÀU NGẪU NHIÊN"
"COMBO Kéo Cắt, Gọt Đa Năng 10In1 + Găng Tay Siêu Dai - Tặng 1 móc đồ"
2 bộ găng tay gia dụng có lỗ thoáng khí cao cấp - Hàng Nội đia Nhật 
Găng Tay Rửa Chén Silicon Thần Thánh( Giao mầu ngẫu nhiên)
Combo 02 đôi Găng tay cao su tự nhiên Yubikyoka size S/M/L hàng nội địa Nhật Bản
Găng tay cao su tự nhiên Prima - Hàng Nhật sản xuất tại Thái Lan
Găng tay cao su HÀN QUỐC PLUS size 8(M) - 30cm
Găng tay cao su HÀN QUỐC PLUS size L - 40cm
Găng taysilicon rửa bát  tạo bọt cao cấp tặng kèm muôi xới cơm Thái - Màu ngẫu nhiên
Combo Xẻng hót rác + Găng tay cao su tự nhiên nội địa Nhật Bản
"3 Đôi Găng Tay Cao Su Hợp Thành Công Nghệ Hàn Quốc, Nâng Niu Đôi Tay Bạn, Size M (7 1/2)"
"10 Đôi Găng Tay Cao Su Hợp Thành Công Nghệ Hàn Quốc, Nâng Niu Đôi Tay Bạn, Size M (7 1/2)"
