"Camera Giám Sát CCTV Hãng CP PLUS Thân Trụ CP-VAC-T10PL2-V2 - 1MP 720p, 3.6mm Lens, Hồng Ngoại IR 20M | Analog HD Camera CCTV 1 MP Bullet Camera  IR  20 Mtr - Hàng Chính Hãng"
Bộ Kit Camera AHD 2.0Mp Full HD - Trọn Bộ Camera AHD 4 Kênh
Bộ Kit Camera AHD 2.0Mp Full HD - Trọn Bộ Camera AHD 4 Kênh + Kèm Ổ Cứng 500GB
Trọn Bộ Camera Hikvision 4 Mắt 2MP - FHD 1080P - Hàng chính hãng
"Bộ KIT 4 camera IP 3.0MP (POE) hình ảnh sắc nét, chân thực"
"Bộ camera AHD KIT 4 mắt 1080P VỎ KIM LOẠI xem trên điện thoại, tivi, máy tín, Lắp ngoài trời và trong nhà-hàng chính hãng"
Trọn bộ 6 camera Hikvision 2.0 Megapixel - Hàng chính hãng
Trọn bộ 4 camera KBVISION Full HD 1080p- Hàng chính hãng
Trọn bộ camera HIKVISION tích hợp mic (4 Camera)- Hàng chính hãng
Trọn bộ 3 Camera IP 2MP HIKVISION  - Hàng chính hãng
Hộp cấp nguồn điện 12v cho hệ thống camera giám sát (Dành cho hệ thống 8 camera và đầu ghi) - Hàng chính hãng
Trọn bộ 3 camera chính hãng Hikvision HD720P
"Bộ KIT 4 camera IP 3.0MP (NON-POE) Có ổ cứng 500G, mắt KIM LOẠI chống nước"
CAMERA HDCVI HỒNG NGOẠI 4.0 MEGAPIXEL DAHUA HAC-HFW1400RP hàng chính hãng
Trọn bộ  camera quan sát KBVISION - Hàng nhập khẩu
"Trọn Bộ Camera HIKVISION 2.0MP - Full HD 1080P - Đủ Bộ 4 mắt 2.0MP, Đầu ghi vỏ Kim loại, Hdd 1TB & Phụ kiện lắp đặt - Hàng chính hãng"
Trọn Bộ 8 Kênh Camera AHD 2.0Mp Full HD + Ổ Cứng 500GB
Bộ Camera Giám Sát Dahua 2.0MP Full HD - Hàng Chính Hãng
Trọn bộ 4 camera Hikvision 2.0 Megapixel - Hàng chính hãng
Bộ KIT 4 Camera UNV 2MP Full HD 1080P - Hàng chính hãng
Trọn bộ 8 camera Hikvision và đầu ghi chính hãng 
Máy Phát Hiện Camera Quay Lén SQ101 ( KIÊM BÁO ĐỘNG RUNG SIÊU NHẠY ) - HÀNG NHẬP KHẨU
Trọn bộ kit 4 camera IP Ezviz C6N -Hàng chính hãng
Bộ  2 camera chính hãng Hikvision  HD720P
"Trọn bộ Kit Camera IP EZVIZ CS-C6N-A0-1C2WFR 2MP 4 Camera, đầu ghi 4 kênh - Hàng chính hãng "
Trọn Bộ Camera 5.0MP Hikvision Hồng Ngoại 30 Mét [4 Mắt Camera] - Hàng chính hãng
Trọn bộ 8 camera KBVISION Full HD 1080p - Hàng chính hãng
CAMERA GIÁM SÁT CÓ ÂM THANH (CAMERAS KIT 4CH - DVR) HÀNG CHÍNH HÃNG
Bộ 3 camera chính hãng Hikvision  HD720P
Bộ Kit 4 kênh Camera IP PoE UNV KIT/301-04LB-P4/4*2122LR3- PF40-E
UPS cho hệ thống camera giám sát (Cấp nguồn dự phòng khi mất điện cho 4 camera và đầu ghi)
TRỌN BỘ 4 CAMERA 5M DAHUA CHÍNH HÃNG
Camera Nội Soi Chống Nước Dài 10M Cao Cấp AZONE
Camera Wifi IP YCC365 FULL HD 1080P - Tự động theo dõi đối tượng
Camera Quan Sát CVI Dahua 1Mp HAC-HFW1000RP-S3 - Hàng chính hãng
"Trọn Bộ Camera HIKVISION 2.0MP - Full HD 1080P - Đủ Bộ 4 mắt 2.0MP, Đầu ghi vỏ Kim loại, Hdd 500Gb & Phụ kiện lắp đặt - Hàng chính Hãng"
Bộ Kít 1 camera  Hikvision  HD720P - Hàng chính hãng
Trọn bộ 4 Camera Dahua 4M tích hợp mic tùy chọn ổ cứng -  Hàng chính hãng
Trọn bộ 5 camera Hikvision 2.0 Megapixel - Hàng chính hãng
Camera Hikvision TVI 2.0MP 1080p bộ 8 mắt - Hàng chính hãng
Trọn bộ 4 camera chính hãng Hikvision HD720P
Trọn Bộ 4 Camera 2.0MP Hikvision Hồng Ngoại 40 Mét [4 Mắt Camera] - Hàng chính hãng
Bộ KIT Camera Dahua CVI vỏ sắt: 1 đầu ghi + 4 mắt thân trụ Hàng chính hãng
Camera HDTVI ColorVu Có Màu Ban Đêm 2MP HIKVISION DS-2CE70DF3T-PF_Hàng Chính Hãng
Trọn bộ 4 camera Hikvision  DS-2CE56D0T-IRP + DS-2CE16D0T-IRP full HD 2mp và đầu ghi DS-7104HGHI-F1- Hàng chính hãng 
Camera Quan Sát KBvision KX-1002C4-Hàng Chính Hãng
Trọn bộ 2 Camera Có mầu ngày đêm 2.0MP Hikvision Hồng Ngoại 20 Mét [2 Mắt Camera] - Hàng chính hãng
Trọn bộ 4 camera thân 5.0MP HIKVISION DS-2CE16H0T-ITF - Ổ cứng 1TB - Hàng chính hãng
Trọn bộ 1 camera Hikvision 2.0 Megapixel - Hàng chính hãng
Trọn bộ 6 camera Hikvision 1.0 Megapixel kèm ổ cứng - Hàng chính hãng
Trọn Bộ 4 Kênh Camera AHD 5.0Mpx + Ổ Cứng 500GB + Đủ phụ kiện lắp đặt
Trọn bộ 2 camera Hikvision 1.0 Megapixel kèm ổ cứng - Hàng chính hãng
Camera quay toàn cảnh 360 độ Vitacam VR1080 - HÀNG CHÍNH HÃNG
Camera Quan Sát KBVISION HDCVI 1Mp (KX-1001S4) - Hàng Chính Hãng
Trọn bộ 4 camrea DS-2CE16D0T-IRP + DS-7104HQHI-K1 + HDD WESTERN 500GB - Hàng Chính Hãng
Trọn Bộ 4 Mắt Camera Hikvision 1080P 2.0 - Hàng chính hãng
Camera hành trình gương android Navicom M96 Plus chính hãng
Bộ Kit Camera kiwivision AHD 2.0Mp Full HD thu âm - hàng chính hãng
"Camera Hành Động Quay Phim Chụp Ảnh Chống Nước SQ13 Xem Qua Wifi, đa năng, hình ảnh rõ nét"
Bộ KIT 4 camera chính hãng Hikvision  HD720P
Trọn bộ 8 camera Hikvision 2.0 Megapixel - Hàng chính hãng
Trọn bộ 2 camera Hikvision 2.0 Megapixel kèm ổ cứng - Hàng chính hãng
"Com bo trọn bộ camera KB Vision Full HD( 1 đầu ghi KX-7104SD6 + 4 camera KX-2100CB4x2, KX-2112CBx2 ) - Hàng Chính Hãng"
Bộ KIT 4 camera Hikvision HD720P ổ cứng 500g Hàng Chính hãng 
Trọn bộ 4 camera Dome KBVISION Full HD 1080p- Hàng chính hãng
Trọn bộ 4 Camera HIKVISION tích hợp MIC thu âm DS-2CE16D0T-ITFS hồng ngoại 2.0M - Hãng chính hãng
Trọn bộ 6 camera hikvision chính hãng và đầu ghi DS-7108HGHI-F1/N
Trọn Bộ 4 Mắt Camera Hikvision Có mầu ngày đêm - Hàng chính hãng
Bộ KIT Camera Dahua CVI vỏ sắt: 1 đầu ghi + 4 mắt gắn trần Hàng chính hãng
Camera hành trình thông minh Navicom K11 chính hãng
Bộ KIT Camera Dahua CVI vỏ nhựa: 1 đầu ghi + 4 mắt gắn trần Hàng chính hãng
Camera Longse TVI 2.0MP 1080p bộ 3 mắt (Nhựa)
Bộ KIT Camera Dahua CVI vỏ nhựa: 1 đầu ghi + 4 mắt thân trụ Hàng chính hãng
TRỌN BỘ 2 CAMERA HIKVISION 1080P (2.0MP) - Hàng Nhập Khẩu
Trọn bộ 4 camera Dahua Full HD 1080p ổ cứng 500G -  Hàng nhập khẩu
Trọn bộ camera KBVISION 2.0 MP Full HD - Hàng Chính Hãng
TRỌN BỘ 04 CAMERA HIKVISION 720P (1.0MP) - Hàng Nhập Khẩu
Trọn bộ 2 Camera Hikvision 1.0MP DS-2CE16C0T-IR và DS-7104HGHI-F1 - HDD WD 500GB.
Trọn bộ 4 Camera HIKVISION dome ốp trần 720P - Hàng chính hãng
Trọn Bộ 2 Camera HD TVI 5MP Tích Hợp Báo Động HIKVISION - Hàng Chính Hãng 
Trọn bộ 1 camera chính hãng Hikvision HD720P
Trọn Bộ 03 CAMERA HIKVISION 720P (Thân) - Hàng Nhập Khẩu
Trọn Bộ 2 Camera Tích Hợp Báo Động Dahua HD CVI 2MP  - Hàng Chính Hãng
Trọn bộ 2 camera chính hãng Hikvision HD720P
Trọn bộ 3 camera Hikvision 2.0 Megapixel kèm ổ cứng - Hàng chính hãng
"Trọn bộ 6 Camera Hikvision 1080P (Văn Phòng, Cửa Hàng) Hàng Chính Hãng"
Trọn bộ 5 camera Hikvision 1.0 Megapixel - Hàng chính hãng
"Trọn bộ 3 camera Hikvision 720 (Gia đình, văn phòng, cửa hàng) Hàng Chính Hãng"
Trọn bộ 2 Camera HIKVISION bán cầu hồng ngoại 720P - Hàng Chính Hãng
Camera Longse TVI 2.0MP 1080p bộ 8 mắt ( Nhựa) - Hàng chính hãng
Trọn bộ 4 camera Hikvision 1.0 Megapixel - Hàng chính hãng
Camera giám sát ảnh nhiệt HIKVISION – Hàng chính hãng 100% – Mã HIKVISION DS-2TD2617B-3/PAB-SDSSET Cực nhanh – An toàn – Chính xác – Dễ truy vết
Camera IP Axis M1045-LW – Hàng chính hãng
TRỌN BỘ 4 CAMERA HIKVISION DS-2CE56D0T-IR VÀ DS-7104HQHI-K1. HDD WD 500GB - Hàng nhập khẩu
Trọn bộ 3 camera Hikvision chính hãng DS-2CE56D0T-IRP + DS-2CE16D0T-IRP full HD 2mp và đầu ghi DS-7104HGHI-F1
Camera Longse TVI 2.0MP 1080p bộ 2 mắt (Nhựa)
TRỌN BỘ 6 CAMERA HIKVISION DS-2CE56D0T-IR VÀ DS-7108HQHI-K1. HDD WD 500GB (Hàng chính hãng)
Trọn Bộ 6 Camera Hikvision 720P Hàng chính hãng
Trọn bộ 5 camera Hikvision 2.0 Megapixel kèm ổ cứng - Hàng chính hãng
Camera Quan Sát CVI Dahua 2.4Mp HAC-HFW2220SP - Hàng Chính Hãng
"TRỌN BỘ 7 CAMERA HIKVISION 720P ( Nhà ở, Văn Phòng, Cửa hàng) Hàng Chính Hãng"
"TRỌN BỘ 8 CAMERA HIKVISION 720P (Văn Phòng, Nhà ở, Cửa hàng ) Hàng Chính hãng"
Bộ cấp nguồn điện dự phòng Klink dành cho hệ thống 4 camera giám sát và đầu ghi
Trọn Bộ 2 Camera Hikvision Ds-2ce56c0t-Ir Và Ds-7104hghi-F1. Hdd 500gb - Hàng Nhập Khẩu
TRỌN BỘ 3 CAMERA HIKVISION DS-2CE56D0T-IR VÀ DS-7104HQHI-K1+ HDD WD 500GB (Hàng chính hãng)
Bộ KIT Camera Dahua CVI vỏ sắt: 1 đầu ghi + 2 mắt thân trụ + 2 mắt gắn trần Hàng chính hãng
Trọn bộ 1 camera Hikvision 1.0 Megapixel - Hàng chính hãng
Camera Quan Sát CVI Dahua 1Mp HAC-HUM3101B - Hàng Chính Hãng
Bộ KIT Camera Dahua CVI vỏ nhựa: 1 đầu ghi + 2 mắt thân trụ + 2 mắt gắn trần Hàng chính hãng
Camera AVTECH DGC1204XTP ( hàng chính hãng )
Trọn bộ 2 camera Hikvision chính hãng DS-2CE56D0T-IRP + DS-2CE16D0T-IRP full HD 2mp và đầu ghi DS-7104HGHI-F1 
"Trọn Bộ 2 camera Quan sát Hikvision 720P ( Gia Đình, Cửa Hàng)- Hàng chính hãng"
Trọn bộ 3 Camera HIKVISION bán cầu hồng ngoại 2MP - Hàng chính hãng 
"Trọn Bộ 4 Camera Hikvision 1080P  (Nhà Riêng, Văn Phòng) Hàng Chính Hãng"
Camera Longse TVI 2.0MP 1080p bộ 1 mắt (Nhựa)
"Camera Wifi 2.0MP (1080P) 2 râu cực mạnh, siêu nét - Hàng nhập khẩu"
Trọn Bộ Camera Hikvision 2.0MP - FHD 1080P (5/6/7/8 Mắt 2.0MP) - HDD 2TB + Đầy đủ phụ kiện lắp đặt - Hàng chính hãng
Trọn bộ 2 camera Hikvision-chính hãng DS-2CE56D0T-IRP + DS-2CE16D0T-IRP full HD 2mp và đầu ghi DS-7104HGHI-F1
TRỌN BỘ 4 CAMERA HIKVISION DS-2CE56D0T-IR VÀ DS-7104HQHI-K1. HDD WD 500GB - Hàng chính hãng
Trọn Bộ 04 Camera Hikvision 720P (THÂN) - Hàng Nhập Khẩu
"Trọn Bộ 4 camera Hikvision 720P (Nhà riêng, shop - cửa hàng) Hàng chính hãng"
Trọn bộ 4 Camera HIKVISION bán cầu hồng ngoại 2MP - Hàng chính hãng Phân Phối
Trọn bộ 6 camera Hikvision 2.0 Megapixel kèm ổ cứng - Hàng chính hãng
TRỌN BỘ 2 CAMERA HIKVISION 720P (Thân) - Hàng Nhập Khẩu
Trọn bộ 3 camera Hikvision 1.0 Megapixel - Hàng chính hãng
Camera AVTECH DGC1125AXTP/F36 (hàng chính hãng)
Trọn bộ 3 camera Hikvision 1.0 Megapixel kèm ổ cứng - Hàng chính hãng
Camera Longse TVI 2.0MP 1080p bộ 2 mắt (Kim loại)
Camera Longse TVI 2.0MP 1080p bộ 7 mắt (Nhựa) - Hàng chính hãng
Trọn bộ 7 camera Hikvision 2.0 Megapixel - Hàng chính hãng
"TRỌN BỘ 8 CAMERA HIKVISION 1080P (Nhà riêng , Văn Phòng, Cửa Hàng ) Hàng Chính Hãng"
Camera Longse TVI 2.0MP 1080p bộ 5 mắt (Nhựa)
"Trọn Bộ 5 Camera Hikvision 1080P (Gia Đình, Cửa Hàng) Hàng Chính Hãng"
Trọn Bộ 2 Camera Hikvision Ds-2ce56c0t-Ir Và Ds-7104hghi-F1. Hdd 500gb - Hàng Chính Hãng
Trọn bộ 4 camrea DS-2CE16D0T-IRP + DS-7104HQHI-K1 + HDD WESTERN 500GB.+ Nguồn Phicomm- Hàng Chính Hãng
Trọn bộ 8 camera Hikvision 1.0 Megapixel kèm 1 ổ cứng 1TB - Hàng chính hãng
AOLIN HOME ALARM SYSTEM
Camera Longse TVI 2.0MP 1080p bộ 4 mắt (Nhựa) - Hàng chính hãng
Trọn bộ 7 camera Hikvision 2.0 Megapixel kèm ổ cứng - Hàng chính hãng
Trọn bộ 3 camera Hikvision 2.0 Megapixel - Hàng chính hãng
Trọn bộ 5 camera Hikvision chính hãng DS-2CE56D0T-IRP + DS-2CE16D0T-IRP và đầu ghi DS-7108HGHI-F1/N
Camera Quan Sát CVI Dahua HAC-HDW1200LP-S3 - Hàng chính hãng
Camera Quan Sát KBVISION HDCVI 1Mp (KX-1002C4) - Hàng Chính Hãng
"Trọn Bộ 5 Camera Hikvision 720P (Gia Đình, Cửa Hàng) Hàng Chính Hãng"
TRỌN BỘ 5 CAMERA HIKVISION DS-2CE56D0T-IR VÀ DS-7104HQHI-K1. HDD WD 500GB (Hàng chính hãng)
"Trọn bộ 7 Camera Hikvision 1080P (Văn Phòng, Cửa Hàng) Hàng Chính Hãng"
Trọn bộ 4 camrea DS-2CE16D0T-IRP + DS-7104HQHI-K1 + HDD WESTERN 500GB - Hàng Nhập Khẩu
Trọn bộ 2 Camera HIKVISION bán cầu hồng ngoại 2MP - Hàng Chính hãng Phân phối
Camera Quan Sát Speed Dome Dahua CVI 1Mp SD6C120I-HC - Hàng Chính Hãng
Camera Quan Sát CVI Dahua 1Mp HAC-HFW1100DP - Hàng Chính Hãng
camera dome hikvision DS-2CE56D0T-IT3- Hàng chính hãng
Camera DGC1305AP/F28F80 ( hàng chính hãng )
Trọn bộ 7 camera Hikvision 1.0 Megapixel kèm ổ cứng - Hàng chính hãng
Trọn bộ 2 Camera Hikvision 1.0MP DS-2CE16C0T-IR và DS-7104HGHI-F1 - HDD WD 500GB - Hàng nhập khẩu
Bộ Kit camera IP Wifi HILOOK IK-4042BH-MH/W(B) - Hàng chính hãng
"Trọn Bộ 3 Camera Hikvision 1080P (Nhà Riêng, Văn Phòng) Hàng Chính Hãng"
Trọn bộ 4 camera Hikvision 1.0 Megapixel kèm ổ cứng - Hàng chính hãng
Camera Quan Sát KBVISION HDCVI 2Mp (KX-2002C4) - Hàng Chính Hãng
Trọn bộ 3 Camera HIKVISION bán cầu hồng ngoại 720P - Hàng chính hãng 
Camera Longse TVI 2.0MP 1080p bộ 6 mắt (Nhựa) - Hàng chính hãng
Camera DGC1304AP/F28F80 ( hàng chính hãng )
