"Loa Bluetooth Sanag X6 Plus Bản Mở Rộng, chống nước IPX5. Hỗ Trợ Kết Nối Bluetooth 5.0, Thẻ Nhớ, Nhiều Màu Sắc - Hàng chính hãng"
"Loa Bluetooth GUTEK C3 MINI Nghe Nhạc Cầm Tay Không Dây, Vỏ Nhôm Nghe Nhạc Hay, Âm Thanh Chất Lượng, Hỗ Trợ Kết Nối Bluetooth 4.0, Thẻ Nhớ, Đài FM, Usb, Nhiều Màu Sắc - Hàng Chính Hãng"
Loa Bluetooth Sony SRS-XB12 - Hàng chính hãng
Loa Bluetooth JBL Go 2 - Hàng Chính Hãng
Loa bluetooth JBL Flip 5 - Hàng chính hãng
Loa Bluetooth JBL Charge 4 30W - Hàng Chính Hãng
Loa Bluetooth 5.0 Kiêm Đồng Hồ Báo Thức - [[ 2 Trong 1 ]] - Robot - Hàng Chính Hãng
Loa Bluetooth Harman Kardon Onyx Studio 5 50W - Hàng Chính Hãng
Loa Bluetooth Mini Speaker B2
"Loa Bluetooth 5.0 - [[ Nghe 24h - Phạm Vi 20m, 200m2 ]] - VIVAN VS20 - Hàng Chính Hãng"
Loa bluetooth Iron Man siêu ngầu D00-561
Loa Bluetooth Sony SRS-XB22 - Hàng chính hãng
Loa bluetooth Zealot ngoài trời âm thanh siêu trầm S9 hàng chính hãng tương thích điện thoại di động máy tính laptop
Loa Bluetooth xách tay D-B16
"Hàng Chính Hãng - Loa Máy Vi Tính SADA D-202, Âm Thanh Siêu Trầm"
Loa Bluetooth JBL Go + (Plus) - Hàng Chính Hãng
Loa di động Bluetooth LG XBOOMGO PL2 - Hàng Chính Hãng
Loa Bluetooth Mặt Gương Kiêm Đồng Hồ Báo Thức BT506 V5.0 - Có Khe Cắm Thẻ Nhớ
"Loa Kéo Karaoke Bluetooth Kiomic Q8 Vân Gỗ Điều Chỉnh Bass, Treble - Hàng Nhập Khẩu"
"Loa Bluetooth GUTEK C4 Mini Nghe Nhạc Cầm Tay Không Dây , Âm Thanh Trong Nghe Nhạc Hay, Vỏ Nhôm Nhiều Màu Sắc, Hỗ Trợ Kết Nối Bluetooth 4.0, Cổng 3.5, USB Và Thẻ Nhớ - Hàng chính hãng"
Loa Bluetooth Sony ExtraBass XB01 - Hàng Chính Hãng
Loa Bluetooth Speaker không dây 10W PKCB2 - Hàng chính hãng
 Loa Thông Minh Tích Hợp Trợ Lí Ảo Google Home Mini Xám/Trắng - Hàng Nhập Khẩu
Loa Vi Tính Bluetooth Microlab M-106BT 2.1 (10W) - Hàng Chính Hãng
Loa Bluetooth JBL Clip 3 - Hàng Chính Hãng
Loa Bluetooth MIFA A10 Super Bass - Hàng Chính Hãng
Loa Vi Tính Microlab B51 2.0 (4W) - Hàng Chính Hãng
"	 Loa TWS Bluetooth 5.0 VIVAN VS1 – Chống Nước IPX5, Pin 1800mAh, Âm Thanh Sống Động, Hỗ Trợ Thẻ Nhớ SD & USB – HÀNG CHÍNH HÃNG"
Loa Bluetooth JBL Xtreme 2 (40W) - Hàng Chính Hãng
Loa Bluetooth Tronsmart Element T6 Mini Loa Bluetooth 5.0 ngoài trời chống thấm nước IPX6 15W - Hàng Chính Hãng
"[[ Loa Không Dây Bluetooth 5.0 - Nghe 8h - Phạm Vi 10m ]] - Cho iOS/Apple (iPhone/iPad), Android (Samsung, Sony, Xiaomi, Huawei, Oppo) Màu Đen - RB100 -  Hàng Chính Hãng"
"USB tạo Bluetooth cho dàn âm thanh xe hơi, amply, loa Car Bluetooth"
"Loa Karaoke Bluetooth Xách Tay KM-S1 (Đen) Tặng Kèm 1 Mic Hát Có Dây Cắm Trực Tiếp, Bass Không Dây, Đèn Led Sống Động"
Loa kẹo kéo di động kiomic k89 có bluetooth kèm 2 micro thùng gỗ karaoke
Loa bluetooth mini 5.0 nhỏ gọn PKCB PF1002 - Hàng chính hãng
Loa Bluetooth 60W công suất lớn Super Bass chống nước IPX5 pin 6600MAH sạc nhanh Type C công nghệ AI Hàng Chính Hãng PKCB
"Loa Bluetooth Tronsmart Element T2 Plus Loa di động 20W, Chống nước IPX7 - Hàng Chính Hãng"
Loa Bluetooth 5.0 Extra Bass 2GOOD S32 - Hàng Chính Hãng
Loa Vi Tính Microlab M-105 2.1 - Hàng Chính Hãng
Loa Bluetooth Harman Kardon Go + Play mini 100W - Hàng Chính Hãng
Loa Bluetooth Anker Soundcore Mini - A3101 - Hàng Chính Hãng
Loa kéo karaoke Temeisheng A1265/ Model A12-10 (BASS 30CM) - Hàng chính hãng
Loa Bluetooth Sony SRS-XB23 - Hàng Chính Hãng
Loa bluetooth không dây di động ngoài trời Zealot hàng chính hãng
Loa thông minh tích hợp Google Home Mini - Hàng nhập khẩu
Loa Mini Bluetooth HLD-600 Led Nháy Theo Nhạc (Giao màu ngẫu nhiên)
Loa Bluetooth Anker SoundCore Motion B - A3109 - Hàng Chính Hãng
Loa di động Bluetooth LG XBOOMGO PL7 - Hàng chính hãng
Loa Bluetooth GH16 Siêu Trầm
Loa Vi Tính (Có tích hợp thêm chức năng Bluetooth) Bosston T3500-BT 
Loa Vi Tính Logitech Z121 2.0 - Hàng Chính Hãng
Máy Nghe Nhạc Sony Walkman NWZ-B183F - Hàng Chính Hãng
"Loa Bluetooth Mini GUTEK BS119 Đa Năng Thiết Kế Nhỏ Gọn, Loa Cầm Tay Không Dây Nghe Nhạc Cực Hay, Bass Cực Đỉnh, Hỗ Trợ Kết Nối Thẻ Nhớ Tf, Đài Fm Và Cổng 3.5, Nhiều Màu Sắc - Hàng chính hãng"
Loa Bluetooth Microlab M108-BT - Hàng Chính Hãng
Loa Bluetooth Anker SoundCore 6W - A3102 - Hàng Chính Hãng
Bộ 3 Loa Máy Tính USB D-202
Loa Bluetooth phong cách Vintage hỗ trợ thẻ nhớ
Loa Vi Tính Mini D-02A 2.0
Loa Karaoke Bluetooth xách tay Kimiso KM-S1 và micro có dây Hàng chính hãng 
Loa di động Bluetooth chống nước IPX7 40W Tronsmart Element Force+ - hàng chính hãng 
Loa Kéo Bluetooth LG XBOOM ON2D - Hàng Chính Hãng
Loa máy tính LOYFUN M22 - Hàng nhập khẩu
Loa Bluetooth Kimiso KM-S2 Hát Karaoke
Loa Bluetooth JBL Charge 3 Special Edition 20W - Hàng Chính Hãng
Loa Bluetooth Harman Kardon Aura Studio 3 - Hàng Chính Hãng
Loa Bluetooth Sony Extra Bass SRS-XB33 - Hàng chính hãng
Loa Vi Tính Logitech Z337 2.1 80W Bluetooth - Hàng Chính Hãng
Loa Vi Tính Microlab M-300 2.1 (38W) - Hàng Chính Hãng
Máy trợ giảng Takstar E126- hàng chính hãng
Loa Bluetooth Marshall Stockwell 2 - Hàng Nhập khẩu
Loa Bluetooth JBL Pulse 4 - Hàng Chính Hãng
Loa Vi Tính Logitech Z213 2.1 14W - Hàng Chính Hãng
Loa Bluetooth Sony SRS-XB31 - Hàng Chính Hãng
Loa Bluetooth Sanag X6 - Hàng nhập khẩu
"Loa Karaoke Bluetooth Mini P132,133 - Cho Cuộc Sống Luôn Vui Vẻ "
Loa Vi Tính Mini Âm Thanh Siêu Trầm Ezeey A1 ( Giao màu ngẫu nhiên)
Loa Vi Tính SoundMax A-130/2.0 6W  - Hàng Chính Hãng
Bộ USB thu bluetooth cho dàn amly ra loa
Loa Bluetooth Sony SRS-XB32 - Hàng chính hãng
Loa Bluetooth 40W công suất lớn Super Bass chống nước IPX7 pin 6600MAH sạc nhanh Type C công nghệ AI Hàng Chính Hãng PKCB03
Micro hát karaoke kiêm loa bluetooth
Loa kẹo kéo karaoke Bluetooth k108 tặng micro
PKCB Loa bluetooth không dây  cao cấp 120 màu đen loa nghe điện thoại - Hàng Chính Hãng
Loa Máy Tính Siêu Trầm V-196 (màu ngẫu nhiên)
Loa bluetooth cao cấp TG113 âm lượng siêu trầm bass cực chất - Hàng nhập khẩu
Loa vi tính PKCB7 - Hàng Chính Hãng
Máy Nghe Nhạc Sony Walkman NW-WS413 - Hàng Chính Hãng
 Loa Bluetooth Harman Kardon Onyx Studio 6 - Hàng Chính Hãng
Loa Vi Tính Microlab M-100 2.1 10W - Hàng Chính Hãng
Loa Karaoke Bluetooth Xách Tay KM-S3 Tặng Kèm 1 Mic Hát Có Dây Cắm Trực Tiếp
Máy trợ giảng SHIDU SD-S358 - Hàng Chính Hãng
Loa Vi Tính Logitech Z120 2.0 1.2W - Hàng Chính Hãng
Loa bluetooth hát Karaoke Xách tay P88 – P89 tặng kèm Micro
 LOA KÉO JBZ JB 0603 - Hàng Chính Hãng
"Loa bluetooth B16 âm to, loa FX xách tay chất lượng cao - Hàng nhập khẩu"
Loa Bluetooth Thông Minh Amazon Echo Dot 3 Trợ Lý Ảo Alexa - Hàng Chính Hãng
Loa Vi Tính Microlab B56 (2.0) - Hàng Chính Hãng
Loa Bluetooth mini TWS 5.0 Aurum wireless không dây - [Hàng Chính Hãng] 
loa phóng thanh loại tốt có khe usb và thẻ nhớ
Loa Bluetooth Ultimate Ears Wonderboom 2 - Hàng Chính Hãng
Loa Bluetooth Anker SoundCore Mini 2 - A3107 - Hàng Chính Hãng
Loa Bluetooth Sony Extra Bass SRS-XB43 - Hàng chính hãng
Loa kẹo kéo di động k88 có bluetooth kèm 2 micro thùng gỗ bass karaoke hay
"Loa Bluetooth GUTEK A8 Mini Cảm Ứng, Vỏ Kim Loại, Loa Nghe Nhạc Cầm Tay Không Dây, Âm Thanh Cực Hay, Bass Cực Chất Cắm Thẻ Nhớ Tf Và Cổng 3.5, Đài FM Nhiều Màu Sắc - Hàng Chính Hãng"
Loa Vi Tính Bộ Ba Loa Bass Cực Hay Âm Thanh Cao Cấp PKCB7 - Hàng Chính Hãng 
Loa Vi Tính Microlab FC-361 2.1+1 (54W) - Hàng Chính Hãng
Loa Bluetooth BS01 đỉnh cao âm nhạc - Hàng nhập khẩu cao cấp
"Loa Máy Vi Tính Bluetooth S13, Hỗ Trợ Bluetooth, USB, TF, Jack 3.5mm, Có Đèn Led Sáng 2 Cạnh, Pin Cực Khủng 2200mAh"
Loa bluetooth di dộng ngoài trời không dây Zealot hàng chính hãng âm siêu trầm nghe nhạc cực hay
Loa Vi Tính Creative Pebble 2.0 4.4W - Hàng Chính Hãng
Loa Soundbar 100 USB Genius - Hàng chính hãng
Loa Vi Tính Logitech Z906 5.1 1000W - Hàng Chính Hãng
"Loa Bluetooth GUTEK S2025 Vỏ Nhôm Sang Trọng, Loa Cầm Tay Không Dây Nghe Nhạc Âm Thanh Chất,  Âm Bass Cực Hay, Kết Nối Usb, Thẻ Nhớ, Cổng 3.5, Đài Fm, Nhiều Màu Sắc - Hàng Chính Hãng"
Loa bluetooth _ Loa bluetooth Charge 3 mini - Giao màu ngẫu nhiên
Loa Bluetooth JBL Pulse 3 20W - Hàng Chính Hãng
Loa Bluetooth Mifa A10+ Super Bass ( Phiên Bản Nâng Cấp MIFA A10) - Hàng Chính Hãng
"USB Bluetooth Cho Loa,  ÂM ly, Tivi HJX-001"
Loa Bluetooth 40W công suất lớn Super Bass chống nước IPX7 pin 6600MAH sạc nhanh Type C công nghệ AI Hàng Chính Hãng PKCB06
Loa Bluetooth XOUNDBAR X-mini XAM29 - Hàng Chính Hãng
Loa kéo di động karaoke Temeisheng LA015/Model A108 (BASS 40CM) - Hàng chính hãng
Loa nghe nhạc bluetooth nghệ thuật graffiti cộng suất lớn 10W có âm pass 2 loa kép khuếch đại âm thanh PKCB PF1011 - Hàng chính hãng
Loa bluetooth Marshall Kilburn II - Hàng nhập khẩu 
Loa Bluetooth
Loa bluetooth Charge2+ loa nghe nhạc kiêm sạc dự phòng Âm thanh sống động (E2)
"Máy trợ giảng không dây T9 Wireless Kháng nước, Kèm theo: 1 Micro ko dây cài tai + 1 Micro có dây cài ve áo + 1 Tai nghe Bluetooth Siêu Bass Có Mic Đàm Thoại Thích Hợp các cuộc họp, hội nghị và học trực tuyến trên Zoom "
Loa di động Bluetooth LG XBOOMGO PL5 - Hàng chính hãng
Google Nest Mini (2nd Generation) - Hàng nhập khẩu
"Loa Thanh Siêu Trầm Bluetooth Gaming Soundbar D238 Hỗ Trợ BASS, Cổng Kết Nối USB, Jack 3.5 Dùng Cho Máy Vi Tính PC, Laptop, Tivi"
Loa thông minh trích hợp trợ lí ảo Google Home Mini (Charcoal) - Hàng Nhập Khẩu 
Máy Trợ Giảng Không Dây Shidu SD-S611 (UHF) - Hàng Chính Hãng
Loa Karaoke Bluetooth P88-P89 (Kèm Mic) 
Loa Kéo Karaoke Nghe Cực Hay q8 kèm 1 micro
Loa Bluetooth Bose Soundlink Mini II Special Edition - Hàng Chính Hãng
Máy trợ giảng không dây UHF 2.4G Aporo T20 ( hàng nhập khẩu )
"Loa Karaoke Bluetooth Mini P668,669 giao màu ngẫu nhiên - Cho Cuộc Sống Luôn Yên Vui"
Loa Vi Tính Logitech Z625 2.1 400W - Hàng Chính Hãng
Micro trợ giảng không dây kết nối 2.4ghz
Bộ Thu Bluetooth 5.0 Cho Loa. Amly Hỗ Trợ Cổng 3.5mm + Rca Ugreen 40759 - Hàng Chính Hãng
"Loa Karaoke Bluetooth Xách Tay KMS1 Tặng Kèm 1 Mic Hát Có Dây Cắm Trực Tiếp, Bass Không Dây, Đèn Led Sống Động"
Loa Bluetooth Bose SoundLink Revolve - Hàng Chính Hãng
Loa bluetooth mini 5.0 loa nghe thẻ nhớ loa nghe nhạc không dây PF120 màu đen - Hàng Chính Hãng
Loa Vi Tính Ruizu RZ180 2.1 - Đen - Hàng Nhập Khẩu
Loa Bluetooth Bose SoundLink Micro - Hàng Chính Hãng
"Loa kéo karaoke cao cấp SunyBox GJ-S12 (BASS 30CM) có Mic Bass, Mic Tress, Delay, 2 USB, TN Bluetooth Siêu Bass Có Mic Đàm Thoại Thích Hợp các cuộc họp, học trực tuyến trên Zoom - Hàng chính hãng"
"Loa Bluetooth Sanag X6 Plus Bản Mở Rộng, chống nước IPX5. Hỗ Trợ Kết Nối Bluetooth 5.0, Thẻ Nhớ, Nhiều Màu Sắc - Hàng chính hãng"
"Loa Bluetooth GUTEK C3 MINI Nghe Nhạc Cầm Tay Không Dây, Vỏ Nhôm Nghe Nhạc Hay, Âm Thanh Chất Lượng, Hỗ Trợ Kết Nối Bluetooth 4.0, Thẻ Nhớ, Đài FM, Usb, Nhiều Màu Sắc - Hàng Chính Hãng"
Loa Bluetooth Sony SRS-XB12 - Hàng chính hãng
Loa Bluetooth JBL Go 2 - Hàng Chính Hãng
Loa bluetooth JBL Flip 5 - Hàng chính hãng
Loa Bluetooth JBL Charge 4 30W - Hàng Chính Hãng
Loa Bluetooth 5.0 Kiêm Đồng Hồ Báo Thức - [[ 2 Trong 1 ]] - Robot - Hàng Chính Hãng
Loa Bluetooth Harman Kardon Onyx Studio 5 50W - Hàng Chính Hãng
Loa Bluetooth Mini Speaker B2
"Loa Bluetooth 5.0 - [[ Nghe 24h - Phạm Vi 20m, 200m2 ]] - VIVAN VS20 - Hàng Chính Hãng"
Loa bluetooth Iron Man siêu ngầu D00-561
Loa Bluetooth Sony SRS-XB22 - Hàng chính hãng
Loa bluetooth Zealot ngoài trời âm thanh siêu trầm S9 hàng chính hãng tương thích điện thoại di động máy tính laptop
Loa Bluetooth xách tay D-B16
"Hàng Chính Hãng - Loa Máy Vi Tính SADA D-202, Âm Thanh Siêu Trầm"
Loa Bluetooth JBL Go + (Plus) - Hàng Chính Hãng
Loa di động Bluetooth LG XBOOMGO PL2 - Hàng Chính Hãng
Loa Bluetooth Mặt Gương Kiêm Đồng Hồ Báo Thức BT506 V5.0 - Có Khe Cắm Thẻ Nhớ
"Loa Kéo Karaoke Bluetooth Kiomic Q8 Vân Gỗ Điều Chỉnh Bass, Treble - Hàng Nhập Khẩu"
"Loa Bluetooth GUTEK C4 Mini Nghe Nhạc Cầm Tay Không Dây , Âm Thanh Trong Nghe Nhạc Hay, Vỏ Nhôm Nhiều Màu Sắc, Hỗ Trợ Kết Nối Bluetooth 4.0, Cổng 3.5, USB Và Thẻ Nhớ - Hàng chính hãng"
Loa Bluetooth Sony ExtraBass XB01 - Hàng Chính Hãng
Loa Bluetooth Speaker không dây 10W PKCB2 - Hàng chính hãng
 Loa Thông Minh Tích Hợp Trợ Lí Ảo Google Home Mini Xám/Trắng - Hàng Nhập Khẩu
Loa Vi Tính Bluetooth Microlab M-106BT 2.1 (10W) - Hàng Chính Hãng
Loa Bluetooth JBL Clip 3 - Hàng Chính Hãng
Loa Bluetooth MIFA A10 Super Bass - Hàng Chính Hãng
Loa Vi Tính Microlab B51 2.0 (4W) - Hàng Chính Hãng
"	 Loa TWS Bluetooth 5.0 VIVAN VS1 – Chống Nước IPX5, Pin 1800mAh, Âm Thanh Sống Động, Hỗ Trợ Thẻ Nhớ SD & USB – HÀNG CHÍNH HÃNG"
Loa Bluetooth JBL Xtreme 2 (40W) - Hàng Chính Hãng
Loa Bluetooth Tronsmart Element T6 Mini Loa Bluetooth 5.0 ngoài trời chống thấm nước IPX6 15W - Hàng Chính Hãng
"[[ Loa Không Dây Bluetooth 5.0 - Nghe 8h - Phạm Vi 10m ]] - Cho iOS/Apple (iPhone/iPad), Android (Samsung, Sony, Xiaomi, Huawei, Oppo) Màu Đen - RB100 -  Hàng Chính Hãng"
"USB tạo Bluetooth cho dàn âm thanh xe hơi, amply, loa Car Bluetooth"
"Loa Karaoke Bluetooth Xách Tay KM-S1 (Đen) Tặng Kèm 1 Mic Hát Có Dây Cắm Trực Tiếp, Bass Không Dây, Đèn Led Sống Động"
Loa kẹo kéo di động kiomic k89 có bluetooth kèm 2 micro thùng gỗ karaoke
Loa bluetooth mini 5.0 nhỏ gọn PKCB PF1002 - Hàng chính hãng
Loa Bluetooth 60W công suất lớn Super Bass chống nước IPX5 pin 6600MAH sạc nhanh Type C công nghệ AI Hàng Chính Hãng PKCB
"Loa Bluetooth Tronsmart Element T2 Plus Loa di động 20W, Chống nước IPX7 - Hàng Chính Hãng"
Loa Bluetooth 5.0 Extra Bass 2GOOD S32 - Hàng Chính Hãng
Loa Vi Tính Microlab M-105 2.1 - Hàng Chính Hãng
Loa Bluetooth Harman Kardon Go + Play mini 100W - Hàng Chính Hãng
Loa Bluetooth Anker Soundcore Mini - A3101 - Hàng Chính Hãng
Loa kéo karaoke Temeisheng A1265/ Model A12-10 (BASS 30CM) - Hàng chính hãng
Loa Bluetooth Sony SRS-XB23 - Hàng Chính Hãng
Loa bluetooth không dây di động ngoài trời Zealot hàng chính hãng
Loa thông minh tích hợp Google Home Mini - Hàng nhập khẩu
Loa Mini Bluetooth HLD-600 Led Nháy Theo Nhạc (Giao màu ngẫu nhiên)
Loa Bluetooth Anker SoundCore Motion B - A3109 - Hàng Chính Hãng
Loa di động Bluetooth LG XBOOMGO PL7 - Hàng chính hãng
Loa Karaoke Bluetooth Kiomic K68 Siêu Hay Kèm 1 Micro không dây hàng chính hãng
"Loa vi tính PKCBPF164 cho điện thoại, máy tính, laptop bass có dây bộ 2 loa"
loa siêu trầm điện subwoofer 150W Ibass ( hàng nhập khẩu ) đi kèm phíc cắm đa năng
Loa Bluetooth karaoke kèm 2 mic SDRD-306 - SDRD-306
Máy trợ giảng không dây T9 2.4G chống rung - đỏ
Loa Kéo Bluetooth LG XBOOM RM1 - Hàng Chính Hãng
Loa Bluetooth Anker Soundcore Motion Q 16W (A3108011) - Hàng Chính Hãng 
Loa vi tính  điện thoại máy tính laptop bass bộ 3 loa  2N PF6
Loa Bluetooth Kimiso KM-S2 Hát Karaoke - Hàng Chính Hãng
Loa Phòng Họp Jabra Speak 510 - Hàng Chính Hãng
Máy nghe nhạc Hi-res Sony Walkman NW-A55 màu đen - Hàng Chính Hãng.
Loa kéo di động JBZ 1206 (JB+1206) - Hàng Nhập Khẩu
Loa bluetooth Bose Home Speaker 300 - Hàng Chính Hãng
Loa Kéo K89 - Loa karaoke mini di động Tặng Kèm 2 Micro không dây 2020
Máy trợ giảng SN 898 -Hàng nhập khẩu
"Loa vi tính xí ngầu mini dành cho điện thoại, cho máy tính bảng, cho laptop và cho máy tính để bàn aman"
Loa Bluetooth JBL Flip 5 - Hàng Nhập Khẩu
Loa Bluetooth JBL Boombox 40W (Nhiều Màu) - Hàng Chính Hãng
Loa Bluetooth Bose SoundLink Revolve Plus - Hàng Chính Hãng
Bộ Loa máy tính Microlab M105/2.1 - Hàng Chính Hãng
"Loa Nghe nhạc Điện thoại, Máy tính, Tivi 301 3 Loa 3 trong 1"
Máy trợ giảng không dây UHF Takstar E300W (Tặng kèm củ sạc) - Hàng chính hãng
Loa kẹo kéo karaoke Bluetooth q8 tặng kèm 1 micro không dây cực hay
Loa kéo Ronamax V8 (250W) - Hàng chính hãng
"Loa Bluetooth Tronsmart Element T6 Max, Loa Di Động Công Suất 60W - Hàng Chính Hãng"
Loa trợ giảng đa năng 4 trong 1 ROLTON   + TẶNG kèm micro không dây tiện dụng AZONE
Loa bluetooth Retro Television phong cách Cổ điển D00-733
Loa Kéo Di Động JBZ NE-108 - Hàng Chính Hãng
Loa Vi Tính Logitech Z607 5.1 Surround 160W - Hàng Chính Hãng
Máy nghe nhạc Bluetooth Ruizu D15 Hifi 2019 (8GB) - Hàng Chính Hãng
Loa Bluetooth Mini Simplicity BS-01 Âm Thanh Super Bass siêu trầm - Hàng Nhập Khẩu (Màu Ngẫu Nhiên)
"Loa mini nghe nhạc thẻ nhớ, USB, nghe kinh phật, radio nghe đài fm CR-16"
Loa mini bluetooth led nháy theo nhạc (Giao màu ngẫu nhiên)
Loa Bluetooth JBL Horizon 10W - Hàng Chính Hãng
Loa Kéo Di Động Temeisheng A12-44 - Hàng Chính Hãng 
Loa Kéo Bluetooth LG XBOOM RN5 - Hàng Chính Hãng
Loa Bluetooth Mini cao cấp MiSi R2 tặng kèm (1 hộp đựng loa + 1 móc khóa)
Loa Bluetooth Anker SoundCore Icon Mini - A3121 - Hàng Chính Hãng
Combo Mạch Loa Kéo 4 tấc đơn kèm 2 Mic UHF
Loa Bluetooth JBL Charge 3 20W - Hàng Chính Hãng
Máy Nghe Nhạc MP3 Ruizu X02 4GB (Đen) - Hàng Chính Hãng
Loa bluetooth không dây di động ngoài trời âm thanh siêu trầm nghe nhạc cực hay Zealot hàng chính hãng
Loa trợ giảng Aporo T18 công suất 30W 2.4G Bluetooth 5.0 không dây ( hàng nhập khẩu )
Loa Kéo Di Động JBZ NE-109 - Hàng Chính Hãng 
"Loa Kéo Karaoke Bluetooth Kiomic Q8 Vân Gỗ Điều Chỉnh Bass, Treble - Hàng Chính Hãng"
"Loa Bluetooth Không Dây GUTEK SC-211, Loa Nghe Nhạc Cầm Tay Di Động Nhỏ Gọn, Âm Thanh Chất Lượng, Bass Trầm Ấm Kết Nối Usb, Thẻ Nhớ, Cổng 3.5, Đài Fm, Nhiều Màu Sắc - Hàng chính hãng"
Loa Bluetooth Tronsmart Element T6 Plus Loa di động 40W - Hàng Chính Hãng
Loa Vi Tính Logitech Z333 2.1 40W - Hàng Chính Hãng
"Loa vi tính 2.1 kiêm Bluetooth USB thẻ nhớ Bosston T1800-BT 40W led RGB 7 màu, dùng nguồn 220V (Đen) - Hàng Chính Hãng"
"Loa Bluetooth IPx56 Plus Bản Mở Rộng, chống nước, âm thanh Bass cực mạnh. Hỗ Trợ Kết Nối Bluetooth 5.0, Micro Nhiều Màu Sắc - Hàng chính hãng"
Loa Bluetooth Karaoke KTS-1036 ( TẶNG KÈM MIC )
Loa Kéo di động JBZ 0806 - Hàng Nhập Khẩu
Loa Bluetooth xách tay Di động KARAOKE Kèm MICRO KM-S410 (giao màu ngẫu nhiên)
Đầu chuyển đổi 2.5mm đực sang 3.5mm cái dài 25mm UGREEN 20501 - Hàng chính hãng
Loa Vi Tính Bộ Ba Loa Nghe Nhạc Cực Hay Bass Treb Sống Động PKCB6 TRẮNG - Hàng Chính Hãng  
"Loa kéo di động karaoke ZANSONG K5 F2 ( Phiên bản 2) có 3 loa Bass, Trung, Tress kèm 2 micro - Hàng chính hãng"
Loa Máy Tính Kisonli I510 - HÀNG CHÍNH HÃNG
Loa Bluetooth Bradwell BR8 - Hàng chính hãng chất lượng
"Loa Bluetooth kèm pin sạc dự phòng Energizer BTS-051, dung lượng 2,000mAh, chống nước theo tiêu chuẩn IPX5, hỗ trợ thẻ micro SD, AUX - Hàng chính hãng"
"Loa Bluetooth Super Bass GUTEK X3, Loa Nghe Nhạc Cầm Tay Không Dây, Âm Thanh Lớn, Bass Tuyệt Hảo, Chống Thấm Nước Tốt, Cắm Usb, Thẻ Nhớ,Jack 3.5, Đài FM, Nhiều Màu Sắc - Hàng Chính Hãng"
Loa Kéo Di Động JBZ NE-109 Tặng 2 Micro Karaoke Bluetooth - Hàng Chính Hãng
"Loa Bluetooth Mini Đầu Chó Bull GUTEK L1, Loa Cầm Tay Không Dây Di Động Nghe Nhạc Cực Hay Pin Sạc Dùng Lâu Màu Sắc Đa Dạng, Cá Tính Chống Thấm Nước Tốt Hỗ Trợ Thẻ Nhớ, Đài Fm, USB, Cổng 3.5, Nhiều Màu Sắc - Hàng Chính Hãng"
Loa Soundbar 5.1 Bluetooth Hát Karaoke AMOI L5 Tặng 02 Micro Không Dây AZONE
Micro Không Dây Trợ Giảng Zangsong V11
 Loa Máy Tính Bosston Z220 Âm Sắc Đa Dạng Có Led RGB - Hàng Chính Hãng
Loa Bluetooth LG XBOOM Go PN5 - Hàng Chính Hãng
Loa Vi Tính Microlab X-2 2.1 46W - Hàng Chính Hãng
Loa Nghe Nhạc MP3 Kiêm Đài Radio B871 (Đa chức năng)
Loa nghe nhạc kiêm giá đỡ điện thoại BC168
Loa Bluetooth Sony SRS-XB12 / Tím - Hàng Chính Hãng
Loa Vi Tính Nghe Nhạc 4 Bass Siêu Trầm Ấm Âm Sắc 3D
"Máy trợ giảng không dây Aporo T20, Có Bluetooth UHF Wireless - Hàng nhập khẩu"
Loa bluetooth S2 kèm mic siêu hay
Loa Bluetooth UltimateEars WONDERBOOM 17W - Hàng Chính Hãng 
Loa Bluetooth Xách Tay KM-S1 xách tay - Đèn LED sống động- Tặng 1 micro VÀ Cáp sạc HAVIT 
Loa Soundbar 5.1 không dây Bluetooth A079 AZONE
Loa Karaoke Bluetooth Zansong A061 Mini - Hàng Nhập Khẩu
"Loa Bluetooth Cao Cấp Aukey Eclipse SK-M30 Silver, Công Suất 2x10W, 12 Giờ Nghe Nhạc, Chất Liệu Woven Fabric - Hàng Chính Hãng"
"Loa Bluetooth Mini GUTEK BS-02 Vỏ Kim Loại,  Nghe Nhạc Cầm Tay Không Dây, Âm Thanh Chất Lượng Bass Cực Hay, Có Móc Treo Tiện Lợi (Có Khe Cắm Thẻ Nhớ, Cổng 3.5, Nhiều Màu Sắc) - Hàng Chính Hãng"
Máy trợ giảng có dây SHIDU SD-S358 AZONE
Loa Kéo Karaoke Bluetooth Kiomic Q8 Tặng 1 mic - Hàng Chính Hãng 100%
"Loa Bluetooth GUTEK S1000 Vỏ Nhôm Sang Trọng, Loa Cầm Tay Không Dây Di Động Nghe Nhạc Cực Phẩm,Bass 2 Bên Loa Khủng, Cắm Usb Thẻ Nhớ Cổng 3.5, Đài FM, Nhiều Màu Sắc - Hàng chính hãng"
"Loa Bluetooth Mini Big Hero GUTEK KC-N1 Kiểu Dáng Cầm Tay Nhỏ Gọn, Nghe Nhạc Không Dây Âm Thanh Chất Lượng, Bass Chất, Đọc Usb Thẻ Nhớ, Đài FM, Cổng 3.5, Nhiều Màu Sắc - Hàng Chính Hãng"
"Loa kéo Acnos CB2521 Bluetooth, 2 bass 2.5 tấc gỗ - Chính Hãng Acnos"
"USB hỗ trợ kết nối bluetooth cho loa, âm ly, tivi, xe hơi HJX-001"
Bộ Loa Vi Tính Nhạc Nước Đèn LED Phát Sáng Nhảy Theo Điệu Nhạc - Nguồn USB Jack 3.5 
"Loa Vi Tính VINETTEAM FT-101 Jack 3.5 Dùng Được Cho Điện Thoại, Máy Tính, Công Suất 10W, Âm Thanh Hay, Âm Bass Cực Chất Màu Ngẫu Nhiên - Hàng chính hãng"
"Loa Bluetooth Gutek V6 Nghe Nhạc Siêu Bass Không Dây Công Suất Lớn Có Giá Đỡ Điện Thoại, Âm Thanh Trung Thực, Đầy Sống Động Với Âm Bass Mạnh Mẽ, Kết Nối Trực Tiếp Qua Cổng Aux 3.5mm, Usb, Thẻ Nhớ, Nhiều Màu Sắc – Hàng Chính Hãng"
"Bộ chuyển đổi âm thanh tivi Optical sang Av R/L loa , amply"
Loa Bluetooth LG XBOOM Go PN7 - Hàng Chính Hãng
Loa kéo Ronamax F12 - Hàng chính hãng
Loa Bluetooth B16 chuyên nghe nhạc
Loa Bluetooth Divoom DiToo 10W - Hàng chính hãng
Loa Máy Tính Game Thủ - ROBOT RS200 - Hàng Chính Hãng
"Máy trợ giảng không dây T20 UHF có bluetooth, âm thanh to rõ, chống rút rít bắt xa khoảng cách lên đến 40m,  tặng túi đựng máy + micro có dây cài áo- Hàng Chính Hãng"
Loa bluetooth Transformers Bumblebee max ngầu đẹp
"Loa bluetooth kèm đồng hồ, đồng hồ đo nhiệt độ, mặt tráng gương sang trọng"
Loa Hát Karaoke Bluetooth  306 kèm 2 Mic
Loa Bluetooth 60W IPX5 DSP Hàng Chính Hãng 
"Loa Kẹo Kéo Có Mic Hát Karaoke Nghe Nhạc Bluetooth, Loa bluetooth, loa kraoke cắm thẻ nhớ, nghe đài FM Siêu Hay - Tặng kèm Mic"
"Loa Kéo Karaoke Bluetooth P-88 USB,TF,FM,AUX"
Loa Bluetooth Soundmax M-2 Kèm Micro (40W) - Hàng Chính Hãng
Loa vi tính Ezeey S5 - Hàng nhập khẩu
"Loa Karaoke Bluetooth Xách Tay KM-S1 (Tặng Kèm 1 MIC Hát Có Dây Cắm Trực Tiếp, Bass Không Dây, Đèn Led Sống Động, Tặng kèm dây đeo điện thoại) - Hàng Nhập Khẩu"
Loa vi tính 2n bass bộ 3 loa - Trắng
Loa Bluetooth JBL Flip 5 chống nước IPX7 - Hàng Nhập Khẩu
"Loa bluetooth 5.0 ngoài trời, âm thanh vòm 360 độ, Bass sâu, Pin trâu  Tronsmart Element T6 Plus - Hàng chính hãng"
Loa Trợ Giảng Takstar E190M -  hàng chính hãng 
Loa bluetooth 418
Loa Marshall Stanmore 2 Bluetooth - Hàng Nhập Khẩu
Dàn Âm Thanh Soundmax B60 5.1 - Hàng Chính Hãng
LOA BLUETOOTH ROBOT MINI A9 BIG HERO SPEAKER
Máy trợ giảng AKER MR2700 
Loa nghe nhạc vi tính điện thoại âm bass trầm mạnh mẻ PKCB PF7 - Hàng chính hãng
Loa vi tính Q2  - Hàng nhập khẩu
Loa Vi Tính SoundMax AW-300/2.1 80W Tích Hợp Bluetooth 4.0 - Hàng Chính Hãng
Loa Bluetooth
Loa Bluetooth JBL Flip 4 16W - Hàng Chính Hãng
Logitech Bluetooth Audio Receiver 980-000915 - Hàng chính hãng
"Loa Bluetooth Mini GUTEK WS887,  Loa Nghe Nhạc Cầm Tay Không Dây Nhỏ Gọn, Âm Thanh Cực Hay, Bass Trầm Ấm Có Dây Treo Cắm Thẻ Nhớ, Cổng 3.5, USB, Đài FM, Nhiều Màu Sắc - Hàng Chính Hãng"
Loa Bluetooth Harman Kardon Soundsticks BT 40W - Hàng Chính Hãng
Loa bluetooth karaoke mini YS-A20
Loa Soundmax A-2128 - Hàng Chính Hãng
"Loa vi tính cỡ lớn  Hát karaoke Isky - SK325  Bass siêu trầm- có kết nối Bluetooth - dàn âm thanh tại gia, dàn karaoke gia đình âm thanh đỉnh cao"
"Loa Bluetooth Hình Con Chó Bull GUTEK CH-M10 Chống Thấm Nước, Chống Va Đập, Nghe Nhạc Cầm Tay Không Dây Chuyên Bass, Âm Thanh Trung Thực, Sắc Nét, Sống Động, Nhiều Màu Sắc - Hàng Chính Hãng"
Bộ Chuyển Đổi Bluetooth Logitech Receiver - Hàng Chính Hãng
Loa Bluetooth Hình Thiên Nga Huawei AM08 Màu Hồng - Hàng chính hãng
Loa Vi Tính Microlab X-3 2.1 - Hàng Chính Hãng
Loa Kéo Di Động âm thanh đỉnh cao hát karaoke đa năng JBZ thùng gỗ 2 tấc NE-106 - Tặng kèm mic không dây - Hàng nhập khẩu
Máy Trợ Giảng Camac Unizone 9088S - Hàng Nhập Khẩu
"Loa Bluetooth tích hợp đồng hồ, báo thức"
Máy Trợ Giảng 4 trong 1 ROLTON K300 - Hàng Nhập Khẩu
Loa kéo di động Kiomic K88 karaoke cực hay - Hàng Chính Hãng
"Loa vi tính nghe nhạc hay nhất hiện nay, Loa Bluetooth siêu trầm công suất lớn S2025, hỗ trợ FM thẻ nhớ USB jack 3.5 (Màu ngẫu nhiên) - Hàng Nhập khẩu"
Bộ chuyển đổi âm thanh Optical sang Analog DM33
Máy trợ giảng không dây sử dụng sóng UHF TAKSTAR E300W cao cấp - Hàng chính hãng
Loa Bluetooth Soundmax SB206 - Hàng Chính Hãng
Bộ Loa Nhạc Nước 3D 2.0 - Phun Nước Theo Điệu Nhạc
Loa Vi Tính Microlab M-300BT 2.1 38W - Hàng Chính Hãng
Loa kéo Bluetooth S8 kèm mic
Loa Vi Tính SoundMax A-120/2.0 6W - Hàng Chính Hãng
"Loa Bluetooth kèm pin sạc dự phòng Energizer BTS-102 - 2x5W, Hỗ trợ chức năng Rảnh tay, FM, thẻ Micro SD, USB, AUX - Hàng chính hãng"
"Màng lọc âm micro livestream, thu âm"
Loa Vi Tính Microlab Solo 6C 2.0 100W - Hàng Chính Hãng
Loa kéo di động JBZ NE-107 - Hàng Nhập Khẩu
"Loa Bluetooth GUTEK IRONMAN ENDGAME Nghe Nhạc Cầm Tay Không Dây Âm Bass Cực Hay, Âm Thanh Chất Lượng Mắt Có Đèn Led Cực Bắt Mắt, Gắn Thẻ Nhớ, Đài FM, Cổng 3.5, Nhiều Màu Sắc - Hàng Chính Hãng"
Loa vi tính Microlab MS212 - Hàng chính hãng
Loa vi tính 2.1 X11 – âm thanh vượt trội
Loa bluetooth đa năng KIMISO KM-201 hỗ trợ TWS kết nối cùng lúc 2 loa - kèm dây đeo (màu ngẫu nhiên) Hàng Nhập Khẩu
Loa Marshall Acton 2 Bluetooth - Hàng chính hãng
Loa Bosston Bluetooth 2.1 T3500-BT - Hàng chính hãng
Loa Vi Tính Microlab B16 2.0 5W
Loa Vi Tính Microtek MT178 / 2.0 (Nâu) - Hàng Chính Hãng
Loa Bluetooth Tronsmart Element T6 Plus Loa di động 40W Loa âm thanh trầm với Chống nước PX7 - Hàng Chính Hãng
Loa vi tính 2.0 Ezeey A4 - Hàng nhập khẩu
Máy trợ giảng không dây Aporo T2 UHF có kết nối Bluetooth có Ghi ÂM REC
Loa Bluetooth Microlab FC570-BT 2.1 - Hàng Chính Hãng
Loa Bluetooth SoundLike Mini S2025
Loa Bluetooth Mini
Loa kéo di động Karaoke Bluetooth Daile S8
Loa bluetooth TG-175 - Hàng nhập khẩu
Loa Vi Tính SoundMax A-980/2.1 40W Tích Hợp Bluetooth 4.0 - Hàng Chính Hãng
Loa bluetooth Karaoke Ruizu P88 hỗ trợ thẻ nhớ/USB/AUX/FM/jack 6.5mm - Tặng kèm micro karaoke (nhiều màu) Hàng Chính Hãng
"Loa Bluetooth HXSJ Q2, Loa nghe nhạc USB thẻ nhớ, FM, Dùng cho điện thoại, máy tính, tivi - Hàng chính hãng"
Loa Bluetooth xách tay 418
Loa nghe nhạc 11W - Hàng chính hãng
Dàn Âm Thanh 5.1 510W JBL Bar 5.1 - Hàng Chính Hãng
Loa Kéo bluetooth A/D/S TBL 15E (Bass 40) - Hàng chính hãng
Loa kéo Ronamax T12 (350W) - 3 tấc - Hàng chính hãng
Loa Bluetooth Bose SoundLink Color II - Hàng Chính Hãng
Loa nghe nhạc cho máy tính mini 2.0
"loa bluetooth bass dành cho điện thoại, vi tính"
Loa Blueooth Âm Thanh Sống Động Chuẩn HiFi PKCB112 Cao Cấp Đen - Hàng Chính Hãng 
Loa Bluetooth Marshall Stanmore - Hàng Chính Hãng
Loa Vi Tính Soundmax A-8920/4.1 Tích Hợp Bluetooth 4.0 (70W) - Hàng Chính Hãng
Loa Vi Tính Microlab TMN3 4.1 40W - Hàng Chính Hãng
"Loa Bluetooth 4.2 chống thấm nước, Bass sâu, Pin trâu Tronsmart Element Groove 10W  (Force Mini) TM-322483 - Hàng chính Hãng"
Loa kéo karaoke Kiomic K123 kèm 02 mic cao cấp - Hàng Chính Hãng
Loa Bluetooth mini Hoco BS31 Bright sound Wireless V4.2WT (Màu ngẫu nhiên) - Hàng Chính Hãng
Loa bluetooth mini hỗ trợ chức năng đồng hồ và báo thức BT506 - Hàng chính hãng
Loa Bluetooth Di Động Marshall Stockwell II - Hàng nhập khẩu
loa thông minh google nest mini ' gen 2 '
Loa Bluetooth JBL PartyBox On The Go 100W (Tặng kèm 2 Micro không dây) - Hàng Chính Hãng
 Loa Bluetooth Kiêm Gương Đồng Hồ Báo Thức VINETTEAM Loa Di Động Không Dây Máy Tính Điện Thoại Hộ Gia Đình Bass Mini Khối Lượng Cao -4035-  Hàng Nhập Khẩu 
"Loa Thanh Siêu Trầm Bluetooth Gaming Soundbar Dùng Cho Máy Vi Tính PC, Laptop, Tivi D236 Hỗ Trợ BASS, Cổng Kết Nối USB, Jack 3.5"
Loa trợ giảng SW898
Loa bluetooth Q3
"Loa Vi Tính PKCB Cho Điện Thoại,Laptop,Máy Tính Âm Thanh Chất Lượng Cao M94 Đen - Hàng Chính Hãng"
Loa Vi Tính Bose Companion 50 (373511-5110) - Hàng Chính Hãng
Loa Bluetooth Di Động Divoom Tivoo 6W - Hàng Chính Hãng
Loa Bluetooth Anker Soundcore Flare+ IPX7 25W - A3162011 - Hàng Chính Hãng
"Loa Bluetooth Vỏ Thép Âm Bass mạnh mẽ, Công Suất 5W, Có Cáp Liên Kết, Cắm Được Thẻ Nhớ"
Loa Kéo Karaoke MALATA 9017 (Tặng kèm 2 Micro không dây ) - Hàng chính hãng 100%
"Loa Bluetooth GUTEK S6 V5.0 Hiệu Ứng Led Nháy Theo Nhạc, Âm Thanh Sắc Nét, Sống Động Kiểu Dáng Nhỏ Gọn, Nghe Nhạc Trầm Ấm, Hỗ Trợ USB, Thẻ nhớ, Cổng 3.5mm, Nhiều Màu Sắc - Hàng chính hãng"
Loa Vi Tính Microlab M-109 2.1 - Hàng Chính Hãng
Loa Bluetooth 3 tấc rưỡi JBZ NE108 - Hàng nhập khẩu
Loa Bluetooth Microlab B70-BT (2.0) - Hàng Chính Hãng
Loa Creative Pebble Plus 2.1 - Hàng Chính Hãng
"Combo Loa Máy Vi Tính Soundmax SADA D-221, Hiệu Ứng Đèn Led Tuyệt Đẹp + Tặng Tai Nghe Chụp Tai Gaming CT-770"
Loa Bluetooth Harman Kardon Go Play chính hãng - đen
Loa Karaoke Bluetooth SDRD - SD301 Hàng Chính hãng - Tặng 2 Mic Không Dây Siêu Hay
Máy trợ giảng không dây Aporo T18 5.0 có Bluetooth- Hàng chính hãng
Loa kéo JBZ 0806- Hàng Chính Hãng 
Loa Bluetooth Tích Hợp Cảm Ứng Wireless Speaker A8
Loa Vi Tính 2.0 Kisonli A-707 - Hàng Nhập Khẩu
Máy trợ giảng Takstar E220-hàng chính hãng
Loa Bluetooth LP-V9 có giá đỡ điện thoại NS 5460
" Loa Kẹo Kéo Kimiso KM-S1 (Đen) Tặng Kèm 1 Mic Hát Có Dây Cắm Trực Tiếp, Có 2 Loa Super Bass Không Dây, Đèn Led Sống Động - Hàng nhập khẩu"
Vỏ Đựng Loa Bose SoundLink Revolve+ Comos - Hàng Chính Hãng
Máy trợ giảng mico không dây FM  S358-FM
Đồng Hồ Kiêm Loa Bluetooth G10 Mặt Gương Hiển Thị Đèn Led (Có giá đỡ điện thoại)
BỘ LOA PHUN NƯỚC THEO ĐIỆU NHẠC 3D
Mic Đôi Hát Karaoke Loa Bluetooth SD 306 - Mic Hát Karaoke Gia Đình
Loa Di Động Bluetooth JBL Trip (Đen) - Hàng Chính Hãng
Loa Nghe nhạc Bluetooth Hayes Cao Cấp Super Bass RS - A100 A100 có điều khiển từ xa - Hàng nhập khẩu
Loa bluetooth đa năng Kisonli KS-1981 bass mạnh mẽ - tích hợp đế để điện thoại cực chất (màu ngẫu nhiên) Hàng Nhập Khẩu
Kính Mát Nghe Nhạc Bose Frame - Hàng Chính Hãng
Loa Bluetooth V80
Loa bluetooth YS-A20 nghe nhạc hát karaoke có kèm Mic không dây
Loa thanh tivi âm thanh 3D rạp hát lắp ghép  BSK-30
Loa Bluetooth Không Dây Hoco BS33 - Hàng chính Hãng
Google Home Mini - Loa thông minh tích hợp trợ lí ảo - Hàng nhập khẩu 
Bộ USB thu bluetooth BT- 163 4 trong 1 cho dàn amly ra loa
Loa Bluetooth Harman Kardon Onyx Studio 5 Chính Hãng
"Loa Bluetooth Kèm Đồng Hồ Báo Thức, Đài FM Hỗ Trợ Thẻ Nhớ TF"
Loa B&O Beoplay P6 ( Bang & Olufsen ) - Hàng Nhập Khẩu
Loa Nghe nhạc bluetooth mini 5.0 Pin 10 Giờ PKCB120 Đen - Hàng Chính Hãng
Loa phóng thanh cầm tay đọc quảng cáo có Ghi âm 787 loại tốt 
Loa Nghe Nhạc Usb Thẻ Nhớ Craven Cr-16 - Hàng Chính Hãng
Loa Vi Tính SoundMax AK-800/2.0 100W - Hàng Chính Hãng
Loa Bluetooth Phong Cách Cổ Điển Âm Thanh Siêu Trầm FT-05 (Retro Bluetooth Speaker)
"Loa Bluetooth kèm pin sạc dự phòng Energizer BTS-103BK, Hỗ trợ chức năng Rảnh tay, FM, thẻ Micro SD, USB, AUX - Hàng chính hãng"
Loa kiểm âm Edifier R1700BT PD - Hàng Chính Hãng
Loa Bluetooth MS_202BT 
Loa Bluetooth Anker Soundcore Wakey Hỗ Trợ Sạc Không Dây Và Đồng Hồ Báo Thức Thông Minh - A3300 - Hàng Chính Hãng
Loa kéo mini Kiomic K88 Loa kéo bluetooth đời 2020 tặng kèm 2 micro lọc âm giảm hú - Hàng Chính Hãng
LOA MINI CUTE BLUETOOTH
Loa Bluetooth Anker SoundCore Boost 20W A3145H11 (Đen) - Hàng Chính Hãng
Loa karaoke bluetooth không Dây super bass 100W K3H - W-king Hàng chính hãng
Loa Bluetooth P88/P89 (Tặng Kèm Mic) - Giao màu ngẫu nhiên
Loa Sub Hơi Siêu Trầm Cao Cấp S2 - Hàng Nhập Khẩu
"Máy trợ giảng không dây Aporo T2 UHF, bluetooth ( tặng túi hãng và cục sạc nguồn ) hàng nhập khẩu"
Mạch phân tần 3 đường tiếng WEAH-3505 300W Type A D00-358
"Loa kéo “JBZ J6” karaoke di động bass 1,6 tấc - SẢN PHẨM CHÍNH HÃNG"
"Chân kẹp bàn micro thu âm, livestream NB-25"
"Máy trợ giảng không dây Aporo T20, Có Bluetooth, Kháng nước, Kèm theo: 1 Micro ko dây cài tai + 1 Micro có dây cài tai + 1 Micro có dây cài ve áo + 1 Tai nghe Bluetooth Siêu Bass Có Mic Đàm Thoại Thích Hợp các cuộc họp, hội nghị và học trực tuyến trên Zoo"
Máy Nghe Nhạc MP3 Ruizu X02 8GB - Hàng Chính Hãng
Loa Di Động Hát Karaoke Bluetooth Kiêm Trợ Giảng K99 Kiểu Dáng Sang Trọng - Hàng Nhập Khẩu
"Máy trợ giảng SN-898 F2 (Phiên bản 2), Kết nối Bluetooth không dây - Hàng nhập khẩu"
Bộ 3 Loa Máy Tính USB D205 
Loa bluetooth charge mini 3+ sạc siêu nhanh  pin siêu trâu
Loa Hát Karaoke Mini Bluetooth BS-106
"Loa Bluetooth mặt gương công nghệ Bluetooth 4.2,kiêm đồng hồ, có khe cắm thẻ nhớ - màu sắc giao ngẫu nhiên"
"Hàng Chính Hãng- Loa Máy Vi Tính SADA V-196, Hỗ Trợ Đèn Led, Âm Thanh Siêu Trầm"
Máy Trợ Giảng Có Dây Shidu SD-S358 - Hàng Nhập Khẩu
Loa bluetooth karaoke Daile S8 tặng 1 mic không dây (hàng nhập khẩu)
Loa Bluetooth mini Sansui âm thanh vượt trội - Hàng nhập khẩu
Bộ USB thu Bluetooth 5 in 1 cho dàn amply và loa
Loa bluetooth mini 5.0 loa nghe nhạc âm thanh chất lượng tốt PKCB PF1200 - Hàng chính hãng
Loa kéo karaoke Sansui A8-21S Nhật Bản - Hàng chính hãng
Loa Bluetooth Wiko WiShake Vibes - Bluetooth 5.0 - Hàng chính hãng
Loa Bluetooth Microlab M-600 BT New 2.1 - 40W RMS - Hàng Chính Hãng
"USB Phát Bluetooth Cho Tivi, DVD Tới Loa Bluetooth ADB-B5 – Hàng Nhập Khẩu"
Mạch phân tần 3 loa D00-222
Mic Trợ Giảng Không Dây FM-XXD 08
Loa Vi Tính Microlab FC-360 2.1+1 54W - Hàng Chính Hãng
Thiết Bị Kết Nối Bluetooth Xiaomi Mi Audio Receiver - Hàng Chính Hãng
Củ Loa bass 4 tấc - Coil 75 - Từ 190 - 500w
Loa Kéo KIOMIC Q8  Loa karaoke mini di động Tặng Kèm 1 Micro không dây 2020 - Hàng Chính Hãng
Loa bluetooth Kèm Đồng Hồ Sang Trọng
Loa Bluetooth Mini Speaker C6 – Loa Bluetooth Chống Thấm Nước Chống Va Đập – Loa Bluetooth Xách Tay Du Lịch
SẠC LOA KÉO 15V - 3A LOẠI TỐT
"Loa Mini Cắm Sạc, Nghe Nhạc Điện Thoại, Máy Tính, Tivi PKCB 301 - Hàng Chính Hãng"
"Máy Nghe Nhạc,Loa Mini Nghe Nhạc Thẻ Nhớ, Usb, Nghe Kinh Phật, Đài Fm, Radio V8"
Loa bluetooth Music mini
Loa Bluetooth Di Động Divoom Macchiato 6W - Hàng Chính Hãng
Loa Bluetooth Ma Thuật  Khuếch Đại Cộng Hưởng Đặt Điên Thoại Vào Là Nghe giao màu ngẫu nhiên
Loa Vi Tính Microtek MT-126 2.0 - Hàng Chính Hãng
Loa kéo di động Arirang MIK-36- Hàng chính hãng
Micro Không Dây V10 Cho Loa Kéo
Loa kẹo kéo karaoke di động j106 + kèm 1 micro
Loa Karaoke Bluetooth Mini GS33
"1 Đôi loa treble cao cấp pioneer, hàng nhập khẩu"
Loa Marshall Stockwell II Portable Speaker - Màu Black- Hàng Nhập Khẩu
Loa Vi Tính SoundMax A-2118/2.1 60W Tích Hợp Bluetooth 4.0 - Hàng Chính Hãng
Loa Bluetooth KARAOKE Cầm tay di động Kèm Micro hát ( Giao Màu ngẫu Nhiên )
Loa Kẹo Kéo Di Động Karaoke Bluetooth Q8S Tặng 1 Micro Không Dây Hát Siêu Hay
"Loa Bluetooth Không Dây Kiểu Dáng Siêu Anh Hùng Bumblebee, Kiêm Đài FM, Âm Thanh Siêu Trầm"
Loa Vi Tính Genius SP-Q160 - HÀNG CHÍNH HÃNG
Loa Buetooth chính hãng Q8 siêu Bass âm thanh chuẩn Hifi Đen PF161
LOA VI TÍNH MINI 2.0 RZ-180
Loa Bluetooth Marshall Acton II - Hàng Nhập Khẩu
"Loa Bluetooth 5.0 VIVAN VS10 – Chống Nước IPX7, Công Suất 10W, Pin 1800mAh, Hỗ trợ thẻ Micro SD và cổng AUX, Âm Thanh Hi-Fi Super Bass –  HÀNG CHÍNH HÃNG"
"Loa bluetooth mini 5.0 chống nước IPX7, có đài FM, âm thanh nổi PKCB PF120SM - Hàng chính hãng"
Loa Vi Tính Bose Companion 20 (329509-5300) - Hàng Chính Hãng
Loa vi tính - Loa nghe nhạc 4 bass siêu trầm  X11
Đầu chia jack loa hoa sen AV (RCA) 1 ra 2 (màu ngẫu nhiên)
Mic Hát Karaoke 2 Loa Bluetooth SD-306
LOA Bluetooth A10 Mini Cao Cấp
Loa Vi Tính SoundMax A-140/2.0 10W - Hàng Chính Hãng
Loa Bluetooth Microlab TMN9 - BT New 2.1 - Hàng Chính Hãng
Loa Vi Tính SoundMax A-820/2.1 25W - Hàng Chính Hãng
Máy Trợ Giảng APR T9 UHF Mic Không Dây Công Suất Loa 15W
Loa Bluetooth Kimiso KMS2 Nghe Nhạc Công Nghệ Mới - Hát Karaoke
"Loa bluetooth âm thanh chất lượng cao, có đồng hồ báo thức mặt gương"
Tivi mini tích hợp loa bluetooth 
Loa Bluetooth FENDA T200X 60W - Hàng Chính Hãng
Loa nghe nhạc karaoke xách tay bluetooth k56 kèm 1 micro không dây (Giao màu ngẫu nhiên)
"Loa soundbar tivi âm thanh nổi NFC , S9 "
Loa Bluetooth 360 độ TG-175 - Hàng nhập khẩu
Loa Loyfun M22 - Hàng Chính Hãng
Loa Tháp Samsung MX-T70/XV- Hàng chính hãngg
Loa thanh tivi soundbar 3D LP-09
"Loa Vi Tính PKCB Cho Điện Thoại,Laptop,Máy Tính Âm Thanh Chất Lượng Cao M94 Trắng - Hàng Chính Hãng"
Loa Bluetooth Thể Thao Hoco BS34 - Hàng Chính Hãng
Sạc dành cho Loa kéo Toshiba 15V - 6A
Máy trợ giảng không dây cao cấp Mỹ Aporo T9 2.4G Wireless - Kèm theo: 1 Micro ko dây + 1 Micro có dây cài tai  + 1 Micro có dây cài ve áo
Máy trợ giảng Takstar E126 (Hàng chính hãng)
Loa kéo di động JBZ NE-108 - Hàng Nhập Khẩu
Loa Vi Tính Bluetooth Bộ Ba Loa Cao Cấp PKCB X6U M135 - Hàng Chính Hãng 
"Bộ chuyển đổi âm thanh tivi optical sang Av R/L loa , amply"
Loa Kéo Karaoke Bluetooth JBZ 107 + Tặng 2 Micro Không Dây Âm Thanh Cực Chuẩn - Hàng Nhập Khẩu
Máy trợ giảng Aporo T20 - Hàng nhập khẩu
"Máy Trợ Giảng Shidu M500 Kèm Micro Không Dây UHF Chống Hú  Công Suất Loa 10W Tích Hợp Cổng AUX, USB Dung Lượng Pin Lớn 1800mAh - Hàng Chính Hãng"
Loa Bluetooth Di Động Divoom Timoo 6W - Hàng Chính Hãng
Loa kẹo kéo karaoke fb-b12 kèm 2 micro loa 3 tấc
"Loa Nghe Nhạc Xách Tay MS-310BT 8W Hỗ Trợ Bluetooth, USB, Thẻ Nhớ, Nghe Đài FM +cốc sạc 3 cổng"
Loa Jamo C97-II - Hàng Chính Hãng
Loa Bluetooth Speaker M10 (giao màu ngẫu nhiên) 
Loa Bỏ Túi Mi Compact Bluetooth Speaker 2 - Hàng Chính Hãng
Máy Chạy Đĩa DVD Player Ver. 2 Kết Hợp Loa Bluetooth
"Bộ 3 Loa Siêu Trầm Bluetooth Gaming D-200T Hỗ Trợ Dây Kết Nối Cổng USB, Jack 3.5 Dùng Cho Máy Vi Tính PC, Laptop, Tivi"
Loa Vi Tính SoundMax A-960/2.1 40W TG - Hàng chính hãng
Loa Hi-Fi 2.0 Edifier R1700BT - Hàng nhập khẩu
Loa Mini Bluetooth OEM HLD-600 Led Nháy Theo Nhạc - Màu Trắng - Hàng Nhập Khẩu
Mic Karaoke kiêm loa Bluetooth SD 08 Kèm khe cắm thẻ nhớ và USB 
Loa Tronsmart Element T6 Plus - Hàng Nhập Khẩu
Loa Vi Tính Microlab FC-362 2.1+1 54W - Hàng Chính Hãng
Loa Bluetooth P132/P131/P133 Kèm micro - Hàng chính hãng
"Loa trợ giảng ARORO T9 2.4G UHF tặng kèm 1 túi đựng hãng, 1 cục sạc nguồn ( hàng nhập khẩu )"
"Loa mini nghe nhạc thẻ nhớ, nghe kinh phật, đài fm CR-26A"
"Loa Bluetooth GUTEK C3,Vỏ Chống Thấm Nước, Loa Nghe Nhạc Cầm Tay Không Dây, Hỗ Trợ Kết Nối Bluetooth 4.0, USB, Thẻ Nhớ, Đài FM  Và Cổng 3.5, Đài FM, Nhiều Màu Sắc – Hàng Chính Hãng"
Loa Phòng Họp Jabra Speak 710 UC - Hàng Chính Hãng
Loa Bluetooth A061 kèm micro không dây - Hàng nhập khẩu
Loa kéo di động MALATA M+9087 - hàng chính hãng
Loa vi tính 2n điện thoại máy tính laptop bass bộ 3 loa đen
Loa Tronsmart Element Element Force Bluetooth 40W - Hàng Nhập Khẩu
Loa kéo di động karaoke Temeisheng A8-10
Loa Blutooth C1 - Hàng nhập khẩu
1 Đôi loa rời vi tính
Loa Bluetooth Mini LIKETECH kết nối tất cả điện thoại hàng chính hãng
Loa Vi Tính Soundmax A-2119/2.1 Tích Hợp Bluetooth 4.0 (60W) - Hàng Chính Hãng
Loa Vi Tính 2.0 Z200 Led RGB
Mạch công Suất Loa Kéo 4 Tấc Đơn
Bộ Loa Máy Vi Tính Để Bàn 2.1 Âm Thanh 3D Shinco HC-807 - Hàng Chính Hãng
Loa Bluetooth Super Bass C7 ( Phiên bản dung lượng pin 1000mAh)
Mạch Loa Kéo 4 Tấc Đôi
Loa Bluetooth JBL PartyBox 1000 1100W - Hàng Chính Hãng
Loa Edifier (EDIFIER) R101V 2.1
Loa Crown 8 vuông Bluetooth - Hàng nhập Khẩu
LOA KÉO JBZ 0803 - Hàng Chính Hãng
Loa Marshall Kilburn 2 - Hàng Chính Hãng
Loa kéo di động karaoke k5 có 2 bass kèm 2 micro
"Loa Bluetooth EWA A103 Thiết Kế Cực Nhỏ Gọn, Công Suất Lớn, Bass Mạnh, Nghe Cực Hay, Có Túi Đựng - Màu ngẫu nhiên - Hàng Chính Hãng"
"Dàn Loa Máy Tính, Nghe Nhạc Cao Cấp"
Loa gắn xe đạp JBL Wind - Hàng Chính Hãng
Micro Karaoke Tích Hợp Loa Bluetooth SD-17
Loa Vi Tính Inton 2.1 - Dàn Âm Thanh Cao Cấp
Loa Bluetooth Xiaomi Mi Bluetooth Speaker Basic 2 (Trắng) - Hàng Chính Hàng
Loa nghe nhạc vi tính cao cấp cho máy tính Laptop PC Điện thoại P164 - Hàng Chính Hãng
"Loa Bluetooth Proxelle Surge Mini Pocket Chống Nước IPX67, Siêu Bền Bỉ, Âm Thanh Hay"
Loa Bluetooth Thông Minh Bose Portable Home Speaker - Hàng Chính Hãng
Máy Trợ Giảng 4 IN 1 ROLTON K300 TẶNG Kèm Micro Không Dây Gài Tai AZONE - Hàng Nhập Khẩu
"Loa di động không dây ngoài trời, âm thanh vòm 360 độ tích hợp Microphone TRONSMART Element T6 - Hàng chính hãng"
Loa Marshall Stanmore 2 Bluetooth - Hàng chính hãng
Loa Vi Tính Microlab Solo 5C 2.0 - Hàng Chính Hãng
Loa Bluetooth Anker Soundcore Sport XL - A3181011 - Hàng Chính Hãng
Bộ Loa Vi Tính Mini Kisonli 2.0 Hoangnhan L-1010 - Hàng Chính Hãng
Micro Karaoke Kèm Loa Bluetooth SD10 - Hát Kararoke mọi lúc mọi nơi
Loa Kiểm Âm 2.0 Edifier R1000TC Cao Cấp AZONE
Loa Bluetooth Fenda A180X 42W - Hàng Chính Hãng
Loa Karaoke di động Bluetooth Prosing W-15 Super Vàng/Xám tặng kèm 2Mic hợp kim - Hàng chính hãng
Loa Bluetooth KARAOKE Xách tay di động Cao cấp - Kèm Micro (giao màu ngẫu nhiên)
Loa Sound BlasterX Katana 7.1 - Hàng Chính Hãng
Loa thanh soundbar Sony 2.0 HT-S100F 120W - (Hàng chính hãng)
"Máy nghe nhạc MP4, màn hình lớn 2.4 inch Ruizu D08 - Hàng Chính Hãng"
LOA VI TÍNH MICROLAB B55 4W 2.0 Hàng Chính Hãng
Loa Ruizu RS 810
Loa di động cao cấp Bang&Olufsen Beolit 17   - Hàng Nhập Khẩu  - Màu Standust Blue 
"Bộ Loa Vi Tính Để Bàn D-209 Âm Thanh Trầm Hỗ Trợ Bluetooth, USB, Thẻ nhớ, Jack 3.5(màu ngẫu nhiên)"
Loa Bluetooth Mini Kiêm giá đỡ điện thoại XQ3 (Giao màu ngẫu nhiên) - Hàng nhập khẩu
Loa nén không có biến áp TOA SC-630-Hàng nhập khẩu
"Loa Divoom Espresso 4W - tích hợp Bluetooth v 5.0, FM radio và TF card - Hàng chính hãng"
"Loa Bluetooth T5 Loa Mini  không dây T5 Bluetooth speaker Version 5.0 , tiện lợi di động,   hỗ trợ khe thẻ nhớ "
Loa bluetooth Charge G2 mini nghe hay
Bộ 2 loa máy tính để bàn siêu trầm V-07 - Hàng Nhập Khẩu
"Máy trợ giảng TAKSTAR E8M mic có dây - AVSTAR , Công suất lớn, giáo viên, hướng dẫn viên, hàng chính hãng "
Loa Bluetooth Anker SoundCore Sport 3W A3182 - Hàng Chính Hãng - Đen
Loa Kiểm Âm Phòng Thu Bluetooth Edifier R1700BT (66W) - Hàng Nhập Khẩu
Loa bluetooth kiêm đồng hồ để bàn mặt gương BY9064
Loa Vi Tính SoundMax B-70/5.1 100W - Hàng Chính Hãng
USB kết nối bluetooth cho loa
Loa Di Động Bluetooth Mini BS01 V32 – Phiên bản nâng cấp- Hỗ trợ nghe bằng thẻ nhớ 
 Loa Bluetooth tặng kèm mic karaoke
Loa di động xách tay karaoke bluetooth mini P89 TẶNG kèm micro có dây jly - Giao màu ngẫu nhiên
Loa Bluetooth Creative MUVO Play - Hàng Chính Hãng
Loa Bluetooth Mini Dạng Trứng Bluetooth 360 - Model GS009 Hỗ Trợ Cắm Thẻ Nhớ Và Đàm Thoại
Loa Kéo Di Động Soundmax M-7 - Hàng Chính Hãng
"Loa Bluetooth Soundbar 5.0 T13 Thiết Kế Mới Lạ Trẻ Trung Năng Động - Âm Thanh Siêu Trầm, Chân Thực"
 Loa kéo JBZ J6 Loa karaoke di động - Hàng Chính Hãng
Loa Bluetooth mini 4.1 PKCB CY-C11 wireless không dây - [Hàng Chính Hãng]
Loa Crown 8 Bluetooth - Hàng Nhập Khẩu
"Loa Bluetooth không dây Mini CYKE âm thanh stereo công suất cao, Mp3 Music Player sound box- Hàng chính hãng"
Loa thông minh tích hợp Google Home Mini - Hàng Nhập Khẩu
Loa Bluetooth Karaoke YS-A20 xách tay kèm Mic không dây
Máy trợ giảng Zansong M80  - Hàng Chính Hãng 
Loa cảm ứng  không dây khuếch đại âm thanh thông minh
"Bộ 3 Loa Máy Vi Tính D221 Thiết Kế Hiện Đại Với Dải Đèn Led Xanh Nổi Bật - Âm Thanh Siêu Trầm, Chân Thực"
Loa Bluetooth Anker Soundcore Model Zero 60W (Z5180011) - Hàng Chính Hãng
Loa vi tính laptop để bàn loa nghe nhạc mini S100 hình Robot âm thanh siêu trầm sống động hàng nhập khẩu
Loa Marshall Kilburn 2 màu Đen - Hàng Nhập Khẩu
Marshall Stanmore II Amazon Alexa Loa Bluetooth Điều Khiển Bằng Giọng Nói Chính Hãng - Đen
Loa Buetooth KM-S1 Super Bass KÈM Mic karaoke trị giá 150k
"Loa Bluetooth Mini GUTEK XQ3 Nhỏ Gọn, Có Giá Đỡ Điện Thoại, Xem Phim Tiện Lợi, Loa Cầm Tay Nghe Nhạc Không Dây Âm Thanh Hay, Cắm Thẻ Nhớ, USB, Đài FM, Nhiều Màu Sắc - Hàng Chính Hãng"
Loa Bluetooth Suntek Kimiso Plus Kiêm Đèn Pin KMS-92 - Hàng Chính Hãng
Marshall Woburn II Nâu Loa Blueooth Nhập Khẩu
"Loa bluetooth Xách Tay Trợ giảng S15 tặng kèm micro không dây hát karaoke,nghe đài Fm radio"
Loa kéo di động ZANSONG A6-4 hát karaoke hay - Hàng nhập khẩu
"Loa kéo karaoke USA JBZ A094110 (BASS 20CM, Thùng gỗ) - Hàng nhập khẩu"
Loa Nghe Nhạc Bluetooth 5.0 Trong Suốt Có Đèn Led Đổi Màu Hỗ Trợ Thẻ Nhớ Yayusi C7 - Hàng Nhập Khẩu
Loa Nghe Nhạc Đa Năng Craven Cr-26 - Hàng Chính Hãng
Loa Bluetooth K108 kèm 01 Micro Karaoke không dây - Hàng nhập khẩu
Loa Creative A35 - Hàng Chính Hãng
"Loa Bluetooth S4 , Loa Mini , Loa Di Động,  Loa Không Dây  Yayusi   Bluetooth wireless Speaker - Hàng Nhập khẩu"
Loa Bluetooth S2025 xin_ hàng chính hãng
"Loa Bluetooth 5.0 – Chống Nước IPX7, Công suất 20W, Pin 3600mAh, Hỗ trợ thẻ Micro SD và cổng AUX –  HÀNG CHÍNH HÃNG"
Loa Kéo Di Động Karaoke Bass 30 BMD LK-30B40 (600W) 3 Tấc - Màu Ngẫu Nhiên - Chính Hãng
Loa Bluetooth Mini S28
Micro karaoke không dây bluetooth kiêm loa nghe nhạc  3 trong 1 PF72 Gold - Hàng Chính Hãng
Loa bluetooth 5.0 60W công suất lớn chống nước IPX5 sạc nhanh Type - C cộng nghệ điều khiển giọng nói PKCB PF1007 - Hàng chính hãng
Loa kéo Sansui SG3-15 - Hàng nhập khẩu
Dàn âm thanh Blu-ray Disc 5.1 kênh Sony BDV-E6100 - Hàng chính hãng
Loa Bluetooth A10 Mini Vỏ Nhôm Di Động Hỗ Trợ Thẻ Nhớ USB AUX (giao màu ngẫu nhiên)
Loa Golden Field H302 - Hàng Chính Hãng
Loa bluetooth đa năng KIMISO KMS-305 tích hợp 2 loa BASS - có anten và đèn led (màu ngẫu nhiên) HÀNG NHẬP KHẨU
Loa trợ giảng A061 kèm 1 mic ko dây có dây đeo-hàng chính hãng 
Loa Bluetooth Microlab B77BT - Hàng Chính Hãng
Loa Vi Tính Soundmax A-970/2.1 Tích Hợp Bluetooth 4.0 (40W) - Hàng Chính Hãng
Loa Vali Kéo JBZ NE-108 - Hàng Chính Hãng 
Loa Bluetooth Suntek S207 (10W) - Hàng Nhập Khẩu
Loa Di Động Marshall Emberton Black - Chính Hãng
Loa Marshall Stanmore 2 Bluetooth - Nâu - Hàng chính hãng
Vỏ Đựng Loa Harman/Kardon Onyx Studio 3 Comos Armor - Hàng Chính Hãng
Loa Vi Tính Microlab M-590 2.1 17W - Hàng Chính Hãng
Loa Kéo Microtek MTK-08 (550W) - Hàng Chính Hãng
"LOA k89 THÙNG 2.5 TẤC GỖ TẶNG KÈM 2 MIC KHÔNG DÂY, HÁT KARAOKE SIÊU NHẸ TIẾNG TRONG VÀ CHUẨN"
Loa kẹo kéo t29l hát karaoke kèm 2 micro 3 tấc
"Loa Bluetooth Không Dây MOOSMOOK S12 Nghe Nhạc Cầm Tay Di Động Nhỏ Gọn wireless speaker, 1200mAh - Hàng chính hãng "
Đài Phát Sóng Radio Cầm Tay
"Loa Nghe Nhạc Bluetooth Mini Không Dây Cầm Tay Di Động BT-01 Âm Thanh Cực Lớn Dùng Cho Điện Thoại, Laptop, PC (Màu Ngẫu Nhiên)"
Loa Bluetooth mini Xiaomi 2020 - Hàng Nhập Khẩu
Loa Bluetooth JBL Boombox 2 CHÍNH HÃNG
Loa Gỗ Nghe Nhạc 4 Bass siêu trầm (đen bọc da)
Loa Bluetooth A10 Mini Vỏ Nhôm Di Động Hỗ Trợ Thẻ Nhớ USB AUX (giao màu nẫu nhiên)
"Loa Bluetooth Không Dây GUTEK Xtreme Mini Chống Thấm Nước, Loa Nghe Nhạc Cầm Tay Âm Thanh Cực Hay, Bass Đỉnh Cao, Hỗ Trợ Cắm Usb, Thẻ Nhớ, Cổng 3.5, Đài FM, Nhiều Màu Sắc - Hàng chính hãng"
Loa Vi Tính Microlab Solo 7C 2.0 (110W) - Hàng Chính Hãng
Loa máy tính 2.1 SADA D-208UBT
Loa Bluetooth UltimateEars WONDERBOOM FreeStyle 17W - Hàng Chính Hãng 
Loa Bluetooth JBL XTREME 2 Chính Hãng
Loa nghe nhạc bluetooth mini AWS887
"Bộ Loa Máy Tính Để Bàn D-207 Âm Thanh Trầm Hỗ Trợ Bluetooth, USB, Jack 3.5 "
Loa Kéo Microtek MTK-05 (160W) - Hàng Chính Hãng
Loa Di Động Bluetooth Speaker KELING A5 - Đen - Hàng Chính Hãng
Loa Kẹo Kéo JBZ NE-107 - Hàng Chính Hãng
Micro không dây cho máy trợ giảng FM Wireless Micro phone FM-XXD 018
Loa Máy Tính ENKOR E50
Loa cảm ứng thông minh ma thuật
Loa Bluetooth tích hợp đồng hồ
Máy trợ giảng Takstar E126- hàng chính hãng KIÊM GIÁ ĐỠ GỖ THÔNG MINH
LOA MÁY TÍNH SADA D209 - HÀNG CHÍNH HÃNG
"Loa Bluetooth Sanag X6 Plus Bản Mở Rộng, chống nước IPX5. Hỗ Trợ Kết Nối Bluetooth 5.0, Thẻ Nhớ, Nhiều Màu Sắc - Hàng chính hãng"
"Loa Bluetooth GUTEK C3 MINI Nghe Nhạc Cầm Tay Không Dây, Vỏ Nhôm Nghe Nhạc Hay, Âm Thanh Chất Lượng, Hỗ Trợ Kết Nối Bluetooth 4.0, Thẻ Nhớ, Đài FM, Usb, Nhiều Màu Sắc - Hàng Chính Hãng"
Loa Bluetooth Sony SRS-XB12 - Hàng chính hãng
Loa Bluetooth JBL Go 2 - Hàng Chính Hãng
Loa bluetooth JBL Flip 5 - Hàng chính hãng
Loa Bluetooth JBL Charge 4 30W - Hàng Chính Hãng
Loa Bluetooth 5.0 Kiêm Đồng Hồ Báo Thức - [[ 2 Trong 1 ]] - Robot - Hàng Chính Hãng
Loa Bluetooth Harman Kardon Onyx Studio 5 50W - Hàng Chính Hãng
Loa Bluetooth Mini Speaker B2
"Loa Bluetooth 5.0 - [[ Nghe 24h - Phạm Vi 20m, 200m2 ]] - VIVAN VS20 - Hàng Chính Hãng"
Loa bluetooth Iron Man siêu ngầu D00-561
Loa Bluetooth Sony SRS-XB22 - Hàng chính hãng
Loa bluetooth Zealot ngoài trời âm thanh siêu trầm S9 hàng chính hãng tương thích điện thoại di động máy tính laptop
Loa Bluetooth xách tay D-B16
"Hàng Chính Hãng - Loa Máy Vi Tính SADA D-202, Âm Thanh Siêu Trầm"
Loa Bluetooth JBL Go + (Plus) - Hàng Chính Hãng
Loa di động Bluetooth LG XBOOMGO PL2 - Hàng Chính Hãng
Loa Bluetooth Mặt Gương Kiêm Đồng Hồ Báo Thức BT506 V5.0 - Có Khe Cắm Thẻ Nhớ
"Loa Kéo Karaoke Bluetooth Kiomic Q8 Vân Gỗ Điều Chỉnh Bass, Treble - Hàng Nhập Khẩu"
"Loa Bluetooth GUTEK C4 Mini Nghe Nhạc Cầm Tay Không Dây , Âm Thanh Trong Nghe Nhạc Hay, Vỏ Nhôm Nhiều Màu Sắc, Hỗ Trợ Kết Nối Bluetooth 4.0, Cổng 3.5, USB Và Thẻ Nhớ - Hàng chính hãng"
Loa Bluetooth Sony ExtraBass XB01 - Hàng Chính Hãng
Loa Bluetooth Speaker không dây 10W PKCB2 - Hàng chính hãng
 Loa Thông Minh Tích Hợp Trợ Lí Ảo Google Home Mini Xám/Trắng - Hàng Nhập Khẩu
Loa Vi Tính Bluetooth Microlab M-106BT 2.1 (10W) - Hàng Chính Hãng
Loa Bluetooth JBL Clip 3 - Hàng Chính Hãng
Loa Bluetooth MIFA A10 Super Bass - Hàng Chính Hãng
Loa Vi Tính Microlab B51 2.0 (4W) - Hàng Chính Hãng
"	 Loa TWS Bluetooth 5.0 VIVAN VS1 – Chống Nước IPX5, Pin 1800mAh, Âm Thanh Sống Động, Hỗ Trợ Thẻ Nhớ SD & USB – HÀNG CHÍNH HÃNG"
Loa Bluetooth JBL Xtreme 2 (40W) - Hàng Chính Hãng
Loa Bluetooth Tronsmart Element T6 Mini Loa Bluetooth 5.0 ngoài trời chống thấm nước IPX6 15W - Hàng Chính Hãng
"[[ Loa Không Dây Bluetooth 5.0 - Nghe 8h - Phạm Vi 10m ]] - Cho iOS/Apple (iPhone/iPad), Android (Samsung, Sony, Xiaomi, Huawei, Oppo) Màu Đen - RB100 -  Hàng Chính Hãng"
"USB tạo Bluetooth cho dàn âm thanh xe hơi, amply, loa Car Bluetooth"
"Loa Karaoke Bluetooth Xách Tay KM-S1 (Đen) Tặng Kèm 1 Mic Hát Có Dây Cắm Trực Tiếp, Bass Không Dây, Đèn Led Sống Động"
Loa kẹo kéo di động kiomic k89 có bluetooth kèm 2 micro thùng gỗ karaoke
Loa bluetooth mini 5.0 nhỏ gọn PKCB PF1002 - Hàng chính hãng
Loa Bluetooth 60W công suất lớn Super Bass chống nước IPX5 pin 6600MAH sạc nhanh Type C công nghệ AI Hàng Chính Hãng PKCB
"Loa Bluetooth Tronsmart Element T2 Plus Loa di động 20W, Chống nước IPX7 - Hàng Chính Hãng"
Loa Bluetooth 5.0 Extra Bass 2GOOD S32 - Hàng Chính Hãng
Loa Vi Tính Microlab M-105 2.1 - Hàng Chính Hãng
Loa Bluetooth Harman Kardon Go + Play mini 100W - Hàng Chính Hãng
Loa Bluetooth Anker Soundcore Mini - A3101 - Hàng Chính Hãng
Loa kéo karaoke Temeisheng A1265/ Model A12-10 (BASS 30CM) - Hàng chính hãng
Loa Bluetooth Sony SRS-XB23 - Hàng Chính Hãng
Loa bluetooth không dây di động ngoài trời Zealot hàng chính hãng
Loa thông minh tích hợp Google Home Mini - Hàng nhập khẩu
Loa Mini Bluetooth HLD-600 Led Nháy Theo Nhạc (Giao màu ngẫu nhiên)
Loa Bluetooth Anker SoundCore Motion B - A3109 - Hàng Chính Hãng
Loa di động Bluetooth LG XBOOMGO PL7 - Hàng chính hãng
"Loa Bluetooth Sanag X6 Plus Bản Mở Rộng, chống nước IPX5. Hỗ Trợ Kết Nối Bluetooth 5.0, Thẻ Nhớ, Nhiều Màu Sắc - Hàng chính hãng"
"Loa Bluetooth GUTEK C3 MINI Nghe Nhạc Cầm Tay Không Dây, Vỏ Nhôm Nghe Nhạc Hay, Âm Thanh Chất Lượng, Hỗ Trợ Kết Nối Bluetooth 4.0, Thẻ Nhớ, Đài FM, Usb, Nhiều Màu Sắc - Hàng Chính Hãng"
Loa Bluetooth Sony SRS-XB12 - Hàng chính hãng
Loa Bluetooth JBL Go 2 - Hàng Chính Hãng
Loa bluetooth JBL Flip 5 - Hàng chính hãng
Loa Bluetooth JBL Charge 4 30W - Hàng Chính Hãng
Loa Bluetooth 5.0 Kiêm Đồng Hồ Báo Thức - [[ 2 Trong 1 ]] - Robot - Hàng Chính Hãng
Loa Bluetooth Harman Kardon Onyx Studio 5 50W - Hàng Chính Hãng
Loa Bluetooth Mini Speaker B2
"Loa Bluetooth 5.0 - [[ Nghe 24h - Phạm Vi 20m, 200m2 ]] - VIVAN VS20 - Hàng Chính Hãng"
Loa bluetooth Iron Man siêu ngầu D00-561
Loa Bluetooth Sony SRS-XB22 - Hàng chính hãng
Loa bluetooth Zealot ngoài trời âm thanh siêu trầm S9 hàng chính hãng tương thích điện thoại di động máy tính laptop
Loa Bluetooth xách tay D-B16
"Hàng Chính Hãng - Loa Máy Vi Tính SADA D-202, Âm Thanh Siêu Trầm"
Loa Bluetooth JBL Go + (Plus) - Hàng Chính Hãng
Loa di động Bluetooth LG XBOOMGO PL2 - Hàng Chính Hãng
Loa Bluetooth Mặt Gương Kiêm Đồng Hồ Báo Thức BT506 V5.0 - Có Khe Cắm Thẻ Nhớ
"Loa Kéo Karaoke Bluetooth Kiomic Q8 Vân Gỗ Điều Chỉnh Bass, Treble - Hàng Nhập Khẩu"
"Loa Bluetooth GUTEK C4 Mini Nghe Nhạc Cầm Tay Không Dây , Âm Thanh Trong Nghe Nhạc Hay, Vỏ Nhôm Nhiều Màu Sắc, Hỗ Trợ Kết Nối Bluetooth 4.0, Cổng 3.5, USB Và Thẻ Nhớ - Hàng chính hãng"
Loa Bluetooth Sony ExtraBass XB01 - Hàng Chính Hãng
Loa Bluetooth Speaker không dây 10W PKCB2 - Hàng chính hãng
 Loa Thông Minh Tích Hợp Trợ Lí Ảo Google Home Mini Xám/Trắng - Hàng Nhập Khẩu
Loa Vi Tính Bluetooth Microlab M-106BT 2.1 (10W) - Hàng Chính Hãng
Loa Bluetooth JBL Clip 3 - Hàng Chính Hãng
Loa Bluetooth MIFA A10 Super Bass - Hàng Chính Hãng
Loa Vi Tính Microlab B51 2.0 (4W) - Hàng Chính Hãng
"	 Loa TWS Bluetooth 5.0 VIVAN VS1 – Chống Nước IPX5, Pin 1800mAh, Âm Thanh Sống Động, Hỗ Trợ Thẻ Nhớ SD & USB – HÀNG CHÍNH HÃNG"
Loa Bluetooth JBL Xtreme 2 (40W) - Hàng Chính Hãng
Loa Bluetooth Tronsmart Element T6 Mini Loa Bluetooth 5.0 ngoài trời chống thấm nước IPX6 15W - Hàng Chính Hãng
"[[ Loa Không Dây Bluetooth 5.0 - Nghe 8h - Phạm Vi 10m ]] - Cho iOS/Apple (iPhone/iPad), Android (Samsung, Sony, Xiaomi, Huawei, Oppo) Màu Đen - RB100 -  Hàng Chính Hãng"
"USB tạo Bluetooth cho dàn âm thanh xe hơi, amply, loa Car Bluetooth"
"Loa Karaoke Bluetooth Xách Tay KM-S1 (Đen) Tặng Kèm 1 Mic Hát Có Dây Cắm Trực Tiếp, Bass Không Dây, Đèn Led Sống Động"
Loa kẹo kéo di động kiomic k89 có bluetooth kèm 2 micro thùng gỗ karaoke
Loa bluetooth mini 5.0 nhỏ gọn PKCB PF1002 - Hàng chính hãng
Loa Bluetooth 60W công suất lớn Super Bass chống nước IPX5 pin 6600MAH sạc nhanh Type C công nghệ AI Hàng Chính Hãng PKCB
"Loa Bluetooth Tronsmart Element T2 Plus Loa di động 20W, Chống nước IPX7 - Hàng Chính Hãng"
Loa Bluetooth 5.0 Extra Bass 2GOOD S32 - Hàng Chính Hãng
Loa Vi Tính Microlab M-105 2.1 - Hàng Chính Hãng
Loa Bluetooth Harman Kardon Go + Play mini 100W - Hàng Chính Hãng
Loa Bluetooth Anker Soundcore Mini - A3101 - Hàng Chính Hãng
Loa kéo karaoke Temeisheng A1265/ Model A12-10 (BASS 30CM) - Hàng chính hãng
Loa Bluetooth Sony SRS-XB23 - Hàng Chính Hãng
Loa bluetooth không dây di động ngoài trời Zealot hàng chính hãng
Loa thông minh tích hợp Google Home Mini - Hàng nhập khẩu
Loa Mini Bluetooth HLD-600 Led Nháy Theo Nhạc (Giao màu ngẫu nhiên)
Loa Bluetooth Anker SoundCore Motion B - A3109 - Hàng Chính Hãng
Loa di động Bluetooth LG XBOOMGO PL7 - Hàng chính hãng
"Loa gỗ Bluetooth W8 Hifi 12W Loa siêu trầm không dây Âm thanh nổi Chất liệu từ gỗ cao cấp, có 4 loa nghe nhạc cực hay  - Hàng Chính Hãng"
Loa Bluetooth Jamo DS5 - Hàng Chính Hãng
Loa 2.1 Bosston T1800-Bluetooth-Led RGB - AC 220V - Hàng Chính Hãng
Loa Bluetooth SoundMax M-6/4.0 80W Kèm Micro - Hàng Chính Hãng
"Loa Bluetooth Đa Năng Yayusi S2 kiêm đồng hồ , đo nhiệt độ, có khe cắm thẻ nhớ và USB"
Loa Bluetooth Keling A8 - Cảm ứng thông minh
Loa Bluetooth di động Wster WS-633 hỗ trợ thẻ nhớ USB FM AUX - Hàng nhập khẩu
Loa cảm ứng cộng hưởng - giao màu ngẫu nhiên
Bộ Loa Máy Tính Stereo Mini Để Bàn Cao Cấp Âm Thanh Siêu Trầm Hỗ Trợ USB 2.0
Loa trợ giảng thời trang đa năng 4 trong 1 ROLTON K300 - Màu Đen
Loa Bluetooth Anker Premium Stereo A3143H11 (20W) - Đen - Hàng Chính Hãng
LOA KÉO DI ĐỘNG KIOMIC K-108 - Hàng Chính Hãng
Combo Bộ Loa Máy Tính Stereo Mini Để Bàn Cao Cấp Âm Thanh Siêu Trầm Hỗ Trợ USB 2.0 + Tặng Bật Lửa Khò Kiêm Đồng Hồ Cầm Tay ( Họa Tiết Ngẫu Nhiên 
Loa Kiểm âm Yamaha HS7_Hàng chính hãng
Máy trợ giảng có dây SHIDU SD-S358 AZONE + TẶNG Micro không dây cài đầu tiện lợi
Loa Bluetooth Suntek JC-200 (3W) - Hàng Nhập Khẩu
"Loa Bluetooth Hoco Bs31 , Chất Lượng Cao + Tặng Gía Đỡi Điện Thoại Mini - Chính Hãng "
Bộ 2 Loa Máy Tính USB 2.0 V-112
Loa Bluetooth Soundbar Mini Remax RB-M33  Đen - Hàng Nhập khẩu
"Ruizu D02 - Máy nghe nhạc Lossless (4Gb, Loa ngoài, không Bluetooth) - Hàng Chính Hãng"
"Loa Nghe Nhạc, Loa Mini, Loa Di Động, Loa Bluetooth PKGR-Y2"
Loa bluetooth xách speaker âm thanh to chuẩn
Loa Bluetooth Không Dây Mini Hình Đầu Chó Bull
Loa Vi Tính Kisonli TM-6000U - Hàng Chính Hãng
Loa thời trang bluetooth tiện lợi REMAX RB – M11 - Hàng Chính Hãng
Loa mini bluetooth led nháy theo nhạc (Giao màu ngẫu nhiên)
Bảng Vẽ Điện Tử XP-Pen Deco 03 10x6inch Wireless Lực Nhấn 8192 Nút Xoay Dial Bề Mặt Chống Xước + Găng Tay Họa Sĩ - Hàng Chính Hãng
Loa vi tính SoundMax A8920 - Hàng chính hãng
Mạch phân tần 3 loa Dual bass 2-Bass 1-Treble D00-225
Máy trợ giảng không dây E366
"Loa Kéo Bluetooth Mini  Mobell 1021A Hát Karaoke Cực Hay, Bass 25cm Cực Êm, Thời Lượng Pin Từ 6 Đến 8 Tiếng Kèm 1 Micro Không Dây - Hàng Chính Hãng"
Loa Bluetooth Shamper A5 40W Retro Home Audio Karaoke - Loa di động âm thanh chuyên nghe trong nhà và phòng lớn - Di chuyển nhỏ gọn + Fullbox Kèm Micro không dây
Loa Soundsticks 4 Harman Kardon  CHÍNH HÃNG NEW
Loa Marshall Woburn 2 Bluetooth - Hàng chính hãng 
Loa Bluetooth Remax RB- M26 Kiêm đồng hồ -Chính hãng
"Loa Bluetooth Mini Siêu Bass GUTEK BS118 Vỏ Chống Thấm, Loa Có Quai Xách Tay Không Dây Nhỏ Gọn Nghe Nhạc Cực Hay Âm Bass Trầm, Đọc Usb Thẻ Nhớ TF, Đài FM, Nhiều Màu Sắc - Hàng chính hãng"
Loa Bluetooth Mini 12 Con Giáp Baseus Q. Chinese Zodiac Wireless Speaker E06 - Loa Bluetooth Dễ Thương - Hàng Chính Hãng
Loa Bluetooth Tronsmart Element Pixie 15W - Hàng Chính Hãng
Loa Bluetooth G17 NS 5584
Loa bluetooth đa năng Borofone BR7 Empyreal wireless V5.0 kết nối 2 loa cùng lúc - tích hợp đèn pin siêu sáng (màu ngẫu nhiên) HÀNG CHÍNH HÃNG
Loa Phóng Thanh Có Ghi Âm TD-619
"Combo Loa Máy Vi Tính Bluetooth S13, Hỗ Trợ Bluetooth, USB, TF, Jack 3.5mm, Có Đèn Led Sáng 2 Cạnh + Tặng Tai Nghe Chụp Tai CT-770 Cao Cấp"
Loa Bluetooth 5.0 Tronsmart T2 Plus Phiên bản đặc biệt Công suất 20W Hỗ trợ TWS và NFC ghép đôi 2 loa Âm thanh vòm 360 độ kết hợp bass trầm Chống nước IPX7 Có Mic đàm thoại Dùng cho điện thoại và máy tính bảng Thời gian nghe nhạc 24h - Hàng nhập khẩu
"Loa Bluetooth Tronsmart Element T6 Max, Loa Di Động Công Suất 60W- Hàng nhập khẩu"
Loa Bluetooth Suntek S204 - Hàng Chính Hãng
Loa kẹo kéo karaoke Bluetooth jb108 tặng kèm 1 micro có nút bass treble
Loa BLT T1 Carise - Hàng Nhập Khẩu ( Giao Màu Ngẫu Nhiên )
Loa Kéo Microtek MTK-06 (250W) - Hàng chính hãng
Loa Bluetooth gắn tường 
"Bộ chuyển đổi âm thanh từ DIGITALl (Optical, Coaxial) sang ANALOG (L/R, Aux) KIWI DAC X3"
Loa Bluetooth M03 siêu đỉnh cao best bass chống nước
Loa Bluetooth mini A9 (màu sắc giao ngẫu nhiên)
Loa Bluetooth Xách Tay KM-S1 xách tay - Đèn LED sống động- Tặng 1 micro VÀ Cáp sạc HAVIT - Hàng Chính Hãng
Loa Bluetooh Di động xách tay Kèm MIC KARAOKE chất lượng  - Hát Karaoke ( giao màu ngẫu nhiên )
Loa kẹo kéo karaoke mini K59 kèm 1 micro không dây - Giao màu ngẫu nhiên
Loa bluetooth di động 211
Loa bluetooth Sanag X6 chính hãng
Loa Creative Stage (2.1) - Hàng chính hãng
Máy trợ giảng có dây Aker MR 2700
Loa kéo di động JBZ NE-109 - Hàng Nhập Khẩu
Loa Vi Tính Edifier R12U 2.0 4W - Hàng Chính Hãng
Marshall Acton II Voice with Alexa Loa Buetooth Chính Hãng - Đen
Loa Bluetooth Tronsmart Element Splash 7W - Hàng Chính Hãng
Loa Nghe Nhạc Bluetooth AIDU Hifi Q8 Chính Hãng
"LOA BLUETOOTH D-B16 ( Tặng Tấm Lót) Âm To Cực Hay để Nghe Nhạc, Xem Video Youtube - Màu giao ngẫu nhiên"
"Loa Di Động Bluetooth Mini X10 nghe nhạc, tập thể thao đa dụng"
Loa máy tính Edifier R980T - Hàng Chính Hãng
"Loa Vi Tính Thông Minh V-198, Hỗ Trợ Bluetooth, Karaoke, Hiệu Ứng Đèn Led Mặt Trăng Cao Cấp"
Loa hát bluetooth HF - Q3 - Giao màu ngẫu nhiên
"Bộ Loa Máy Tính Microlab M300BT 2.1 (USB, thẻ nhớ, FM, Bluetooth) - Hàng Chính Hãng"
Loa Bluetooth Denon Envaya DSB-50BT - Hàng Chính Hãng
Loa Bluetooth kèm khe cắm thẻ nhớ và USB S2025 (Tặng USB 4Gb) - Màu Ngẫu Nhiên
Loa Nghe Nhạc Máy Tính Siêu Trầm X-11 Vỏ Gỗ Cao Cấp + Tặng Tai Nghe Bluetooth Móc Tai Kiểu Dáng Thể Thao S6 Cao Cấp
Mạch phân tần 3 loa SPRAGUE D00-223
 Mạch phân tần 2 loa mini D00-335
Loa kéo “JBZ J9” karaoke di động bass 3 tấc - SẢN PHẨM CHÍNH HÃNG
Loa Máy Tính 2.0 Edifier R980T Cao Cấp AZONE
Loa Bluetooth JBL SoundGear 6W - Hàng Chính Hãng
Loa vi tính 2.0 Bosston Z220 Led RGB - Hàng chính hãng
Loa Vi Tính Sada D209 Bluetooth Siêu Trầm - Hàng Nhập Khẩu
Loa xí ngầu
"Loa Cảm Ứng Thông Minh Khuếch Đại Âm Thanh Không Dây, Loa Nghe Nhạc Cộng Hưởng Từ Smalody - hàng nhập khẩu"
Loa kẹo kéo bluetooth karaoke p088 kèm 1 micro dây
Loa Bluetooth Thonet & Vander KURBIS 2.0 - Hàng chính hãng
Loa Máy Tính Edifier R26T 2.0 - Xám
Loa Bluetooth di động thể thao SC 208 hỗ trợ bluetooth 4.0
Loa Thông Minh Tích Hợp Trợ Lý Ảo Google Nest Mini (Thế hệ 2) - Hàng Nhập Khẩu
Loa Bluetooth JBL Playlist - LOA CHÍNH HÃNG
"loa di động FM có đèn pin , khe cắm thẻ nhớ đài fm phát sóng đèn pin siêu sáng"
Loa Vi Tính Microlab FC-330 2.1 54W - Hàng Chính Hãng
Loa kéo gỗ “JBZ 0806” karaoke di động bass 2 tấc - SẢN PHẨM CHÍNH HÃNG 
LOA VI TÍNH SOUNDMAX A130 màu ngẩu nhiên - Hàng Chính Hãng
Loa kéo Ronamax MR15 - Hàng chính hãng
Loa bluetooth kiêm đồng hồ báo thức Win8 ( Giao Màu Ngẫu Nhiên)
"LOA kéo du lịch  k108 THÙNG 2.5 TẤC GỖ TẶNG KÈM 1 MIC KHÔNG DÂY, HÁT KARAOKE SIÊU NHẸ TIẾNG TRONG VÀ CHUẨN"
Nguồn Phantom 48V Cho Micro Thu âm Live Stream 
"Loa Bluetooth Sanag X6 Plus Bản Mở Rộng, chống nước IPX5. Hỗ Trợ Kết Nối Bluetooth 5.0, Thẻ Nhớ, Nhiều Màu Sắc - Hàng chính hãng"
"Loa Bluetooth GUTEK C3 MINI Nghe Nhạc Cầm Tay Không Dây, Vỏ Nhôm Nghe Nhạc Hay, Âm Thanh Chất Lượng, Hỗ Trợ Kết Nối Bluetooth 4.0, Thẻ Nhớ, Đài FM, Usb, Nhiều Màu Sắc - Hàng Chính Hãng"
Loa Bluetooth Sony SRS-XB12 - Hàng chính hãng
Loa Bluetooth JBL Go 2 - Hàng Chính Hãng
Loa bluetooth JBL Flip 5 - Hàng chính hãng
Loa Bluetooth JBL Charge 4 30W - Hàng Chính Hãng
Loa Bluetooth 5.0 Kiêm Đồng Hồ Báo Thức - [[ 2 Trong 1 ]] - Robot - Hàng Chính Hãng
Loa Bluetooth Harman Kardon Onyx Studio 5 50W - Hàng Chính Hãng
Loa Bluetooth Mini Speaker B2
"Loa Bluetooth 5.0 - [[ Nghe 24h - Phạm Vi 20m, 200m2 ]] - VIVAN VS20 - Hàng Chính Hãng"
Loa bluetooth Iron Man siêu ngầu D00-561
Loa Bluetooth Sony SRS-XB22 - Hàng chính hãng
Loa bluetooth Zealot ngoài trời âm thanh siêu trầm S9 hàng chính hãng tương thích điện thoại di động máy tính laptop
Loa Bluetooth xách tay D-B16
"Hàng Chính Hãng - Loa Máy Vi Tính SADA D-202, Âm Thanh Siêu Trầm"
Loa Bluetooth JBL Go + (Plus) - Hàng Chính Hãng
Loa di động Bluetooth LG XBOOMGO PL2 - Hàng Chính Hãng
Loa Bluetooth Mặt Gương Kiêm Đồng Hồ Báo Thức BT506 V5.0 - Có Khe Cắm Thẻ Nhớ
"Loa Kéo Karaoke Bluetooth Kiomic Q8 Vân Gỗ Điều Chỉnh Bass, Treble - Hàng Nhập Khẩu"
"Loa Bluetooth GUTEK C4 Mini Nghe Nhạc Cầm Tay Không Dây , Âm Thanh Trong Nghe Nhạc Hay, Vỏ Nhôm Nhiều Màu Sắc, Hỗ Trợ Kết Nối Bluetooth 4.0, Cổng 3.5, USB Và Thẻ Nhớ - Hàng chính hãng"
Loa Bluetooth Sony ExtraBass XB01 - Hàng Chính Hãng
Loa Bluetooth Speaker không dây 10W PKCB2 - Hàng chính hãng
 Loa Thông Minh Tích Hợp Trợ Lí Ảo Google Home Mini Xám/Trắng - Hàng Nhập Khẩu
Loa Vi Tính Bluetooth Microlab M-106BT 2.1 (10W) - Hàng Chính Hãng
Loa Bluetooth JBL Clip 3 - Hàng Chính Hãng
Loa Bluetooth MIFA A10 Super Bass - Hàng Chính Hãng
Loa Vi Tính Microlab B51 2.0 (4W) - Hàng Chính Hãng
"	 Loa TWS Bluetooth 5.0 VIVAN VS1 – Chống Nước IPX5, Pin 1800mAh, Âm Thanh Sống Động, Hỗ Trợ Thẻ Nhớ SD & USB – HÀNG CHÍNH HÃNG"
Loa Bluetooth JBL Xtreme 2 (40W) - Hàng Chính Hãng
Loa Bluetooth Tronsmart Element T6 Mini Loa Bluetooth 5.0 ngoài trời chống thấm nước IPX6 15W - Hàng Chính Hãng
"[[ Loa Không Dây Bluetooth 5.0 - Nghe 8h - Phạm Vi 10m ]] - Cho iOS/Apple (iPhone/iPad), Android (Samsung, Sony, Xiaomi, Huawei, Oppo) Màu Đen - RB100 -  Hàng Chính Hãng"
"USB tạo Bluetooth cho dàn âm thanh xe hơi, amply, loa Car Bluetooth"
"Loa Karaoke Bluetooth Xách Tay KM-S1 (Đen) Tặng Kèm 1 Mic Hát Có Dây Cắm Trực Tiếp, Bass Không Dây, Đèn Led Sống Động"
Loa kẹo kéo di động kiomic k89 có bluetooth kèm 2 micro thùng gỗ karaoke
Loa bluetooth mini 5.0 nhỏ gọn PKCB PF1002 - Hàng chính hãng
Loa Bluetooth 60W công suất lớn Super Bass chống nước IPX5 pin 6600MAH sạc nhanh Type C công nghệ AI Hàng Chính Hãng PKCB
"Loa Bluetooth Tronsmart Element T2 Plus Loa di động 20W, Chống nước IPX7 - Hàng Chính Hãng"
Loa Bluetooth 5.0 Extra Bass 2GOOD S32 - Hàng Chính Hãng
Loa Vi Tính Microlab M-105 2.1 - Hàng Chính Hãng
Loa Bluetooth Harman Kardon Go + Play mini 100W - Hàng Chính Hãng
Loa Bluetooth Anker Soundcore Mini - A3101 - Hàng Chính Hãng
Loa kéo karaoke Temeisheng A1265/ Model A12-10 (BASS 30CM) - Hàng chính hãng
Loa Bluetooth Sony SRS-XB23 - Hàng Chính Hãng
Loa bluetooth không dây di động ngoài trời Zealot hàng chính hãng
Loa thông minh tích hợp Google Home Mini - Hàng nhập khẩu
Loa Mini Bluetooth HLD-600 Led Nháy Theo Nhạc (Giao màu ngẫu nhiên)
Loa Bluetooth Anker SoundCore Motion B - A3109 - Hàng Chính Hãng
Loa di động Bluetooth LG XBOOMGO PL7 - Hàng chính hãng
LOA KÉO JBZ J9 -Hàng Chính Hãng
Loa blutooth đa năng kiêm đồng hồ báo thức (màu ngẫu nhiên)
"Loa nghe nhạc mini kiêm đài radio S99 hỗ trợ thẻ nhớ, usb, jack 3.5"
Loa Vi Tính Bộ Ba Loa Nghe Nhạc Cực Hay Bass Treb Sống Động PKCB6 ĐÊN - Hàng Chính Hãng 
Loa Kéo JBZ  J6 kèm 2 micro - Hàng Chính Hãng
"Loa bluetooth 5.0 50W công suất lớn chống nước IPX7, pin 6600mah cộng nghệ điều khiển giọng nói PKCB PF1007 - Hàng chính hãng"
Loa bluetooth vi tính 4 loa mang lại trải nghiệm âm thanh sống động W8	
"Loa bluetooth đa năng Borofone BR5 Adventure có đèn Led bắt mắt, Âm thanh tuyệt vời (màu ngẫu nhiên) HÀNG CHÌNH HÃNG"
Loa Bluetooth Kiêm Pin Sạc Dự Phòng Zealot S1 – Hàng Nhập Khẩu
Loa Bluetooth USB thẻ nhớ WS-887 - Hàng Nhập Khẩu
"Loa Kéo Karaoke Bluetooth Kiomic Q8 Vân Gỗ Điều Chỉnh Bass, Treble - Hàng Chính Hãng"
"Hàng Chính Hãng - Loa Máy Vi Tính SADA D-208 Vỏ Gỗ, Hỗ Trợ Bluetooth 5.0, Đèn Led 7 Màu, Chống Nước Cao Cấp"
Loa kéo “JBZ J7” – Karaoke di động bass 2 tấc - SẢN PHẨM CHÍNH HÃNG
Loa kéo Temeisheng GD1512 - Hàng nhập khẩu
Loa bluetooth kiêm đồng hồ để bàn M3
Kinh Mát Nghe Nhạc Bose Frames Kiểu Soprano - Hàng chính hãng - Đen
Loa Bluetooth DynAudio Music 1 - Hàng Chính Hãng
Bộ 2 Mic Loa kéo  không dây kèm mạch ( Thân Kim Loại )
Loa kéo di động Acnos BeatBox KB39U - Hàng Nhập Khẩu
Loa Bluetooth Nghe Nhạc Không Dây Mini
"Loa Vi Tính Có Tích Hợp Bluetooth, USB Và Thẻ Nhớ Bosston T1650-BT Đèn LED RGB"
Combo 2 micro không dây cho loa kéo Temeisheng LA-015
Loa Vi Tính Bluetooth Microlab Bottle Wine 2.1 36W RMS - Hàng Chính Hãng
LOA MINI BLUETOOTH CAO CẤP - L002
Loa Sub Siêu Trầm S1
Loa Bluetooth kiêm đồng hồ báo thức mặt gương đa chức năng bản tiêu chuẩn
"Loa Bluetooth DW 7066 BT Nhỏ gọn, âm thanh sắc nét, rõ ràng (Giao màu ngẫu nhiên)"
Bộ Chia Tín Hiệu HDMI Vào 1 Ra 2 Tivi Cùng Lúc Chuẩn 4K
Loa Kéo Microtek MTK-09 (650W) - Hàng chính hãng
 Loa Vi Tính Laptop Để Bàn Nghe Nhạc Mini Q900 Hình Robot Âm Thanh Siêu Trầm Sống Động hàng nhập khẩu
Loa Bluetooth Baseus Encok E08 Wireless Speaker V5.0 - Hàng chính hãng
Loa Bluetooth Kimiso CS-29 - hàng nhập khẩu
Loa bluetooth di động Q5
"Loa Microlab M900, TMN 3 – 4.1 Hàng Chính Hãng"
Loa vi tính 2N-202 âm thanh bass sống động bộ 3 loa PF6
Loa Vi  Tính Genius HF 180 Vân gỗ-Hàng Chính Hãng -
Loa kéo Dalton TS-15G500X - Hàng chính hãng
Loa Bluetooth Bose Soundtouch 10 - Hàng Chính Hãng
Marshall Stockwell II Loa Bluetooth Chính hãng
Loa bluetooth để bàn/máy tính/tv có đồng hồ led RE0257
Loa Bluetooth di động Tronsmart Element Force Bluetooth 5.0 Loa di động 40W - Hàng Chính Hãng
"Loa Bluetooth gắn thẻ nhớ usb cho điện thoại, laptop PKCB-518 Đen"
Loa Loyfun 804 - Hàng Chính Hãng
"Bộ Loa Máy Tính Để Bàn D-206 Âm Thanh Trầm Hỗ Trợ Bluetooth, USB, Thẻ nhớ, Jack 3.5"
Loa Cộng Hưởng Cảm Ứng - Màu ngẫu nhiên
Loa âm trần mặt tròn 6W lưới mịn TOA PC-648R - Hàng Nhập Khẩu
"Máy trợ giảng không dây Aporo T18 FM kèm túi đựng , micro có dây cài ve áo, ( hàng nhập khẩu )"
Dàn âm thanh Sound bar Sony HT-X8500 - Hàng phân phối chính hãng
"Loa Bluetooth Sanag X6 Plus Bản Mở Rộng, chống nước IPX5. Hỗ Trợ Kết Nối Bluetooth 5.0, Thẻ Nhớ, Nhiều Màu Sắc - Hàng chính hãng"
"Loa Bluetooth GUTEK C3 MINI Nghe Nhạc Cầm Tay Không Dây, Vỏ Nhôm Nghe Nhạc Hay, Âm Thanh Chất Lượng, Hỗ Trợ Kết Nối Bluetooth 4.0, Thẻ Nhớ, Đài FM, Usb, Nhiều Màu Sắc - Hàng Chính Hãng"
Loa Bluetooth Sony SRS-XB12 - Hàng chính hãng
Loa Bluetooth JBL Go 2 - Hàng Chính Hãng
Loa bluetooth JBL Flip 5 - Hàng chính hãng
Loa Bluetooth JBL Charge 4 30W - Hàng Chính Hãng
Loa Bluetooth 5.0 Kiêm Đồng Hồ Báo Thức - [[ 2 Trong 1 ]] - Robot - Hàng Chính Hãng
Loa Bluetooth Harman Kardon Onyx Studio 5 50W - Hàng Chính Hãng
Loa Bluetooth Mini Speaker B2
"Loa Bluetooth 5.0 - [[ Nghe 24h - Phạm Vi 20m, 200m2 ]] - VIVAN VS20 - Hàng Chính Hãng"
Loa bluetooth Iron Man siêu ngầu D00-561
Loa Bluetooth Sony SRS-XB22 - Hàng chính hãng
Loa bluetooth Zealot ngoài trời âm thanh siêu trầm S9 hàng chính hãng tương thích điện thoại di động máy tính laptop
Loa Bluetooth xách tay D-B16
"Hàng Chính Hãng - Loa Máy Vi Tính SADA D-202, Âm Thanh Siêu Trầm"
Loa Bluetooth JBL Go + (Plus) - Hàng Chính Hãng
Loa di động Bluetooth LG XBOOMGO PL2 - Hàng Chính Hãng
Loa Bluetooth Mặt Gương Kiêm Đồng Hồ Báo Thức BT506 V5.0 - Có Khe Cắm Thẻ Nhớ
"Loa Kéo Karaoke Bluetooth Kiomic Q8 Vân Gỗ Điều Chỉnh Bass, Treble - Hàng Nhập Khẩu"
"Loa Bluetooth GUTEK C4 Mini Nghe Nhạc Cầm Tay Không Dây , Âm Thanh Trong Nghe Nhạc Hay, Vỏ Nhôm Nhiều Màu Sắc, Hỗ Trợ Kết Nối Bluetooth 4.0, Cổng 3.5, USB Và Thẻ Nhớ - Hàng chính hãng"
Loa Bluetooth Sony ExtraBass XB01 - Hàng Chính Hãng
Loa Bluetooth Speaker không dây 10W PKCB2 - Hàng chính hãng
 Loa Thông Minh Tích Hợp Trợ Lí Ảo Google Home Mini Xám/Trắng - Hàng Nhập Khẩu
Loa Vi Tính Bluetooth Microlab M-106BT 2.1 (10W) - Hàng Chính Hãng
Loa Bluetooth JBL Clip 3 - Hàng Chính Hãng
Loa Bluetooth MIFA A10 Super Bass - Hàng Chính Hãng
Loa Vi Tính Microlab B51 2.0 (4W) - Hàng Chính Hãng
"	 Loa TWS Bluetooth 5.0 VIVAN VS1 – Chống Nước IPX5, Pin 1800mAh, Âm Thanh Sống Động, Hỗ Trợ Thẻ Nhớ SD & USB – HÀNG CHÍNH HÃNG"
Loa Bluetooth JBL Xtreme 2 (40W) - Hàng Chính Hãng
Loa Bluetooth Tronsmart Element T6 Mini Loa Bluetooth 5.0 ngoài trời chống thấm nước IPX6 15W - Hàng Chính Hãng
"[[ Loa Không Dây Bluetooth 5.0 - Nghe 8h - Phạm Vi 10m ]] - Cho iOS/Apple (iPhone/iPad), Android (Samsung, Sony, Xiaomi, Huawei, Oppo) Màu Đen - RB100 -  Hàng Chính Hãng"
"USB tạo Bluetooth cho dàn âm thanh xe hơi, amply, loa Car Bluetooth"
"Loa Karaoke Bluetooth Xách Tay KM-S1 (Đen) Tặng Kèm 1 Mic Hát Có Dây Cắm Trực Tiếp, Bass Không Dây, Đèn Led Sống Động"
Loa kẹo kéo di động kiomic k89 có bluetooth kèm 2 micro thùng gỗ karaoke
Loa bluetooth mini 5.0 nhỏ gọn PKCB PF1002 - Hàng chính hãng
Loa Bluetooth 60W công suất lớn Super Bass chống nước IPX5 pin 6600MAH sạc nhanh Type C công nghệ AI Hàng Chính Hãng PKCB
"Loa Bluetooth Tronsmart Element T2 Plus Loa di động 20W, Chống nước IPX7 - Hàng Chính Hãng"
Loa Bluetooth 5.0 Extra Bass 2GOOD S32 - Hàng Chính Hãng
Loa Vi Tính Microlab M-105 2.1 - Hàng Chính Hãng
Loa Bluetooth Harman Kardon Go + Play mini 100W - Hàng Chính Hãng
Loa Bluetooth Anker Soundcore Mini - A3101 - Hàng Chính Hãng
Loa kéo karaoke Temeisheng A1265/ Model A12-10 (BASS 30CM) - Hàng chính hãng
Loa Bluetooth Sony SRS-XB23 - Hàng Chính Hãng
Loa bluetooth không dây di động ngoài trời Zealot hàng chính hãng
Loa thông minh tích hợp Google Home Mini - Hàng nhập khẩu
Loa Mini Bluetooth HLD-600 Led Nháy Theo Nhạc (Giao màu ngẫu nhiên)
Loa Bluetooth Anker SoundCore Motion B - A3109 - Hàng Chính Hãng
Loa di động Bluetooth LG XBOOMGO PL7 - Hàng chính hãng
