"Máy Phun Sương Xông Hơi Mặt NaNo Mini Cầm Tay Hỗ Trợ Dưỡng Da tối đa, xịt khoáng cho da mặt trẻ đẹp"
 Máy xông mặt xịt khoáng nano mini phun sương dưỡng da sạc điện
Máy Xông Mặt Hơi Nước
Máy xông hơi da mặt siêu hot HB679
Máy xông hơi mặt xoay 360 độ K33C- Màu ngẫu nhiên
Máy Phun Sương Xông Hơi Mặt NaNo Mini Cầm Tay Hỗ Trợ Dưỡng Da Cấp Nước Tối Đa
Máy Xông Mặt Hoa Quả Maoer
Máy Xông Hơi Mặt Phun Sương  Sokany 
Máy Xông Hơi Mặt Nóng Lạnh Cao Cấp-Có Ngăn Chứa Thảo Dược
Máy xông hơi da mặt hoa quả
Máy Xịt Khoáng Phun Sương Nano Spray Sạc Điện Tiện Lợi Cầm Tay Mini Giao Màu Ngẫu Nhiên - MP133
COMBO Máy xông hơi hoa quả thảo dược 2in1+ Máy rửa mặt 5 in1 skin xoay+ Tinh dầu 10ml
Máy Xông Mặt Panasonic PAXM-EH-SA31VP442
"Máy phun sương tạo ẩm mini cầm tay, cân bằng da mặt"
Máy xông hơi da mặt thảo dược
"Máy xông hơi da mặt hoa quả, thảo dược - màu ngẫu nhiên"
Máy Xông Hơi Mặt Nano Nóng Lạnh-Cần Xoay 360 Độ
Máy Masage xông da mặt cao cấp
Máy xông hơi massage mặt Nano- Tặng máy rửa mặt 5in1 skin xoay
Máy Xịt  Khoáng Nano Mist Prayer Mini Size
Máy Xông Mặt Nóng Lạnh Cao Cấp -Có Ngăn Chứa Thảo Dược
Máy phun sương mini tạo ẩm cho da Hàn Quốc KP68 dung tích 20ml
"Máy xông hơi mặt phun sương  sokany618- 280w thảo dược giúp se lỗ chân lông, trắng sáng rạng ngời "
Máy Xông Mặt Loại Mini Kingdomcare K33S
Máy Xông Hơi Da Mặt SKin Cao Cấp
"Máy Xông Hơi Mặt ION Hai Chế Độ Nóng Lạnh, Tẩy Trang Làm Sạch Bổ Xung Độ Ẩm  Giúp Trẻ Hóa Da Mặt Cao Cấp - Hàng Chính Hãng"
"Combo Máy xông mặt, xịt khoáng nano mini cầm tay tiện lợi và Máy rửa mặt rung tạo bọt giúp sạch sâu"
Máy phun sương xông mặt mini cổng sạc USB lliKi
"Máy xông hơi, phun sương, massage làm đẹp da mặt ZJ-608 màu Trắng hồng (Có hình thật thực tế sản phẩm)"
"Máy Xông Hơi Da Mặt Phun Sương ION, Hydrat Chăm Sóc Và Trẻ Hóa Da Mặt Cao Cấp - Hàng Chính Hãng"
"Máy Xông Hơi Mặt Sokany ZJ-608, Tặng Chai Tinh Dầu Hương Thơm Essesa - HÀNG CHÍNH HÃNG"
Máy xông nóng lạnh ion âm có bút massage mắt đi kèm Kingdom  169B ( hàng nhập khẩu )
MÁY XÔNG MẶT MINI
Máy xông hơi da mặt & xông mũi  RIO FSTE nhập khẩu chính hãng Anh Quốc (UK)
Máy xông làm đẹp da mặt LAICA MD6062 - Thương hiệu Ý
MÁY XÔNG HƠI 2 CHẾ ĐỘ NÓNG - LẠNH 
Máy Xịt Khoáng Phun Sương Tạo Độ Ẩm Khuôn Mặt Mini Cầm Tay SkinWard+ SW-836 - Cân Bằng Độ Ẩm Có Chức Năng Thay Thế Sạc Dự Phòng - Hàng Chính Hãng
Máy Xông Hơi Làm Đẹp Da Mặt F10110
Máy phun sương xông hơi da mặt mới
Máy Xông Mặt Xịt Khoáng Nano 30ml
Máy xông hơi massage mặt công nghệ nano-Dáng tròn
Máy xông hơi ướt gia đình Homesteam
Máy xông hơi mặt xịt khoáng NaNo cầm tay mini Kiên sạc dự phòng
"Máy xông mặt phun sương ,xịt khoáng Nano mini cầm tay tiện dụng của WATER LIFE màu trắng"
"MÁY XỊT KHOÁNG MINI CẦM TAY (XÔNG MẶT NANO) nhỏ nhắn, tiện lợi, dễ đem theo mọi nơi mọi lúc- màu ngẫu nhiên - lk1984"
MÁY XÔNG HƠI MẶT THẢO DƯỢC 2 IN 1  (Màu ngẫu nhiên)
Máy xông hơi mặt Facial Sauna RIO FSTE nhập khẩu Anh
Máy Phun Sương Cầm Tay ( Máy Xông Mặt Mini ) – Công Nghệ nano -  SP004168
Máy Xông Hơi Mặt Mini Tặng Kèm Tinh Dầu 
Máy Phun Sương Ion Nano Cầm Tay Mini KD07 Dưỡng Ẩm Chăm Sóc Da Mặt - Cao Cấp Chính Hãng
Máy Xông Hơi Mặt Mini VGRL NTFS-528-Hàng nhập khẩu
Máy Xịt Khoáng Cầm Tay Mini Nano Moisture Spray -  Tặng Kèm Cọ Trang Điểm
"Máy Xông Da Mặt ion Nóng Lạnh Hai Chức Năng, Chăm Sóc Và Trẻ Hóa Da Cao Cấp - Hàng Chính Hãng"
Máy Tạo Độ Ẩm Dưỡng Da - Phun Sương - Xông Mặt - Xịn Khoáng Mini Cầm Tay Tiện Dụng Cân Bằng Độ Ẩm - BT-3
Máy xông hơi da mặt USA công nghệ siêu âm ION HoMedics FCS-100-EU nhập khẩu USA
Máy xông hơi mặt MXM-KM6068
Máy Phun Sương Ion Nano Cầm Tay Mini KD88 Dưỡng Ẩm Chăm Sóc Da Mặt - Cao Cấp Chính Hãng
MÁY XÔNG HƠI 2 CHẾ ĐỘ NÓNG- LẠNH KD169A
"Máy Phun Sương, Máy xông hơi da mặt ,Máy Tạo Âm Mini Nano Siêu Gọn và Tiện Lợi - Nano - Giao màu ngẫu nhiên"
Máy Xông Hơi Mặt Mini Xoay 360 Độ K33C (Giao Màu Ngẫu Nhiên)
MÁY PHUN OXY CẦM TAY MINI SIÊU MẠNH - SIÊU BỀN - SIÊU - TIỆN LỢI
Máy Xông Hơi Hai Cần Nóng Lạnh Chuyên Nghiệp
"Máy Xịt Khoáng Nano Kết Hợp Đo Độ Ẩm, Độ Dầu Trên Da Kiêm Pin Sạc Dự Phòng"
Máy Xịt Khoáng Mini Cầm tay Cấp Ẩm Cho Da  - Tặng Kèm Cọ Trang Điểm
 MÁY PHUN SƯƠNG CHĂM SÓC VÀ LÀM MÁT DA MẶT MIPOW FACESPA 2020 – HÀNG CHÍNH HÃNG -  BL300
Máy Xông Hơi Làm Đẹp Da Mặt  YN025 - Se Khít Lỗ Chân Lông - GIảm Mụn Ẩn - Công Nghệ Phun Ion Âm
Máy Phun Sương Tạo Độ Ẩm Khuôn Mặt Mini Cầm Tay - Xịt Khoáng Dưỡng Da Cân Bằng Độ Ẩm Có Chức Năng Kiểm Tra Da Và Thay Thế Sạc Dự Phòng - BC706A
Máy xông mặt tinh chất Nano mini cầm tay YESURE kiêm sạc dự phòng - Tặng kèm quạt USB ( Màu ngẫu nhiên )
Máy xông hơi mặt 1 cần nóng lạnh
"Máy xông hơi, phun sương, massage dưỡng ẩm da mặt mới"
Máy Xông Hơi Mặt Kemei Km-6068-Hàng nhập khẩu
Máy xông hơi mặt mini ion âm  hình quả trứng VGRL  528 sản xuất theo công nghệ Hàn Quốc- màu sắc giao ngẫu nhiên
"Máy xông mặt mini bỏ túi, Dụng cụ phun sương nano làm đẹp"
"Máy Xông Hơi Mặt Mini Cao Cấp Thải Độc, Loại Bỏ Bụi Bẩn, Làm Sạch Sâu Da"
"Máy Xông Hơi Mặt Nóng Lạnh Thông Minh Cao Cấp-6 chế độ xông, công nghệ xông nano ion"
Máy Xông Hơi Da Mặt ION KD2330 Chăm Sóc Trẻ Hóa Da Mặt
Máy Phun Sương Mini Cầm Tay Công Nghệ Nano L3
Máy xông hơi mặt cao cấp
Máy Xông Da Mặt Mini KD 2331
"Máy Xông Bằng Hơi Nước Cho Mặt, Mũi"
"Máy Xông Hơi Da Mặt Có Thể Kết Hợp Hoa Quả, Thảo Dược Hoặc Tinh Dầu Tự Nhiên - Cao Cấp Chính Hãng"
"Máy xông hơi mặt, phun sương tạo ẩm XM1"
Máy xông mặt cao cấp Spa - Sonia H1108
Máy Phun Sương Nanomet KNY-002 Và Kiểm Tra Độ Ẩm Của Da - Giao Màu Ngẫu Nhiên
Máy Xông Mặt Nano Spray 30ml
"Máy phun sương, xông hơi mặt mini "
Máy Phun Sương Mipow Facespa Chăm Sóc Và Làm Mát Da Mặt HDP299 - Hàng Chính Hãng
Máy Phun Sương Nano Cầm Tay Hình Dễ Thương Có Đèn Led 7 Màu - Giao Màu Ngẫu Nhiên
Máy phun cấp ẩm cầm tay
 Máy xông hơi 2 cần
Máy xông hơi massage mặt công nghệ Nano Cao Cấp
Máy Phun Oxy Omega
Máy xông hơi mặt KD2331A tặng bút massage mắt ( hàng nhập khẩu )
Máy Phun Sương Mini Cầm Tay Tạo Độ Ẩm Làm Mát Cấp Ẩm Cho Da - Xịt kháng Dưỡng Da Tiện Lợi - L1810
Máy làm mặt nạ trái cây và xông hơi mặt QFR-801 - Hàng chính hãng
Máy xông mặt Sokany tặng kèm 2 cây nặn mụn
Máy Phun Sương Hình Gấu Dễ Thương - Giao màu ngẫu nhiên
Máy phun sương tạo ẩm cân bằng cho da mặt 
Máy xông da mặt Sokany ZJ-608 - Hàng chính hãng
Máy xông da mặt thảo dược tinh dầu K33C K-SKIN ( đi kèm bút mát xa mắt ) hàng nhập khẩu
Máy Xông Mặt Hơi Nước - Tặng Bộ Chén trộn mặt nạ - Giao màu ngẫu nhiên
Máy Phun Sương Nano Cầm Tay HP-001A Tạo Độ Ẩm Cho Da - Giao Màu Ngẫu Nhiên
Thiết bị biến chai nước thành máy phun sương giữ ẩm
"Máy Xịt Phun Sương Công Nghệ Nano Cầm Tay-Ngăn Ngừa Khô Da, Cháy Xạm Da K-SKIN Hàng Chính Hãng"
Máy Xông Hơi Làm Đẹp Tái Tạo Da Thế Hệ Mới - Phiên Bản Nâng Cấp F0110
Máy xông tinh dầu thư giãn 1 cần cao cấp Spa - Sonia H1101
2 Máy Xông Owgels WH-701
Máy Chống Lão Hóa Da Bằng Khí Hydro
2 Máy Xông Owgels WH-702
Máy khuếch tán tinh dầu MIDIMO công nghệ siêu âm cảm biến ánh sáng thông minh MD0001
Máy xông tinh dầu thư giãn làm đẹp  1 cần cao cấp - Sonial H1103
Máy xông mặt xông mũi đa năng bằng hơi nước cao cấp thương hiệu DSP 70011 - Công suất: 150W - Hàng Nhập Khẩu
Máy phun sương xông hơi làm ẩm da mặt
Máy xông mặt xông mũi làm đẹp bằng hơi nước cao cấp nhãn hiệu DSP 70011 Công suất 150W Dung tích bình 60ml - Hàng chính hãng
