"Máy Quay Kĩ Thuật Số Có Đèn Flash Đám Cưới (720P, 16X) - Đen  "
Digital Camera 720P 16X ZOOM DV Flash Lamp Recorder Wedding Record Digital Camera
Máy ảnh kĩ thuật số chuyên nghiệp zoom lấy nét 16x độ phân giải 1280x720 hỗ trợ khe cắm thẻ nhớ và 4 pin AA
Camera Kỹ Thuật Số Có LED Đen (720P 16X)
Camera Kỹ Thuật Số Chống Rung Kèm Mic (16Mp HD 1080P 2.4 Inch)
Máy Ảnh Kỹ Thuật Số Đen (1080P) (Zoom 16X) 
Máy Ảnh Kỹ Thuật Số Cầm Tay  Đen (HD 1080P) (Thu Phóng 16 Lần)
Camera Hành Động Chống Nước (720P HD) (Độ Sâu 30M) (2 Inch)
Camera Hành Động Chống Nước (720P HD)
HD 1080P Video Camcorder Handheld Digital Camera 16X Zoom Digital Camera
Máy Ảnh Full HD Chống Lắc 4X Kỹ Thuật Số Tích Hợp Đèn Pin Có Thể Mở Rộng Và Lọc Ánh Sáng Andoer (3.0) (1080P 15fps Full HD 24MP)
Digital Camera Hd100 Red + Us Standard
Fun Cartoon Portable HD Mini Digital Camera for Children
Máy Ảnh Kỹ Thuật Số SLR HD Zoom 16X Với Ống Kính Cố Định & Giao Diện AV
"FHD 1080P 24MP 2.7""TFT LCD 16XZOOM Digital Video Recorder DV AV Camera Camcorder"
Red Hd Digital Camera K09 European Standard
White Hd Digital Camera K09 European Standard
2.7inch TFT Digital Camera Waterproof 24MP MAX 1080P Double Screen 16x Digital Zoom Camcorder HD268 Underwater Camera
32MP Kids Children Digital Camera 1080P Video Camcorder 2.4 Inches Screen Dual Camera Lenses Anti-Drop Toys for Girls
