"Máy cưa xích cắt cây chạy điện tra dầu tự động, máy cưa điện công suất lớn, tốc độ nhanh, mạnh mẽ, động cơ bề bỉ"
Máy Cưa Đĩa Nikawa NK-CS03 – Xanh Dương
Máy cưa xích chạy xăng 52CC chất lượng cao
"Bộ Chuyển Đổi Máy Mài, Máy Cắt Thành Máy Cưa Xích"
Máy Cưa Xích Xăng Makute GC002
Máy cưa kiếm 850W tặng kèm hộp nhựa chất lượng tốt
Máy Cưa Lọng Total TS2081006 (800W)
Máy cưa gỗ - Máy cắt gỗ Panda đường kính lưỡi 185 mm
Máy cắt gạch Bosch GDC 140
Máy cưa lọng 400 W Total TS204556
Máy Cưa Xích Makita UC4041A
Máy Cưa Bàn 775 Siêu Khỏe 288W 12-24VDC V2
Máy cưa xích Kenmax chạy xăng 2100W - Hàng chính hãng
Máy Cưa Xích Chạy Xăng Chất Lượng Cao
Máy cưa gỗ cầm tay đường kính 185mm
Máy Cưa Đĩa Nikawa NK-CS04 – Xanh Dương
Máy Cưa Xích 2 Thì Master Hus-365
MÁY CƯA XÍCH CHẠY ĐIỆN AMAXTOOLS AM405 (1800W) - HÀNG CHÍNH HÃNG
Máy Cưa Bàn 775 Siêu Khỏe 288W 12-24VDC
Máy Cưa Gỗ Và Sắt Cầm Tay Black+Decker New 2017 KS880EC (400W) - Tặng Kèm 2 Lưỡi Cưa Gỗ và Cưa Sắt
"Cưa Xích Chạy Xăng Động Cơ 2 Kì STIHL MS-180 - Máy Cưa Chạy Xăng Vận Hành Bền Bỉ, Độ Rung Làm Việc Thấp, Chất Liệu Cao Cấp, Phù Hợp Trong Xây Dựng, Thợ Mộc, Đời Sống – Hàng Chính Hãng"
"Máy cưa gỗ,Máy cắt gỗ cầm tay XCORT Tặng Lưỡi"
Máy Cưa Gỗ LEIYA Cầm Tay Chạy Điện Lưỡi 235mm Chuyên Dùng Cho Gỗ Và Vật Liệu Mềm Khác Ứng Dụng Trong Ngành Công Nghiệp Và Sửa Chữa - Hàng Chính Hãng
Máy cưa đĩa(235mm) Makita N5900B
Máy cưa đĩa Maktec MT583
Máy Cưa Xích Mitsuyama TL250 Có Lam Xích
Máy cưa đĩa cầm tay Crown CT15074 - Hàng chính hãng
Máy cưa đĩa tròn Total 1400W-185mm TS1141856
Máy cưa xích xăng dùng pin Lithium 20V Total TGSLI2001
Máy cưa đĩa Bosch GKS 235 turbo - Tặng phụ kiện 1 lưỡi cắt & 1 ray
Máy cưa xích Total 1.8KW TG945185
Máy cưa gỗ - Máy cắt gỗ Panda đường kính lưỡi 235mm
Máy cưa kiếm 750W TOTAL TS100806 
Máy cưa đĩa tròn dùng pin Lithium 20V kKHÔNG GỒM PIN SẠC  Total TSLI1401
Máy Cưa Gỗ Makute CS003 185mm
Máy cưa cầm tay 400W Black & Decker KS880EC-KR
"Máy cưa kiếm,Máy cưa kiếm điện cầm tay 950W XCORT"
Máy Cắt Tường KEN 4125 (125mm)
Máy cưa kiểm dùng pin Lithium-ion Total TRSLI1151
"Máy cưa kiếm cầm tay công suất lớn Tool arm 850W tặng kèm hộp nhựa, thiết kế chắc chắn, cưa điện siêu mạnh cắt gạch, đá, gỗ,... Hàng chính hãng"
Máy cưa đĩa tròn Ingco CS18568 1600W/185mm 
Bộ 9 mũi tô vít lắp máy khoan 100mm
Máy Cưa Lọng Bosch GST 80 PBE
Máy cưa kiếm dùng pin 150mm
 Máy cưa lọng 800 W  Ingco JS80028
Máy Cưa Lọng Bosch GST 8000E (710W)
Máy cưa lọng dùng pin Li-on hiệu Ingco CJSLI8501 
"Máy cưa kiếm,Máy cưa kiếm pin 21V XCORT"
Máy cưa đĩa Makita HS7600
Máy Cưa Lọng Bosch GST 65E
MÁY CƯA BÀN OZITO TSB-0808 HÀNG MỚI 100% NHẬP KHẨU ÚC
Máy cưa đĩa tròn Total 1200W TS1121856
Máy cưa xích Oshima 5900
Cưa xích Kenmax chạy điện siêu khỏe - Hàng chính hãng
Máy Cưa Xích Chạy Điện GEOX-GL-55016
Máy Cưa Kiếm Dùng Pin Makita JR105DSYE 
Máy cưa xẻ gỗ cầm tay JIG 3893 + tặng thêm 2 lưỡi
Máy Cưa Bàn GTS 10XC (254mm)
Máy cưa bàn ingco BAS3502
MÁY CƯA ĐĨA TRÒN 185MM 1600W INGCO CS18568 ( TẶNG LƯỠI CẮT VÀ BAO TAY INGCO)- HÀNG CHÍNH HÃNG
Máy Cưa Bàn Mini Đa Năng 24V 2 Trong 1
MÁY CƯA TRƯỢT ĐA GÓC OZITO SCMS-8MSS
Máy Cưa Lọng Bosch GST 80 PBE (580W)
Máy cưa lọng đa năng dùng pin 20V Worx Orange WX550
Máy Cưa Đĩa Bosch GKS 190
Máy Cưa Lộng 800W Tolsen 79551 - Vàng (100mm)
Máy cưa bàn Makita MLT100 
Máy cưa kiếm dùng pin Lithium-Ion Ingco (không kèm pin & sạc) CRSLI1151 
Máy cưa xích chạy xăng Vinafarm VNCX-988
Máy cưa xích mini gia đình Yataka CS-365
Máy cưa xích oshima os 25
Máy Cưa xích oshima Yamata CS5280
Máy cưa xích Oshima OS 5200
"Máy Cưa Lọng Kenmax KM012 710W, có đèn lazer"
Máy cưa xích chạy xăng  SAFUN 2100W Germany Technology
"Cưa Xích Động Cơ 2 Kì STIHL MS382 - Máy Cưa Chạy Xăng Được Cải Tiến Vượt Trội, Độ Rung Làm Việc Thấp, Chất Liệu Cao Cấp, Phù Hợp Trong Xây Dựng, Thợ Mộc Và Đời Sống – Hàng Chính Hãng"
Máy Cưa Lọng Makute JS012
MÁY CƯA XÍCH XĂNG DEWOO DW5200CS (2000W)- HÀNG CHÍNH HÃNG
Máy Cưa Lọng Makita 4350CT
MÁY CƯA BÀN OZITO TBS-2000 NHẬP KHẨU AUSTRALIA
Máy Cưa Xích total TG926101
Máy Cưa Xích Điện Makute EC004
Máy Cưa Dĩa Bosch GKS 7000 (1100W)
Máy cưa bàn 1500W total TS5152542
"Cưa Xích Chạy Xăng STIHL MS382 - Máy Cưa Chạy Xăng 2 Kỳ Được Cải Tiến Vượt Trội, Độ Rung Làm Việc Thấp, Chất Liệu Cao Cấp, Phù Hợp Trong Xây Dựng, Thợ Mộc Và Đời Sống – Hàng Chính Hãng"
"Máy Cưa Gỗ Cầm Tay Dera 235A Đường Kính Lưỡi Cưa Đĩa 235mm, Có Chỉnh Góc, Ốp Bảo Vệ, Công Suất 1400W - Hàng Chính Hãng"
Máy cưa xích xăng INGCO GCS45185 1.8KW - 445mm 
Máy Cưa Lọng Makita 4328
Máy Cưa Đĩa Maxpro MPCS1300/185L (1300W)
Máy cưa lọng 570 W TOTAL TS206656
Máy cưa lọng cầm tay 550W Dewalt 
MÁY CẮT BÀN CẮT SẮT CÔNG SUẤT 2300W HIỆU OZITO MCS-2355
Máy Cưa Gỗ 6106
Máy cưa bàn RTS 210B
Máy cưa lọng 400W INGCO JS40028
Máy Cưa Đĩa ABG MT583- Cưa Gỗ Cầm Tay Chạy Điện Chuyên Dùng Cho Gỗ Và Vật Liệu Mềm Khác Ứng Dụng Trong Ngành Công Nghiệp Và Sửa Chữa - Hàng Chính Hãng
"Máy cưa xích cắt cây chạy điện tra dầu tự động, máy cưa điện công suất lớn, tốc độ nhanh, mạnh mẽ, động cơ bề bỉ"
Máy Cưa Đĩa Nikawa NK-CS03 – Xanh Dương
Máy cưa xích chạy xăng 52CC chất lượng cao
"Bộ Chuyển Đổi Máy Mài, Máy Cắt Thành Máy Cưa Xích"
Máy Cưa Xích Xăng Makute GC002
Máy cưa kiếm 850W tặng kèm hộp nhựa chất lượng tốt
Máy Cưa Lọng Total TS2081006 (800W)
Máy cưa gỗ - Máy cắt gỗ Panda đường kính lưỡi 185 mm
Máy cắt gạch Bosch GDC 140
Máy cưa lọng 400 W Total TS204556
Máy Cưa Xích Makita UC4041A
Máy Cưa Bàn 775 Siêu Khỏe 288W 12-24VDC V2
Máy cưa xích Kenmax chạy xăng 2100W - Hàng chính hãng
Máy Cưa Xích Chạy Xăng Chất Lượng Cao
Máy cưa gỗ cầm tay đường kính 185mm
Máy Cưa Đĩa Nikawa NK-CS04 – Xanh Dương
Máy Cưa Xích 2 Thì Master Hus-365
MÁY CƯA XÍCH CHẠY ĐIỆN AMAXTOOLS AM405 (1800W) - HÀNG CHÍNH HÃNG
Máy Cưa Bàn 775 Siêu Khỏe 288W 12-24VDC
Máy Cưa Gỗ Và Sắt Cầm Tay Black+Decker New 2017 KS880EC (400W) - Tặng Kèm 2 Lưỡi Cưa Gỗ và Cưa Sắt
"Cưa Xích Chạy Xăng Động Cơ 2 Kì STIHL MS-180 - Máy Cưa Chạy Xăng Vận Hành Bền Bỉ, Độ Rung Làm Việc Thấp, Chất Liệu Cao Cấp, Phù Hợp Trong Xây Dựng, Thợ Mộc, Đời Sống – Hàng Chính Hãng"
"Máy cưa gỗ,Máy cắt gỗ cầm tay XCORT Tặng Lưỡi"
Máy Cưa Gỗ LEIYA Cầm Tay Chạy Điện Lưỡi 235mm Chuyên Dùng Cho Gỗ Và Vật Liệu Mềm Khác Ứng Dụng Trong Ngành Công Nghiệp Và Sửa Chữa - Hàng Chính Hãng
Máy cưa đĩa(235mm) Makita N5900B
Máy cưa đĩa Maktec MT583
Máy Cưa Xích Mitsuyama TL250 Có Lam Xích
Máy cưa đĩa cầm tay Crown CT15074 - Hàng chính hãng
Máy cưa đĩa tròn Total 1400W-185mm TS1141856
Máy cưa xích xăng dùng pin Lithium 20V Total TGSLI2001
Máy cưa đĩa Bosch GKS 235 turbo - Tặng phụ kiện 1 lưỡi cắt & 1 ray
Máy cưa xích Total 1.8KW TG945185
Máy cưa gỗ - Máy cắt gỗ Panda đường kính lưỡi 235mm
Máy cưa kiếm 750W TOTAL TS100806 
Máy cưa đĩa tròn dùng pin Lithium 20V kKHÔNG GỒM PIN SẠC  Total TSLI1401
Máy Cưa Gỗ Makute CS003 185mm
Máy cưa cầm tay 400W Black & Decker KS880EC-KR
"Máy cưa kiếm,Máy cưa kiếm điện cầm tay 950W XCORT"
Máy Cắt Tường KEN 4125 (125mm)
Máy cưa kiểm dùng pin Lithium-ion Total TRSLI1151
"Máy cưa kiếm cầm tay công suất lớn Tool arm 850W tặng kèm hộp nhựa, thiết kế chắc chắn, cưa điện siêu mạnh cắt gạch, đá, gỗ,... Hàng chính hãng"
Máy cưa đĩa tròn Ingco CS18568 1600W/185mm 
Bộ 9 mũi tô vít lắp máy khoan 100mm
Máy Cưa Lọng Bosch GST 80 PBE
Máy cưa kiếm dùng pin 150mm
 Máy cưa lọng 800 W  Ingco JS80028
Máy Cưa Lọng Bosch GST 8000E (710W)
Máy cưa lọng dùng pin Li-on hiệu Ingco CJSLI8501 
"Máy cưa kiếm,Máy cưa kiếm pin 21V XCORT"
"Máy cưa xích cắt cây chạy điện tra dầu tự động, máy cưa điện công suất lớn, tốc độ nhanh, mạnh mẽ, động cơ bề bỉ"
Máy Cưa Đĩa Nikawa NK-CS03 – Xanh Dương
Máy cưa xích chạy xăng 52CC chất lượng cao
"Bộ Chuyển Đổi Máy Mài, Máy Cắt Thành Máy Cưa Xích"
Máy Cưa Xích Xăng Makute GC002
Máy cưa kiếm 850W tặng kèm hộp nhựa chất lượng tốt
Máy Cưa Lọng Total TS2081006 (800W)
Máy cưa gỗ - Máy cắt gỗ Panda đường kính lưỡi 185 mm
Máy cắt gạch Bosch GDC 140
Máy cưa lọng 400 W Total TS204556
Máy Cưa Xích Makita UC4041A
Máy Cưa Bàn 775 Siêu Khỏe 288W 12-24VDC V2
Máy cưa xích Kenmax chạy xăng 2100W - Hàng chính hãng
Máy Cưa Xích Chạy Xăng Chất Lượng Cao
Máy cưa gỗ cầm tay đường kính 185mm
Máy Cưa Đĩa Nikawa NK-CS04 – Xanh Dương
Máy Cưa Xích 2 Thì Master Hus-365
MÁY CƯA XÍCH CHẠY ĐIỆN AMAXTOOLS AM405 (1800W) - HÀNG CHÍNH HÃNG
Máy Cưa Bàn 775 Siêu Khỏe 288W 12-24VDC
Máy Cưa Gỗ Và Sắt Cầm Tay Black+Decker New 2017 KS880EC (400W) - Tặng Kèm 2 Lưỡi Cưa Gỗ và Cưa Sắt
"Cưa Xích Chạy Xăng Động Cơ 2 Kì STIHL MS-180 - Máy Cưa Chạy Xăng Vận Hành Bền Bỉ, Độ Rung Làm Việc Thấp, Chất Liệu Cao Cấp, Phù Hợp Trong Xây Dựng, Thợ Mộc, Đời Sống – Hàng Chính Hãng"
"Máy cưa gỗ,Máy cắt gỗ cầm tay XCORT Tặng Lưỡi"
Máy Cưa Gỗ LEIYA Cầm Tay Chạy Điện Lưỡi 235mm Chuyên Dùng Cho Gỗ Và Vật Liệu Mềm Khác Ứng Dụng Trong Ngành Công Nghiệp Và Sửa Chữa - Hàng Chính Hãng
Máy cưa đĩa(235mm) Makita N5900B
Máy cưa đĩa Maktec MT583
Máy Cưa Xích Mitsuyama TL250 Có Lam Xích
Máy cưa đĩa cầm tay Crown CT15074 - Hàng chính hãng
Máy cưa đĩa tròn Total 1400W-185mm TS1141856
Máy cưa xích xăng dùng pin Lithium 20V Total TGSLI2001
Máy cưa đĩa Bosch GKS 235 turbo - Tặng phụ kiện 1 lưỡi cắt & 1 ray
Máy cưa xích Total 1.8KW TG945185
Máy cưa gỗ - Máy cắt gỗ Panda đường kính lưỡi 235mm
Máy cưa kiếm 750W TOTAL TS100806 
Máy cưa đĩa tròn dùng pin Lithium 20V kKHÔNG GỒM PIN SẠC  Total TSLI1401
Máy Cưa Gỗ Makute CS003 185mm
Máy cưa cầm tay 400W Black & Decker KS880EC-KR
"Máy cưa kiếm,Máy cưa kiếm điện cầm tay 950W XCORT"
Máy Cắt Tường KEN 4125 (125mm)
Máy cưa kiểm dùng pin Lithium-ion Total TRSLI1151
"Máy cưa kiếm cầm tay công suất lớn Tool arm 850W tặng kèm hộp nhựa, thiết kế chắc chắn, cưa điện siêu mạnh cắt gạch, đá, gỗ,... Hàng chính hãng"
Máy cưa đĩa tròn Ingco CS18568 1600W/185mm 
Bộ 9 mũi tô vít lắp máy khoan 100mm
Máy Cưa Lọng Bosch GST 80 PBE
Máy cưa kiếm dùng pin 150mm
 Máy cưa lọng 800 W  Ingco JS80028
Máy Cưa Lọng Bosch GST 8000E (710W)
Máy cưa lọng dùng pin Li-on hiệu Ingco CJSLI8501 
"Máy cưa kiếm,Máy cưa kiếm pin 21V XCORT"
"Máy cưa xích cắt cây chạy điện tra dầu tự động, máy cưa điện công suất lớn, tốc độ nhanh, mạnh mẽ, động cơ bề bỉ"
Máy Cưa Đĩa Nikawa NK-CS03 – Xanh Dương
Máy cưa xích chạy xăng 52CC chất lượng cao
"Bộ Chuyển Đổi Máy Mài, Máy Cắt Thành Máy Cưa Xích"
Máy Cưa Xích Xăng Makute GC002
Máy cưa kiếm 850W tặng kèm hộp nhựa chất lượng tốt
Máy Cưa Lọng Total TS2081006 (800W)
Máy cưa gỗ - Máy cắt gỗ Panda đường kính lưỡi 185 mm
Máy cắt gạch Bosch GDC 140
Máy cưa lọng 400 W Total TS204556
Máy Cưa Xích Makita UC4041A
Máy Cưa Bàn 775 Siêu Khỏe 288W 12-24VDC V2
Máy cưa xích Kenmax chạy xăng 2100W - Hàng chính hãng
Máy Cưa Xích Chạy Xăng Chất Lượng Cao
Máy cưa gỗ cầm tay đường kính 185mm
Máy Cưa Đĩa Nikawa NK-CS04 – Xanh Dương
Máy Cưa Xích 2 Thì Master Hus-365
MÁY CƯA XÍCH CHẠY ĐIỆN AMAXTOOLS AM405 (1800W) - HÀNG CHÍNH HÃNG
Máy Cưa Bàn 775 Siêu Khỏe 288W 12-24VDC
Máy Cưa Gỗ Và Sắt Cầm Tay Black+Decker New 2017 KS880EC (400W) - Tặng Kèm 2 Lưỡi Cưa Gỗ và Cưa Sắt
"Cưa Xích Chạy Xăng Động Cơ 2 Kì STIHL MS-180 - Máy Cưa Chạy Xăng Vận Hành Bền Bỉ, Độ Rung Làm Việc Thấp, Chất Liệu Cao Cấp, Phù Hợp Trong Xây Dựng, Thợ Mộc, Đời Sống – Hàng Chính Hãng"
"Máy cưa gỗ,Máy cắt gỗ cầm tay XCORT Tặng Lưỡi"
Máy Cưa Gỗ LEIYA Cầm Tay Chạy Điện Lưỡi 235mm Chuyên Dùng Cho Gỗ Và Vật Liệu Mềm Khác Ứng Dụng Trong Ngành Công Nghiệp Và Sửa Chữa - Hàng Chính Hãng
Máy cưa đĩa(235mm) Makita N5900B
Máy cưa đĩa Maktec MT583
Máy Cưa Xích Mitsuyama TL250 Có Lam Xích
Máy cưa đĩa cầm tay Crown CT15074 - Hàng chính hãng
Máy cưa đĩa tròn Total 1400W-185mm TS1141856
Máy cưa xích xăng dùng pin Lithium 20V Total TGSLI2001
Máy cưa đĩa Bosch GKS 235 turbo - Tặng phụ kiện 1 lưỡi cắt & 1 ray
Máy cưa xích Total 1.8KW TG945185
Máy cưa gỗ - Máy cắt gỗ Panda đường kính lưỡi 235mm
Máy cưa kiếm 750W TOTAL TS100806 
Máy cưa đĩa tròn dùng pin Lithium 20V kKHÔNG GỒM PIN SẠC  Total TSLI1401
Máy Cưa Gỗ Makute CS003 185mm
Máy cưa cầm tay 400W Black & Decker KS880EC-KR
"Máy cưa kiếm,Máy cưa kiếm điện cầm tay 950W XCORT"
Máy Cắt Tường KEN 4125 (125mm)
Máy cưa kiểm dùng pin Lithium-ion Total TRSLI1151
"Máy cưa kiếm cầm tay công suất lớn Tool arm 850W tặng kèm hộp nhựa, thiết kế chắc chắn, cưa điện siêu mạnh cắt gạch, đá, gỗ,... Hàng chính hãng"
Máy cưa đĩa tròn Ingco CS18568 1600W/185mm 
Bộ 9 mũi tô vít lắp máy khoan 100mm
Máy Cưa Lọng Bosch GST 80 PBE
Máy cưa kiếm dùng pin 150mm
 Máy cưa lọng 800 W  Ingco JS80028
Máy Cưa Lọng Bosch GST 8000E (710W)
Máy cưa lọng dùng pin Li-on hiệu Ingco CJSLI8501 
"Máy cưa kiếm,Máy cưa kiếm pin 21V XCORT"
