" Bộ máy tính màn hình CONG 24 inch linh kiện mới full box dùng văn phòng, học tập, chơi game (Sản phẩm trọn bộ đã cài đặt win, office, quý khách cắm điện là dùng...)"
Bộ Máy Tính Để Bàn Dell Optiplex  ( Core i5 - 3570/ 8gb / SSD 256GB ) Và Màn Hình KINGVIEW 22' inch - Tặng Ngay Bàn Phím Chuột Không Dây - Hàng Nhập Khẩu
"Máy tính để bàn Dell Optiplex Core i5 3470, Ram 4gb, HDD 500gb - Hàng Nhập Khẩu"
Máy tính để bàn Dell Optiplex 9020 ( Core i5 - 4570(3.60 Ghz) / Ram 8Gb / SSD 120GB) Chuyên dùng cho Học Tập - Văn Phòng - Sinh Viên - Hàng Chính Hãng
"Bộ máy tính để bàn DELL Optiplex 7010 (Chip core i7 2600, Ram 8gb, SSD 120GB+ HDD 500gb ) Và Màn Hình DELL 21.5 inch ( Dell E2216H) - Chuyên dùng cho Công ty - Gia đình - Học Tập - Hàng Chính Hãng"
"Bộ máy tính để bàn nâng cấp chip intel Pentium chuyên dùng văn phòng, học tập, game nhẹ chạy siêu mượt office, autocard, photoshop, phần mềm kế toán, bán hàng...màn 22 inch mới full box"
"Dell Optiplex  Core i3-3220, Ram 8gb, SSD 120GB - Hàng Nhập Khẩu"
"Bộ máy tính để bàn Dell Optiplex  ( Core i5 3470  / 8G / SSD 120GB  /  500Gb ), Màn hình Dell 19"" Wide LED - Hàng Nhập Khẩu"
BỘ Máy Tính Đồng Bộ Dell CORE I5-4570/RAM 8GB /SSD 120GB/HDD 500GB và Màn hình Dell 21.5 inch / BÀN PHÍM CHUỘT DELL/BAN DI CHUỘT /USB WIFI - Hàng Nhập Khẩu
GAMING PC - BN 1050Ti - G5400/ H310/ 8GB/ 120GB/ GTX 1050Ti/ 450W + MÀN HÌNH CONG 24 INCH CHUYÊN GAME CHO KHỞI ĐẦU HOÀN HẢO
Apple iMac 2019 MRR12 27 inch 5K - Hàng Nhập Khẩu Chính Hãng
"Bộ máy tính cây để bàn Core i5 4TechVP PC382 2019 cấu hình cao, PC máy tính vn lắp ráp, Desktop văn phòng đa năng cấu hình cao Live Stream, chơi game online 24h không bị chậm, không kêu to, nâng cấp, sữa chữa dễ dàng. - Hàng Chính Hãng."
"Máy Tính Đồng Bộ DELL OPTIPLEX 990 (Intel i7, Ram 4Gb, SSD 240Gb) - Hàng nhập khẩu"
Apple iMac 2019 MRT32 21.5 inch 4K - Nhập Khẩu Chính Hãng
"Bộ máy tính MỚI màn 24 inch cong chuyên Game, edit video, đồ họa, văn phòng, học tập,(Sản phẩm trọn bộ đã cài đặt Win, office, cắm điện là dùng)- Hàng nhập khẩu"
Bộ máy tính để bàn chơi GAME VietTech (Sản phẩm trọn bộ )- Hàng nhập khẩu
Máy tính để bàn Dell Optiplex 9020 ( Core i5 - 4570 / Ram 4Gb / SSD 120Gb ) - Chuyên dùng cho Văn Phòng - Học Tập - Giải Trí - Hàng Chính Hãng
Máy tính siêu nhỏ Mini PC Asus MiniPC PN40 - BElead Chip Intel J5005/Wifi Intel 802.11AC + Bluetooth 5.0/Hỗ trợ 3 màn hình/Màn hình hiển thị lên đến 4K/Ram + SSD tùy chọn - Hàng Chính Hãng
Máy tính văn phòng mini Intel NUC7CJYH - Chưa bao gồm RAM & SSD - Hàng Chính Hãng
"Máy tính để bàn Dell Optiplex Core i5 3470, Ram 8gb, SSD 120GB - Chạy nhanh - mượt mà - chuyên dùng cho văn phòng - doanh nghiệp- Hàng Nhập Khẩu"
"Bộ máy tính để bàn Hp NÂNG CẤP Chip Intel Core i5 HÀNG NHẬP KHẨU trọn bộ màn 19 INCH sử dụng cho Văn Phòng làm việc, học tập, trường học...lướt Web chạy siêu mượt Office, Autocad, Photoshop...có USB WIFI VÀO MẠNG KHÔNG DÂY "
Máy tính để bàn Đồng Bộ Dell Optiplex  ( Core I5 3470 / RAM 8G / SSD 256GB ) - Cấu hình mạnh mẽ - Chuyên dùng cho văn phòng - học sinh - sinh viên - doanh nghiệp - Hàng Nhập Khẩu (Đen)
Máy tính mini GIGABYTE BACE-3160-Hàng chính hãng
Apple iMac 2017 MMQA2 21.5-inch - Hàng Nhập Khẩu Chính Hãng
"Bộ máy tính để bàn chơi Game VIP đời cao cấu hình khủng giá tốt 4TechGM03 2019 Core i5, Ram 8GB, SSD + HDD, Vga 1050, PC Gaming kèm màn hình 22inch. - Hàng Chính Hãng."
Bộ Máy Tính Để Bàn Dell Optiplex ( Corei5 - 2400 / 4gb / 500gb ) Và Màn Hình Dell 21.5 Inch - Hàng Nhập Khẩu
"Máy tính Case PC Gaming Desktop cao cấp Core i7, Ram 8Gb, hai ổ cứng SSD + HDD, VGA 1050Ti, màn 22inch 4TechGM04 2019, thùng cây để bàn Full Led chiến mọi Game hay thế giới Maxsetting, Live Stream, thiết kế đồ họa, Edit Video, làm Youtube. - Hàng Chính Hãng."
"Bộ máy tính để bàn Viettech chuyên Văn phòng, Học tập Core i5 3470 siêu mạnh, ổ cứng SSD điện tử siêu nhanh, màn 20 inch MỚI FULL HỘP - Hàng nhập khẩu"
Apple Mac Mini 2020 (Core i5 3.0GHz/ 8GB/ 512GB) - MXNG2SA/A - Hàng Chình Hãng
"PC mini TANIX TX 85 Intel Quad Core Z8350 on board,4G DDR3L on board 64G - Hàng chính hãng"
Apple Mac Mini 2020 (Core i3 3.6GHz/ 8GB/ 256GB) - MXNF2SA/A - Hàng chính Hãng
Apple iMac 2019 MRT42 21.5 inch 4K - Hàng Nhập Khẩu Chính Hãng
"Máy Tính Đồng Bộ DELL OPTIPLEX 3010 (Intel i5, Ram 4Gb, HDD 500Gb) - Hàng nhập khẩu"
"Desktop Computer PC Gaming 4TechGM04 2019, cây máy tính văn phòng cấu hình cao chơi Game, thiết kế đồ họa như máy trạm chuyên nghiệp dùng cho cá nhân, doanh nghiệp, Club Games dùng CPU Core i7 cho Render Video nhanh, không bị chậm, giật, lag. - Hàng Chính"
"Thùng CPU Dell optiplex  Core i7 2600, ram 8gb, ổ cứng ssd 120gb. Hàng Nhập Khẩu"
PC Asus Vivo Stick TS10-B151D (ATOM-2GB-32GB) - Hàng Chính Hãng
Thùng Đồng Bộ Dell Optiplex  (Core i5 3470 / 8G / SSD 240G )- Hàng Nhập Khẩu
"Thùng CPU Dell optiplex ( Core i5 2400 / 8G /SSD 120GB / 500G ) - Chuyên dùng văn phòng , học tập Giải trí - Hàng nhập khẩu "
"Bộ máy tính để bàn trọn bộ MỚI màn 22 inch full viền full hd dùng cho dự án Văn Phòng, Học tập, bán hàng, lướt web, game giải trí"
"Máy tính đồng bộ Dell Optiplex Core i5 2400 / 8G / SSD 120GB - Hàng Nhập Khẩu- Tặng USB WIfi, Bàn di chuột - Chuyên dùng cho Văn Phòng - "
Máy Tính dell Optiplex 7010 Hàng Nhập Khẩu
Máy tính PC Asus miniPC PN60 chip Intel core i3-8130u/RAM DDR4/SSD/Wifi+Bluetooth/Video 4K UHD/Type-C - Hàng Chính Hãng
"Máy Tính Đồng Bộ DELL OPTIPLEX 7010 (Intel i5, Ram 4Gb, SSD 240Gb) - Hàng nhập khẩu"
Máy tính để bàn Dell Optiplex 9020 (Core i5 - 4570(3.6 GHz) / Ram 8GB / SSD 240GB) Chuyên dùng cho Văn Phòng - Học Tập - Giải Trí - Hàng Chính Hãng
Bộ Máy tình Để Bàn Dell X020 ( Core i7 - 4770 / Ram 8GB / SSD 240GB / Card hình Quadro K620- 2Gb) Và Màn hình Dell U2419H và Bàn Phím chuột Dell - Dòng Dùng Đồ Họa cao cấp  - Hàng chính hãng
"Bộ máy tính để bàn Dell Optiplex Core i5 3470, Ram 8gb, SSD 120GB Và Màn hình máy tính Dell 21.5 inch - Hàng Nhập Khẩu"
BỘ Máy Tính Đồng Bộ Dell  Core i7 3770/Ram8Gb/HDD 500gb/SSD 120gb và Màn hình Dell 21.5 inch  BÀN PHÍM CHUỘT - HÀNG NHẬP KHẨU
"Máy tính chơi Game, thiết kế đồ họa cao cấp giá tốt Core i5 4TechGM01 2019, PC Gamer, làm youtuber, Live Stream chuyên nghiệp, PC chiến Game Online, đế chế, LOL(Liên minh huyền thoại), Minecraft không giật, Lag, Free cài HĐH và Games theo yêu cầu. - Hàng "
Apple iMac 2019 MRR02 27 inch 5K - Nhập Khẩu Chính Hãng
PC All In One Lenovo IdeaCentre A340 22IWL F0EB00L2VN | Core  i3 - 10110U/ 4GB/ 256GB SSD PCIe/ 21.5 inch FHD IPS/ Win 10 | Hàng Chính Hãng
"Máy tính đồng bộ PC Gaming 4TechGM03 2019 cấu hình khủng, case Desktop để bàn chiến Games Offline, Online(Đánh nhau, sinh tồn, vui nhộn) chuyên nghiệp Game Fifa, Đua xe/dua xe, Minecraft, audition cả ngày không bị đơ, cài đặt Miễn Phí. - Hàng Chính Hãng."
"Máy tính để bàn Dell Optiplex Core i5 3470, Ram 8gb, - SSD 120GB - tặng ổ cứng 500GB lưu trữ dữ liệu- chuyên dùng cho văn phòng - học sinh - sinh viên  Hàng Nhập Khẩu"
Máy tính để bàn Dell Optiplex 9020 (Core i3 4130 - Ram 4GB - SSd 120GB) - Chuyên dành cho Doanh Nghiệp - Văn Phòng - Giải Trí - Hàng Chính Hãng
Máy tính siêu nhỏ hiệu suất cao MiniPC Asus PN40 máy tính văn phòng mini chip Intel tích hợp Wifi + Bluetooth (Mini PC chưa bao gồm ram và ổ cứng) - Hàng Chính Hãng
Bộ Máy Tính Để Bàn Dell Optiplex ( G620 / 8gb / SSD 120GB ) Và Màn Hình  19 inch - Tặng Bàn Phím Chuột + Lót Chuột + USB Wiif. - Hàng Nhập Khẩu
Máy tính chuyên chơi game Core i7 3770 / 16G / SSD 240G   - Hàng nhập khẩu
PC HP ProDesk 400 G5 MT 4ST35PA Core i7-8700/Dos - Hàng Chính Hãng
Máy Tính Để Bàn Lenovo V530-15ICB - 10TVS0LV00 | Intel Celeron G4930 (3.20GHz) /4GB DDR4 /1TB 7200RPM /VGA INTEL / FreeDos /Hàng Chính Hãng
"Máy Tính  Dell Optiplex 9020, Hàng Nhập Khẩu"
Mini PC Intel NUC NUC6CAYH - Celeron J3455 - Hàng Chính Hãng
"Máy tính để bàn Dell OptiPlex 3070MT (Chip Intel Core i3-9100 (3.60 GHz,6 MB), RAM DDR4 4GB, HDD 1TB) - Hàng chính hãng"
Bộ Máy Tính Để Bàn Dell Optiplex ( Core I3-3220 / 4gb /SSD 240GB ) Và Màn Hình Dell 19.5' Inch - Tặng Ngay Bàn Phím Chuột + Lót Chuột + USB Wiif. - Hàng Nhập Khẩu
Máy tính Chuyên Game BN2 (H81/Core i5 - 4570 / 16G / SSD 120G) và Màn Hình 24 inch   - Hàng nhập khẩu
Máy tính Intel NUC 10 Performance kit - NUC10i3FNH (i3-10110U) (BXNUC10i3FNH2) - Hàng Chính Hãng
"Máy tính cá nhân Pubg PC Gaming chuyên Minecraft, GTA5 giá rẻ chiến mọi Game Online, offline 4TechGM05 2019 edit Video ngang pc workstation, PC Media cao cấp dùng học tập, làm việc, giải trí(all in one) hỗ trợ lắp đặt, cài đặt miễn phí từ xa. - Hàng Chính"
"Bộ máy tính để bàn All in One Kiwivision tất cả trong 1 màn hình 24"" full view, CPU intel G 2020 (2.9Ghz) , Ram DDR3 4G - Hàng Chính Hãng"
"Case PC Building Gaming chơi Game, Live Streamer, thiết kế đồ họa, làm văn phòng, Youtube chuyên nghiệp 4TechGM02 2019, cây máy tính PC cấu hình cao chiến Games online offline hay trên thế giới(Chiến thuật, trí tuệ, nhập vai) 24h không giật, lag. - Hàng C"
"Máy tính Gaming cho Game thủ chơi Games chuyên nghiệp 4TechGM05 2019 trọn bộ Full Box kèm màn 24inch Full HD chiến mọi trò chơi hay đòi cấu hình cao Pubg pc, mobile, GTA5, fifa, pes maxsetting tất cả các Game phổ thông LOL, Dota, cf. - Hàng Chính Hãng."
"Máy Tính Đồng Bộ DELL OPTIPLEX 7010 (Intel i7, Ram 4Gb, SSD 240Gb) - Hàng nhập khẩu"
MÀY BỘ DELL DÙNG CHO VĂN PHÒNG-HÀNG NHẬP KHẨU
Máy tính văn phòng Dell 9020 SFF CORE i3 4130 - RAM 8GB - SSD 120GB - HDD 500GB - DÙNG CHO HỌC SINH - SINH VIÊN - VĂN PHÒNG- CẤU HÌNH MÁY CAO CHẠY NHANH MƯỢT MÀ - TẶNG USB THU WIFI VÀ BÀN DI CHUỘT - HÀNG NHẬP KHẨU
Máy tính Đồng Bộ Dell Optiplex  Core i5 2400 / 8G / SSD 120Gb - tặng ổ HDD 250GB - Chuyên Dùng cho Văn phòng - học tập - chơi game - Hàng Nhập Khẩu
Máy Tính mini Intel NUC BOXNUC7PJYH - Hàng chính hãng
Máy tính Đồng bộ Dell Optiplex  Core i3 3220 - RAM 4GB- HDD 250GB  - Máy chạy êm ái - chuyên dùng cho Văn Phòng - học tập -  Hàng Nhập Khẩu
Máy tính bộ PC ASUS AsusPro D340MC Chip Intel Core i3-8100/HDD 1TB/SSD+RAM tùy chọn - Hàng chính hãng
MÁY TÍNH MINI PC-ECS LIVA One Plus CL (H310C) (Máy tính bàn) hàng chính hãng
"Bộ máy tính Để Bàn Dell Optiplex 9020 (Core i5 - 4570, Ram 4GB, SSD 120GB) Và Màn hình Dell 21.5 inch ( E2216H) Và bàn phím chuột Dell + Bàn Di chuột + Usb wifi - Máy đời mới - Chuyên dùng Làm việc - Học Tập - Giải Trí - Hàng Chính Hãng"
Máy Tính Dell Optiplex 9020 Hàng Nhập Khẩu
Đồng Bộ Dell Optiplex ( Core I7 3770 /RAM 4GB  / SSD 120GB / 500G ) -  Cấu hình mạnh mẽ - chạy siêu nhanh - chuyên dùng cho doanh nghiệp -đồ họa - Hàng Nhập Khẩu(Đen)
"Bộ máy tính Để Bàn Dell Optiplex 9020 (Core i5 - 4570s, Ram 4GB, SSD 240GB) Và Màn hình Dell 18.5 inch ( E1916H) Và bàn phím chuột Dell + Bàn Di chuột + Usb wifi - Cáp Displayport- Chuyên dùng Làm việc - Học Tập - Giải Trí - Hàng Chính Hãng"
Dell Optiplex 3050 SFF - I3 7100/Ram 4Gb/HDD 500GB - Hàng Chính Hãng
Bộ PC All in ONE (AIO) MCC1881 Home Office Computer CPU J1800/ DDR4 8G/ SSD120G/ 22inch/ Wifi/ Camera - hàng chĩnh hãng
PC Lenovo IdeaCentre 510s-08IKL 90GB00EWVN (i5-7400/4GB/1TB HDD/HD 630/Win10) - Hàng Chính Hãng
Máy Tính Chơi Game 4TechGM-2018 - Hàng Chính Hãng.
"Máy Tính Đồng Bộ DELL OPTIPLEX 3010 (Intel i3, Ram 4Gb, HDD 500Gb) - Hàng nhập khẩu"
Máy tính chuyên chơi game Core i5 3470 / 16G / SSD 240G - Hàng nhập khẩu
Máy tính bộ PC ASUS AsusPro D340MC -I58432R Core i5-8400/HDD 1TB/Windows 10 Pro - Hàng Chính Hãng
 Dell Optiplex 7010 Core i5 3570- 3.10GHZ-RAM 4GB-HDD500GB-HÀNG NHẬP KHẨU
"Case máy tính để bàn giá tốt cấu hình cao không bị đơ, cây máy tính văn phòng 4TechVP PC341 kết nối được wifi vào mạng nhanh, âm thanh hay, ổ cứng ssd tốc độ cao, không bị chậm, chơi Game tốt có thể chạy 24/24h không tự tắt, ko sập nguồn. - Hàng Chính Hãng."
Máy tính để bàn Dell Optiplex 9020 ( Core i5 - 4570 / Ram 4Gb / SSD 240GB) Chuyên dùng cho Học Tập - Văn Phòng - Sinh Viên - Cài đặt sẵn Win 10 - Hàng Nhập Khẩu (Máy tính bàn)
Máy tính Mini MiniPC Asus VivoMini VC66 Chip Core i5-8400/RAM + Ổ cứng tùy chọn - Hàng chính hãng
 Intel NUC 10 Performance kit - NUC10i7FNH (i7-10710U) (BXNUC10i7FNH2) - Hàng Chính Hãng
Bộ Máy Tính Để Bàn Dell Optiplex ( Corei5 - 2400 / 4gb / SSD 120GB ) Và Màn Hình Dell 19.5INCH - Tặng Ngay Bàn Phím Chuột + Lót Chuột + USB Wiif. - Hàng Nhập Khẩu
Máy Tính Chơi Game 4TechGM-2019 - Hàng Chính Hãng.
PC Lenovo V530 15ICB - 10TVS0M000  | Intel Core i5 _ 9400 | 4GB | 1TB | VGA INTEL | FREEDOS | Hàng Chính Hãng
Bộ Máy tính đồng bộ Dell Optiplex Core i5 3470 / Ram 8GB / SSD 240GB màn Dell 19.5 inch - Bàn phím chuột Dell -chuyên dùng Học Tập văn Phòng Giải trí - Hàng nhập khẩu
Máy Tính Để Bàn PC Dell Vostro 3671 (70205616) | Core i3 _9100 _4GB _1TB _VGA INTEL _Win 10 _WiFi / Hàng Chính Hãng
Máy tính chuyên Game Intel Core i5 3470 RAM 8GB SSD 240GB (Dell 21.5 inch)  - Hàng nhập khẩu
"Bộ Dell Optiplex 9010 ( Core i5 3470 /8G/SSD 120Gb / HDD 500G ) , Màn hình Dell 19"" Wide LED - Hàng Nhập Khẩu"
Máy Tính Để Bàn PC Lenovo V50s 11HB004RVA | Intel Core i3 _ 10100 | Ram 4GB | 1TB HDD | VGA INTEL | FreeDos | WiFi | Hàng Chính Hãng
Máy tính bộ CPU intel core i5 2400 RAM 8GB SSD 120GB (MH Dell 21.5 inch Wide Led) tặng bàn phím giả cơ + chuột chuyên Game có đèn Led 7 màu - hàng nhập khẩu
Máy Tính Đồng Bộ Dell CORE I5 4570 - RAM 4GB - SSD 120GB - HDD 500GB - HÀNG NHẬP KHẨU
Bộ máy tính để bàn Dell Optiplex  ( Core i5-2400 / 4gb /SSD 120GB ) Và Màn Hình Dell 18.5' Inch - Tặng Bàn Phím Chuột  - Hàng Nhập Khẩu
"Máy tính để bàn Dell Vostro 3671,Intel Core i7-9700 (3.00 GHz,12 MB),8GB RAM,1TB HDD - Hàng chính hãng"
PC HP EliteOne 800 G4 4ZU50PA Core i7-8700/16GB/1TB HDD/RX 560/23.5 FHD/Win10 - Hàng Chính Hãng
 Intel NUC 10 Performance kit - NUC10i5FNH (i5-10210U) (BXNUC10i5FNH2)  - Hàng Chính hãng
BỘ Máy Tính Đồng Bộ Dell  SFF CORE I7-4770 /RAM 4GB / SSD 120GB/ HDD 500GB và Màn hình Dell 21.5 inch / BÀN PHÍM CHUỘT DELL/BAN DI CHUỘT /USB WIFI - Chuyên Dùng cho Văn phòng - Học Sinh - Sinh Viên - Hàng Nhập Khẩu
"Máy tính chơi Game Vip nguyên bộ 4TechGM06 2019 đời mới kèm màn 24inch Full HD, Case PC Desktop chiến mọi Game đòi cấu hình khủng. - Hàng Chính Hãng."
"Máy Tính Đồng Bộ DELL OPTIPLEX 3010 (Intel i7, Ram 4Gb, HDD 500Gb) - Hàng nhập khẩu"
"Máy Tính Đồng Bộ DELL OPTIPLEX 7010 (Intel i5, Ram 4Gb, HDD 500Gb) - Hàng nhập khẩu"
PC ASUS D540SA I58400007D Core i5-8400/4GB/1TB/Dos - Hàng Chính Hãng
PC HP Pavilion TP01-1116d (i5-10400F/8GB RAM/1TB HDD/WL+BT/DVDRW/GT730 2GB/K+M/Win 10)_180S6AA - Hàng Chính Hãng
MÁY TÍNH MINI PC ECS LIVA XE 2G/64G (chính hãng)
Bộ PC để bàn All in ONE (AIO) MCC3482 Home Office Computer CPU i5-4570/Ram8G/SSD240G/Wifi/camera22inch - hàng chính hãng
Máy Tính Đồng Bộ Dell 9020 SFF CORE I3 4130 - RAM 4GB - SSD 120GB - HDD 500GB- HÀNG NHẬP KHẨU
Máy tính Đồng Bộ Dell Optiplex Core i5 2400 / 8G / SSD 240GB - Dùng cho văn phòng học tập - giải trí -  Hàng Nhập Khẩu
Bộ Máy Tính Để Bàn Dell Optiplex ( Core i5-3470 / 8gb / SSD 240GB - Card MH Quadro 600 ) Và Màn Hình Dell 21.5 inch - Tặng Ngay Bàn Phím Chuột + Lót Chuột + USB Wiif.- Chuyên Dùng cho Đồ Họa - Gaming - Văn Phòng cấu hình cao  - Hàng Nhập Khẩu
Máy tính All in one 20inch CPU I3 2.40Ghz 4 nhân 2G DDR3 32GB SSD
MÁY TÍNH MINI  PC - ECS LIVA Z 32G/CPU-N3350 (CHÍNH HÃNG)
Máy tính văn phòng Intel NUC8i7HNK - Chưa bao gồm RAM & SSD - Hàng Chính Hãng
Máy tính Đồng bộ Dell ( Intel Pentum G620- Ram 8GB - SSD 120GB - HDD 250GB lưu trữ dữ liệu không lo Hacker - Chuyên dùng cho Văn Phòng - Công ty - Học SInh - Sinh Viên - Đáng mua Nhất - Hàng Nhập Khẩu
PC Dell AIO Inspiron 3277T TNC4R1W Core i3-7130/Win10 - Hàng Chính Hãng
"Máy tính để bàn chuyên GAME Viettech Core i5 4570, Ram 8gb, SSD 120+ HDD 500gb - Hàng Nhập Khẩu"
Bộ Máy Tính Để Bàn Dell Optiplex  ( Corei5 -2400 / 8gb /SSD 120GB ) Và Màn Hình Dell 18.5 Inch - Tặng Ngay Bàn Phím Chuột + Lót Chuột + USB Wiif. - Hàng Nhập Khẩu
Bộ máy tính MCC5400N CPU G5400/H310/RAM4GB/SSD120G - Hàng chính hãng
Bộ máy tính NUC Intel 7I5BNH - Hàng Chính Hãng
"Máy Tính Chiến Game GTA5, PUBG 4TechGM06 Core i7, Ram 16GB, SSD 128GB & HDD 1TB, VGA GTX1060 6GB - Hàng Chính Hãng"
Máy tính mini Intel BOXNUC8-I3 BEH2 - Hàng chính hãng
Thùng Đồng Bộ Dell Optiplex 790 (Core i5 2400 / 8G / SSD 240G )- Hàng Nhập Khẩu
"Máy tính chơi Game 4TechGM04 core i5, ram 8GB, hdd 500G, vga GTX1050 (chuyên GTA, Overwatch) - Hàng Chính Hãng."
Máy tính Mini PC MiniPC Asus PN40 Chip Intel J4025/RAM DDR4/SSD/Wifi 802.11AC + Bluetooth/UHD/kích thước nhỏ gọn có vesa mount - Hàng Chính Hãng
"Bộ máy tính văn phòng Kiwivision All in one , CPU G3250, Ram 4G, máy tính trong màn hình - Hàng chính hãng"
Máy tính mini GIGABYTE-BKi3HA-7100 - Hàng chính hãng
Bộ PC All in ONE (AIO) MCC2082 Home Office Computer CPU Dual 2.9Ghz/ Ram8G/ SSD240G/ Wifi/ Camera/ 22inch - hàng chính hãng
"Bộ máy Vi tính Để bàn Lắp Ráp  DÙNG CHO VĂN PHÒNG, BÁN HÀNG, SHOP-  TẶNG PHÍM CHUỘT  LÓT CHUỘT"
Máy tính để bàn Viettech đáp ứng tốt nhất cho Văn phòng và Học tập - Hàng nhập khẩu
MÁY TÍNH TIỀN SGT-664
"Bộ máy tính bàn văn phòng, pc building nguyên bộ để bàn cao cấp 4TechVP PC4822 sử dụng được 2 màn hình, CPU Core i5, đủ phím chuột dùng cho cá nhân, công ty, trường học đã cài đặt để sử dụng ngay, thiết kế nhỏ gọn dùng vào mạng, chơi game tốt. - Hàng Chính Hãng."
Máy tính tiền cầm tay in bill Teki A1 - Hàng chính hãng
BỘ MÁY TÍNH MCC-XGAME1 G5400/4G/SSD120G/GTX1030 - Hàng chính hãng.
Máy tính INTEL NUC7CJYH Celeron J4005 (INTELNUC7CJYH2) - Hàng Chính Hãng
Máy tính văn phòng Đồng Bộ Dell Optiplex (Core i5 2400 / 4G / SSD 120G ) - Hàng Nhập Khẩu
Máy tính Dell Optiplex 3070 Minitower MLK Core i5-9500 3.0GHz/4GB RAM/1TB HDD - Hàng chính hãng
"Desktop Computer máy tính nguyên cây đồng bộ PC Building dùng cho Văn Phòng, Youtuber cấu hình mạnh/khủng 4TechVP PC38151 bắt được wifi, bluetooth, USB 3.0, 2 ổ cứng, cài đặt đủ phần mềm W7,8,10 chạy 24/24h mượt không lỗi vặt. - Hàng Chính Hãng."
"Máy Tính Bộ Thương Hiệu ASUS VivoMini - VC66 PENTIUM GOLD 5400, 4G DDR4, 256G SSD, WINDOWS 10 PRO SL 64 BIT Hàng chính hãng"
MÁY BỘ DELL DÙNG VĂN PHÒNG-HÀNG CHÍNH HÃNG
PC HP Pavilion TP01-1112d (i5-10400/4GB RAM/1TB HDD/WL+BT/DVDRW/K+M/Win 10)_180S2AA - Hàng Chính Hãng
Bộ PC để bàn All in ONE (AIO) MCC5441 Home Office Computer CPU G5400/ Ram4G/ SSD120G/ Wifi/ Camera/ 22inch - Hàng Chính Hãng
PC HP Pavilion TP01-1110d (i3-10100/4GB RAM/1TB HDD/WL+BT/DVDRW/K+M/Win 10) (180S0AA) - Hàng Chính Hãng
Máy tính để bàn lắp ráp ( Core i5 - 4570 / Ram 8Gb / SSD 120GB / VGA GTX 750Ti ) Chuyên dùng cho Học Tập - Văn Phòng - Sinh Viên - Cắm điện là dùng(Máy tính bàn)
"Máy Tính Chuyên Game 4TechGM05 core i7, Ram 8GB, HDD 500G, SSD 128GB, VGA GTX1060 - Hàng Chính Hãng."
DELL POWEREDGE R330 - 3.5 INCH HÀNG CHÍNH HÃNG
Máy tính PC Asus Vivo Stick TS10 (Chip Intel Atom Z8350/ RAM 2GB/ ROM 32GB/ Full HD/ Wifi +  Bluetooth/ Win 10 bản quyền) - Hàng Chính Hãng
Bộ Máy Tính Để Bàn Dell Optiplex  (Core i5 - 3470 / 4gb / 500gb ) Và Màn Hình Dell 22' inch - Tặng Bàn Phím Chuột + Lót Chuột + USB Wiif. - Hàng Nhập Khẩu
PC HP 390 M01-F0303d (Pentium G5420/4GB RAM/1TB HDD/WL+BT/DVDRW/K+M/Win 10) (7XE18AA) - Hàng Chính Hãng
BỘ MÁY TÍNH MCC-XGAME5 i5 8400/B360/8G/SSD120/8G - Hàng chính hãng
"Trọn bộ máy tính chơi Games phổ thông CF, LOL, Fifa, naruto storm 4, Minecraft, game online, offline 4TechGM01 2019, màn hình 22inch lắp ráp, cài đặt sẵn, cắm điện là chơi. - Hàng Chính Hãng."
PC HP Pavilion 590-TP01-1114D (Core i5/8Gb/512Gb SSD/Windows 10 home)_180S4AA - Hàng Chính Hãng 
"Bộ máy tính văn phòng Kiwivision All in one , H110 CPU G7100, Ram 4G, máy tính trong màn hình-Hàng chính hãng,cao cấp"
"Máy bộ văn phòng LHC03-GIGABYTE B450M GAMING,CPU AMD Ryzen 5 2400G,RAM 8GB 2400Mhz,SSD 256GB,PSU 350W,CASE VSP B15 GAMING - Hàng Chính Hãng"
Máy tính văn phòng Intel NUC8i3BEH - Chưa bao gồm RAM & SSD - Hàng Chính Hãng
Máy tính để bàn Lenovo V530-15ICB 10TVA00DVA - Hàng chính hãng
"Máy tính văn phòng Dell Optiplex Core i3-3220, Ram 8gb, HDD 500gb - Chuyên dùng cho văn phòng - học sinh  sinh viên - Hàng Nhập Khẩu"
Bộ PC để bàn All in ONE (AIO) MCC4181 Home Office Computer CPU i3 4150/Ram8G/SSD120G/22inch - Hàng Chính Hãng
Bộ PC All in ONE (AIO) MCC2081 Home Office Computer CPU Dual 2.9Ghz/ Ram8G/ SSD120G/ Wifi/ Camera/ 22inch- hàng chĩnh hãng
Máy tính Mini - Shuttle DX30 (4G 1600/SSD 120G) - Hàng Chính Hãng
PC Lenovo V530 15ICR - 11BHS08200 | Intel Core  i5 _ 9400 | 8GB | 256GB SSD  | VGA INTEL | FreeDos | Hàng Chính Hãng
"Máy tính để bàn Lenovo V50s,i3-10100,4GB DDR4,256GB SSD M.2 NVMe Hàng chính hãng "
Dell  EMC POWEREDGE R440 – 3.5 INCH- hàng chính hãng
Máy Tính Tiền IPOS 7800I
Máy chủ HPE Server ProLiant ML110 Gen10 4108 1P /16GB - Hàng chính hãng
Bộ Máy Tính Chơi Game 4TechGM-2019 & Màn- Hàng Chính Hãng.
Máy tính để bàn LENOVO V530S-07ICB i5 8400 (6*2.8)/4GD4/1T7/WLac/BT4/KB/M/ĐEN/DOS (10TXA002VA) - Hàng chính hãng
Máy Tính Tiền Cảm Ứng POS-0090
PC Lenovo V530s 07ICB - 10TXS0QG00 | i3-9100/ 4GB/ 256GB SSD/ VGA Intel UHD/ Free Dos - Hàng Chính Hãng
Máy tính All in ONE MCC4141 Home Office Computer CPU i3 4150/Ram4G/SSD120G/22inch - Hàng chính hãng
PC HP Pavilion TP01-1111d (i3-10100/4GB RAM/256GB SSD/WL+BT/DVDRW/K+M/Win 10)_180S1AA - Hàng Chính Hãng
MÁY BỘ DELL VĂN PHÒNG HÀNG NHẬP KHẨU
"Máy bộ văn phòng LH02--ASUS A320M-K,CPU AMD RYZEN 3 2200G,RAM 4GB 2666Mhz,SSD 128GB,PSU 350W,CASE KA-180 - Hàng Chính Hãng"
Máy Bán Hàng Cảm Ứng Pos
PC HP Pavilion 590-TP01-1113D (Core i5/8Gb/1TB/Intel UHD Graphics/Windows 10 home)_180S3AA - Hàng Chính Hãng
Máy tính bộ CPU intel core i5 2400 RAM 8GB HDD 250GB (MH Dell 22 inch Wide Led) tặng bàn phím giả cơ + chuột chuyên Game có đèn Led 7 màu - hàng nhập khẩu
Máy bộ văn phòng LHC01-Hàng Chính Hãng
"Máy tính AT01 ( G5400 / H310 / RAM 4GB / SSD 120GB ) Mới 100% Chính Hãng , Dùng cho văn Phòng , Học tập giải trí"
Máy tính tiền POS Teki P10 (1 màn hình+hiển thị giá 8 led) Hàng chính hãng
"Máy tính để bàn chơi GAME Viettech Core i5 3470, Ram 16gb,- SSD 120GB- màn 22 inch full hd- Có kết nối wifi không dây - chuyên dùng cho văn phòng - học sinh - sinh viên - giải trí game Hàng Nhập Khẩu"
"PC Case Gear Game khủng, Máy Tính 4TechGM06 2019 chiến mọi Game đòi cấu hình cao không bị chậm như Pubg, GTA5, đá bóng, Snake, truy kích, đột kích, đánh bài/danh bai và các dòng Game hay Top thế giới(siêu nhân, kinh dị, danh nhau, xây dựng). - Hàng Chính "
Máy Tính Tiền Cảm Ứng POSBANK APEXA PRIME - Hàng Nhập Khẩu
Máy Tính Tiền Cảm Ứng POSBANK APEXA G - Hàng Nhập Khẩu
"Bộ máy tính  Kiwivision All in one , CPU G4400, Ram 4G, máy tính trong màn hình-Hàng chính hãng"
Máy bộ  AMD LHC04 GAMING Chính Hãng
"Máy bộ văn phòng LHC04-GIGABYTE B450 AORUS M ,CPU AMD Ryzen 5 2600,RAM 8GB 2666Mhz ,SSD 256G,GTX1650 GA- Hàng Chính Hãng"
Máy chủ Server HP DL380 Gen10 S 4110 SVHP0051 - Hàng chính hãng
Máy tính Intel NUC Kit NUC8i7BEH - Hàng chính hãng
Máy tính Đồng Bộ Dell Optiplex  Core i5 2400 / 4Gb / SSD 128GB - HÀNG NHẬP KHẨU
Máy tính Intel NUC Kit NUC8i5BEH - Hàng chính hãng
Bộ PC để bàn All in ONE (AIO) MCC2041 Home Office Computer CPU Dual 2.9Ghz/Ram4G/SSD120G/22inch - Hàng Chính Hãng
"Máy Tính Chơi Game 4TechGM01 Core i3 2100, RAM 4GB, HDD 500gb, VGA rời GT630 (chuyên LOL, Fifa) - Hàng Chính Hãng."
Máy bộ văn phòng AMD LHC01- MÁY BỘ DÙNG VĂN PHÒNG Chính Hãng
"Máy tính để bàn Dell OptiPlex 3070 SFF, Intel Core i3-9100 (3.60 GHz,6 MB),4GB RAM,1TB HDD - Hàng chính hãng"
Đồng Bộ Dell Optiplex 790 Core i5 2400 / 4G / 250G - HÀNG NHẬP KHẨU
Máy tính để bàn Lenovo V530-15ICB 10TVA00DVA - Hàng chính hãng
"Máy bộ văn phòng LHC06-Main asus b250mining,Cpu I3 7100,Ram 8/2400,Hdd 1tb,Case sama m1,Nguồn 500w_ Hàng Chính Hãng"
"Máy tính chơi Game 4TechGM02 Core i5, RAM 8GB, HDD 500GB, VGA GT730 (chuyên LOL, FIFA, Stream) - Hàng Chính Hãng."
"Máy Tính Đồng Bộ DELL OPTIPLEX 3010 (Intel i3, Ram 4Gb, HDD 250Gb) - Hàng nhập khẩu"
Máy tính để bàn Lenovo V530-15ICB 10TVA00EVA - Hàng chính hãng
"PC Lenovo V530-15ICB 10TVA007VA i3 8100 3,6Ghz/4GB/1TB/K+M/DOS - Hàng chính hãng"
Máy tính để bàn Viettech chip core i3 hoàn hảo hiệu năng và giá thành cho công việc văn phòng và Học tập - Hàng nhập khẩu 
Bộ PC All in ONE (AIO) MCC3441G Home Office Computer CPU Dual 3.2Ghz/ Ram4G/ SSD120G/ wifi/ camera/ 22inch - Hàng Chính Hãng
Máy tính để bàn Lenovo V530S-07ICB i3 8100 3.6Ghz/4GB/1TB/K+M/WL/DOS ( 10TXA004VA ) - Hàng chính hãng
"Máy tính chơi Game 4TechGM03 Core i5, RAM 8GB, HDD 500GB, VGA GTX750 (chuyên GTA, Overwatch) - Hàng Chính Hãng."
DELL POWEREDGE R440 - 3.5 INCH
Đồng Bộ Dell Optiplex  (Core i5 2400 / 4G / SSD 120G ) - Hàng Nhập Khẩu
Máy tính tiền POS  Cầm Tay Scangle  A1 - Hàng Nhập Khẩu
Máy tính tiền ZQ T9656
Máy tính tiền cảm ứng POS 910G
"Máy tính để bàn HP 200 Pro G4 AIO (Core i3-10110U, 4GB, 256GB SSD, DVDRW, Intel UHD Graphics, 21.5""FHD, Win 10 Home 64)_2J860PA - Hàng Chính Hãng"
Máy tính Mini - Shuttle DH270 (i3 7100/4G 1600/SSD 120G) - Hàng Chính Hãng
Bộ PC để bàn All in ONE (AIO) MCC9482 Home Office Computer CPU i5 9400/Ram8G/SSD240G/22inch - Hàng Chính Hãng
Bộ PC để bàn All in ONE (AIO) MCC9482 Home Office Computer CPU i5 9400/Ram8G/SSD240G/22inch - Hàng Chính Hãng
MÁY TÍNH TIỀN CẢM ỨNG SGT- 664 I5
Bộ PC để bàn All in ONE (AIO) MCC5482 Home Office Computer CPU G5400/ Ram8G/ SSD240G/ Wifi/ Camera/ 22inch - Hàng Chính Hãng
"Nguyên bộ máy tính văn phòng, màn hình 22inch 4TechGM02 2019 Core i5 kèm kết nối wifi vào mạng không dây, chơi Maxsetting LOL, đột kích, Fifa, chơi tốt Gta5, Pubg. - Hàng Chính Hãng."
MÁY POS BÁN HÀNG CẢM ỨNG KAS: POS 1350 I3
MÁY BÁN HÀNG CẢM ỨNG 2 Màn Hình
Máy tính tiền POS Teki P33 (2 màn hình) Hàng Nhập Khẩu
Máy Pos tính tiền SGT 664 - Hàng chính hãng
Máy tính tiền POS Easy W1 (2 màn hình) - Hàng chính hãng
MÁY POS BÁN HÀNG CẢM ỨNG KAS: POS 320 PLUS
Máy Tính Tiền Cảm Ứng DATAPOS T1515 - Hàng Nhập Khẩu
Máy Tính Tiền Cảm Ứng RESPOS RP1905 - Hàng Nhập Khẩu
MÁY TÍNH TIỀN POSBANK APEXA G - Hàng Nhập Khẩu
Máy Tính Tiền Cảm Ứng RESPOS RP1508 (core i5) - Hàng Nhập Khẩu
Máy Tính Tiền Cảm Ứng DATAPOS DP170 - Hàng Nhập Khẩu
Máy POS cảm ứng RESPOS RP1502 - Hàng nhập khẩu
Máy tính tiền POS cảm ứng Optimus ZPOS I3 - Hàng chính hãng
Máy Bán Hàng Cảm Ứng RESPOS RP7000-i3 - Hàng Nhập Khẩu
Máy Tính Tiền Cảm Ứng RESPOS RP1900 - Hàng Nhập Khẩu
Máy Tính Tiền Cảm Ứng POS APEXA A19 - Hàng Nhập Khẩu
Máy POSBANK Hàn Quốc APEXA-PRIME - Hàng chính hãng
Máy Tính Tiền POS Bank Apexa Prime
Máy Tính Tiền Cảm Ứng DATAPOS B15 - Hàng Nhập Khẩu
Máy Tính Tiền Cảm Ứng 2 Màn Hình DATAPOS DP150 - Hàng Nhập Khẩu
Máy tính tiền POS Teki P30 (2 màn hình) Hàng chính hãng
Máy Tính Tiền 2 Màn Hình DualPOS - Hàng chính hãng
Máy Tính Tiền Cảm Ứng A-POS 510U - Hàng chính hãng
Máy Tính Tiền GPOS Lite - Hàng chính hãng
"Máy tính bộ All in One HP AIO 24-df0039d (Core i3-10100T,4GB RAM,512GB SSD,DVDRW,Intel Graphics,23.8""FHD,Keyboard & Mouse,Win 10,White)_180N9AA - Hàng Chính Hãng"
Máy Tính Tiền GOODM - Hàng chính hãng
