"Nắp Chống Mùi Hôi Cống ECODEALS - Ngăn Mùi Thoát Sàn, Ngăn Côn Trùng, Chống Trào Ngược - Không cản trở dòng chảy, không kẹt rác, kích thước chuẩn lỗ sàn"
Giá Treo Tường Móc Chổi Hoặc Cây Lau Nhà
"Dây tắm cọ, chà lưng 2 mặt bằng silicon đa năng ( màu ngẩu nhiên)"
 Lọ chiết dung dịch nước hoa mini xịt phun sương tiện lợi
Bộ silicone khử mùi cống
Giấy Quỳ Tím Đo Độ pH
"Bịt nắp cống silicon chống mùi thoát sàn, ngăn trào ngược nhà tắm,ngăn côn trùng xâm nhập bằng Silicone"
Hộp đựng giấy vệ sinh hai trong một
"CHỐNG MÙI CHO NHÀ TẮM, NHÀ VỆ SINH, THOÁT NƯỚC.  Công nghệ SIlicone bền bỉ với thời gian, Chống ăn mòn và lưu hóa - Corrosion and vulcanization"
Phụ Kiện Ống Phễu Lắp Thoát Sàn Bồn Cầu Ngăn Chống Mùi Nước Cống Hôi Vi Khuẩn Côn Trùng Thâm Nhập
"Bồn tắm ngâm người, thảo dược gấp gọn cho người lớn và trẻ nhỏ BP01"
"Đai tắm chà lưng silicon, đai cọ lưng massage silicon (giao màu ngẫu nhiên)"
"Combo 2 Dây tắm cọ, chà lưng 2 mặt bằng silicon đa năng ( màu ngẫu nhiên)"
Lọ chiết dung dịch mini xịt phun sương tiện lợi
"Combo2 Móc treo dầu gội đầu , móc treo chai sữa tắm dán tường nhà tắm siêu chắc"
Combo 2 chai xịt phun sương dạng xịt chiết mỹ phẩm
Lược Massage và Chải Khi Gội
Lọ chiết dung dịch - nước hoa tiện dụng size lớn 8ml (Chọn mầu)
"Nắp Đậy Lỗ Thoát Nước Silicone Cao Cấp ECODEALS Cho Lỗ sàn, Bồn Rửa Bát, Bồn Tắm - Chặn tóc, rác, thức ăn thừa, dễ dàng làm sạch, bền dai - KT 14x14cm"
"Giá treo vòi hoa sen , vòi nước,vòi xịt nhà tắm xoay 360 độ cao cấp (giao màu ngẫu nhiên)"
"Dụng cụ chặn rác gắn ống thoát nước khử mùi nhà tắm, bồn rửa chén bát đa năng tiện dụng - giao màu ngẫu nhiên"
Lọ chiết dung dịch nước hoa tiện dụng PKS 5ml (Chọn mầu)
Combo 20 viên tẩy diệt khuẩn khử mùi bồn cầu
DỤNG CỤ CHÀ GÓT CHÂN 2 IN 1
Dụng Cụ Nặn Kem Đánh Răng Thông Minh (màu ngẫu nhiên)
Hộp đựng giấy nhà vệ sinh kèm kệ để đồ thông minh
"THIẾT BỊ CHỈNH LỆCH TÂM BỒN, CHUYỂN TÂM XÍ CẦU(loại chỉnh tối ta 10 cm)"
"Thảm nhựa lỗ kháng khuẩn, chống trơn, trượt nhà tắm (kích thước 30x30cm)"
Bông tắm xơ mướp
"Phễu ngăn tóc, chặn rác, chống mùi hôi từ cống thoát nước, nhà tắm"
Kệ Góc INOX 304 Treo Dán Góc Tường Nhà Tắm Nhà Bếp Không Cần Khoan Vít
"Đế Chống Rung, Chống Xê Dịch Và Bảo Vệ Tuổi Thọ Máy Giặt - Giao Màu Ngẫu Nhiên"
"Silicone thoát sàn chống mùi, ngăn côn trùng vi khuẩn chui lên lắp thoát sàn Nhà tắm, ống xả nước máy giặt, chậu rửa mặt - Phiên bản nâng cấp thế hệ 2 - Model S121 - Xuất xứ: Hàn Quốc"
"Bục kê chân toilet Eltory (Cao Cấp) - hỗ trợ tư thế vệ sinh, thiết kế hiện đại, giúp phòng chống táo bón, trĩ, bục kê chân toilet cho người cao tuổi và trẻ em. Hàng chính hãng, nhựa cao cấp chịu lực tốt - TS002"
Bông tắm và rửa mặt bằng xơ mướp tự nhiên giúp massage da và loại bỏ tế bào chết nhẹ nhàng hàng cao cấp xuất Nhật
Bộ dụng cụ chà gót chân (8 chi tiết)
Bộ 2 Chai thả bồn cầu hương Lavender Hàn Quốc (400g)
Cọ lưng Nhật Bản
"CHUYỂN TÂM XI, TÂM BỒN CÂU DÙNG CHO CÁC LOẠI BỆT(loại chuyển tối đa 5 cm )"
Đá Chà Gót Chân Mềm Và Mịn
Hộp đựng Giấy Vệ Sinh ECOCO Cao cấp 2 tầng TẶNG KÈM TẤM DÁN KHỬ MÙI VỆ SINH
Gương Dán Tường Phòng Tắm Jia Hao
Hộp đựng giấy vệ sinh 2 ngăn cao cấp treo tường
Bàn Chải Cọ Lưng 2 Đầu Kèm Bông Tắm Tiện Lợi
Xà phòng giấy
"Chai chiết dung dịch, mỹ phẩm 100ml dạng xịt phun sương"
Miếng chặn nắp cống silicon cao cấp - giao màu ngẫu nhiên
"CỌ LƯNG SILICON, DÂY CỌ LƯNG SILICON - Xanh lá"
"Nắp Chống Mùi Hôi Cống ECODEALS - Ngăn Mùi Thoát Sàn, Ngăn Côn Trùng, Chống Trào Ngược - Không cản trở dòng chảy, không kẹt rác, kích thước chuẩn lỗ sàn"
Giá Treo Tường Móc Chổi Hoặc Cây Lau Nhà
"Dây tắm cọ, chà lưng 2 mặt bằng silicon đa năng ( màu ngẩu nhiên)"
 Lọ chiết dung dịch nước hoa mini xịt phun sương tiện lợi
Bộ silicone khử mùi cống
Giấy Quỳ Tím Đo Độ pH
"Bịt nắp cống silicon chống mùi thoát sàn, ngăn trào ngược nhà tắm,ngăn côn trùng xâm nhập bằng Silicone"
Hộp đựng giấy vệ sinh hai trong một
"CHỐNG MÙI CHO NHÀ TẮM, NHÀ VỆ SINH, THOÁT NƯỚC.  Công nghệ SIlicone bền bỉ với thời gian, Chống ăn mòn và lưu hóa - Corrosion and vulcanization"
Phụ Kiện Ống Phễu Lắp Thoát Sàn Bồn Cầu Ngăn Chống Mùi Nước Cống Hôi Vi Khuẩn Côn Trùng Thâm Nhập
"Bồn tắm ngâm người, thảo dược gấp gọn cho người lớn và trẻ nhỏ BP01"
"Đai tắm chà lưng silicon, đai cọ lưng massage silicon (giao màu ngẫu nhiên)"
"Combo 2 Dây tắm cọ, chà lưng 2 mặt bằng silicon đa năng ( màu ngẫu nhiên)"
Lọ chiết dung dịch mini xịt phun sương tiện lợi
"Combo2 Móc treo dầu gội đầu , móc treo chai sữa tắm dán tường nhà tắm siêu chắc"
Combo 2 chai xịt phun sương dạng xịt chiết mỹ phẩm
Lược Massage và Chải Khi Gội
Lọ chiết dung dịch - nước hoa tiện dụng size lớn 8ml (Chọn mầu)
"Nắp Đậy Lỗ Thoát Nước Silicone Cao Cấp ECODEALS Cho Lỗ sàn, Bồn Rửa Bát, Bồn Tắm - Chặn tóc, rác, thức ăn thừa, dễ dàng làm sạch, bền dai - KT 14x14cm"
"Giá treo vòi hoa sen , vòi nước,vòi xịt nhà tắm xoay 360 độ cao cấp (giao màu ngẫu nhiên)"
"Dụng cụ chặn rác gắn ống thoát nước khử mùi nhà tắm, bồn rửa chén bát đa năng tiện dụng - giao màu ngẫu nhiên"
Lọ chiết dung dịch nước hoa tiện dụng PKS 5ml (Chọn mầu)
Combo 20 viên tẩy diệt khuẩn khử mùi bồn cầu
DỤNG CỤ CHÀ GÓT CHÂN 2 IN 1
Dụng Cụ Nặn Kem Đánh Răng Thông Minh (màu ngẫu nhiên)
Hộp đựng giấy nhà vệ sinh kèm kệ để đồ thông minh
"THIẾT BỊ CHỈNH LỆCH TÂM BỒN, CHUYỂN TÂM XÍ CẦU(loại chỉnh tối ta 10 cm)"
"Thảm nhựa lỗ kháng khuẩn, chống trơn, trượt nhà tắm (kích thước 30x30cm)"
Bông tắm xơ mướp
"Phễu ngăn tóc, chặn rác, chống mùi hôi từ cống thoát nước, nhà tắm"
Kệ Góc INOX 304 Treo Dán Góc Tường Nhà Tắm Nhà Bếp Không Cần Khoan Vít
"Đế Chống Rung, Chống Xê Dịch Và Bảo Vệ Tuổi Thọ Máy Giặt - Giao Màu Ngẫu Nhiên"
"Silicone thoát sàn chống mùi, ngăn côn trùng vi khuẩn chui lên lắp thoát sàn Nhà tắm, ống xả nước máy giặt, chậu rửa mặt - Phiên bản nâng cấp thế hệ 2 - Model S121 - Xuất xứ: Hàn Quốc"
"Bục kê chân toilet Eltory (Cao Cấp) - hỗ trợ tư thế vệ sinh, thiết kế hiện đại, giúp phòng chống táo bón, trĩ, bục kê chân toilet cho người cao tuổi và trẻ em. Hàng chính hãng, nhựa cao cấp chịu lực tốt - TS002"
Bông tắm và rửa mặt bằng xơ mướp tự nhiên giúp massage da và loại bỏ tế bào chết nhẹ nhàng hàng cao cấp xuất Nhật
Bộ dụng cụ chà gót chân (8 chi tiết)
Bộ 2 Chai thả bồn cầu hương Lavender Hàn Quốc (400g)
Cọ lưng Nhật Bản
"CHUYỂN TÂM XI, TÂM BỒN CÂU DÙNG CHO CÁC LOẠI BỆT(loại chuyển tối đa 5 cm )"
Đá Chà Gót Chân Mềm Và Mịn
Hộp đựng Giấy Vệ Sinh ECOCO Cao cấp 2 tầng TẶNG KÈM TẤM DÁN KHỬ MÙI VỆ SINH
Gương Dán Tường Phòng Tắm Jia Hao
Hộp đựng giấy vệ sinh 2 ngăn cao cấp treo tường
Bàn Chải Cọ Lưng 2 Đầu Kèm Bông Tắm Tiện Lợi
Xà phòng giấy
"Chai chiết dung dịch, mỹ phẩm 100ml dạng xịt phun sương"
Miếng chặn nắp cống silicon cao cấp - giao màu ngẫu nhiên
"CỌ LƯNG SILICON, DÂY CỌ LƯNG SILICON - Xanh lá"
Cây Chà Lưng Cọ Lưng Tay Cầm Dài Tích Hợp Bông Tắm Tạo Bọt Tốt  Đa Năng Tiện Lợi 43cm
Phễu Thoát Nước Chống Tràn Ngược Toàn Diện TD - 102
PCF ren ngoài nối ống cắm - (Đồ hơi -  khí nén - phun sương)
HỘP ĐỰNG GIẤY VỆ SINH
Giá treo cây/chổi lau nhà đa năng BH5
"Combo 2 Nắp Chống Mùi Hôi Cống - Ngăn Mùi Thoát Sàn, Ngăn Côn Trùng, Chống Trào Ngược NC365"
"Dụng Cụ Mài, Chà Gót Chân Tẩy Da Chết Inox Cao Cấp"
bông tắm silicon tiện dụng - màu ngẫu nhiên
Lọ thả bồn cầu Gấu xanh tẩy rửa khử mùi toilet chai làm sạch phòng tắm diệt khuẩn
2 cục Đá bọt biển chà gót chan có dây treo
Đầu nối vòi tăng áp cho vòi rửa bát 3 chế độ (loại ngắn) GS0043
Combo 4 nối ren Inox
Chai Thả Bồn Cầu Khử Mùi Hàn Quốc
"Dụng Cụ Mài, Chà Gót Chân Tẩy Da Chết Inox Cao Cấp kèm 20 dao cạo thay thế - Tặng miếng lót bảo vệ gót chân silicon"
Combo 20 viên tẩy bồn cầu hương thơm mát
Bàn Chải - Lược Gội Đầu Massage Da Đầu Bằng Silicon Tiện Dụng
"Kệ đựng bàn chải, kem đánh răng dính tường đa năng KDR1"
Gậy Gắp Rác Inox Prota - PT-965
Túi 10 viên tẩy khử mùi bồn cầu Panda 
Cây chà lưng và massage da loại bỏ tế bào chết hàng xuất Nhật
Bàn chải chà nhà tắm (Giao màu ngẫu nhiên)
Combo 2 Đế Kẹp Nặn Kem Đánh Răng Thông Minh
Combo 3 Bông Tắm Xơ Mướp (5 inches)
"Chai xịt bọt tuyết đánh bay vết bẩn, vết ố vàng cứng đầu nhất dùng cho nhà tắm, nhà vệ sinh- 500ml"
Combo 4 Lọ chiết dung dịch phun sương
Bàn chải chà lưng Nhật Bản loại dài BY411
"Bộ 2 dây dù 10m PKS  dùng để làm dây phơi đồ, cây cột dã ngoại (Giao màu ngẫu nhiên)"
"Sét 5 miếng dán chống trơn trượt trong suốt, băng dán sàn nhà, nhà tắm chống trượt ngã độ bền cao, chịu được nước, dầu mỡ, chất tẩy rửa"
"Hộp Đựng Nước Rửa Tay , Xà Phòng Treo Tường CTFAST - An Toàn, Tiện Dụng Hàng Chính Hãng "
"Dụng cụ chà gót chân 4 trong 1: bàn chải nhựa, đá bọt khô, bàn chải kim loại, bàn chà nhám (giao màu ngẫu nhiên)"
Dụng cụ chà da khô da chết gót chân Nhật Bản (Giao màu ngẫu nhiên)
Set 3 Miếng Dán Thơm Khử Mùi Nhà Vệ Sinh
Dụng Cụ Cọ Lưng Kèm Bông Tắm 2 Mặt Tiện Dụng
Bàn chải khô tẩy tế bào chết - Massage thư giãn - GD150
Nước Tẩy Bồn Cầu Cực Mạnh Diệt Khuẩn Di-Mark 800ml
Kệ để bàn chải kem đánh răng và 2 cốc E1701
Cần gạt bồn cầu HKC-GT23
Set 2 Viên Thả Bồn Cầu
Kệ để nhà tắm 2 tầng tiết kiệm không gian
Bạn chải chà lưng lông mềm BC40 tặng 1 xơ mướp tắm/rửa mặt hình ngẫu nhiên
Dụng cụ Đá bọt biển chà gót chân tẩy tế bào chết 4 in 1 cao cấp
"Bình đựng nước rửa tay,sữa tắm ,dầu gội đầu Inox 500ml"
"Bông Tắm Xơ Mướp Tự Nhiên, Tẩy Tế Bào Chết, Massage Cơ Thể "
Chai Thả Bồn Cầu Khử Mùi diệt khuẩn rất tiện lợi và sạch sẽ 
Dây cấp nước máy giặt thay thế từ 1 đến 3 mét - Ống cấp nước máy giặt
"COMBO 2 Bàn chải giặt đồ, chà chân mẫu bàn chân siêu bền ( Giao Màu Ngẫu Nhiên )"
"Bộ 2 Khoá Chặn Cửa Tủ , Tủ Lạnh Bảo Vệ An Toàn Cho Bé Miliken Tampe NL-3050 - Màu Ngẫu Nhiên"
Miếng dán khử mùi nhà vệ sinh hình thú
"Chân Đế Kê Tủ Lạnh - Máy Giặt Khung Inox Đế Nhựa Chống Rung QS , Chân Kệ Máy Giặt Tủ Lạnh Khung Inox + Tặng Bộ 5 Móc Dán Tường Siêu Chắc"
Van khoá nước P1
Dụng Cụ Chà Gót Chân Ceramic Pedicure File tặng kèm móc khóa- 1 cái chọn màu ngẫu nhiên
Set 2 Cốc Tạo Bọt Sữa Rửa Mặt Bảo Vệ Da
"Hộp Đựng Đồ Vệ Sinh Cá Nhân, Bàn Chải, Kem Đánh Răng Đi Du Lịch"
Bộ 2 Hộp Xà Phòng Giấy Rửa Tay Hình Gấu Tiện Dụng - Màu Ngẫu Nhiên
Đá núi lửa chà gót chân tự nhiên S33 - KBOX1998
Thanh lăn massage 3D mặt và body
Nước tẩy vệ sinh lồng máy giặt siêu sạch Rocket Nhật Bản
Combo 50 Miếng Xà Phòng Giấy Rửa Tay - Hộp Hình Gấu - Màu Hộp Ngẫu Nhiên
Kì gót chân 2 mặt tiện lợi bàn chà gót chân ( Màu ngẫu nhiên )
"Bồn tắm gấp gọn làm bằng vải PVC, dùng để tắm, xông hơi, ngâm thảo dược phù hợp cho mọi lứa tuổi"
Hộp đựng giấy vệ sinh
"Bình xịt tạo bọt 300ml hàng Nhật Bản Đựng nước rửa tay, sữa tắm (giao màu ngẫu nhiên)"
Kệ treo nhà tắm để đồ 3 móc hình đám mây tiện dụng - KM
"Bộ xả cóc cấp phao dùng cho bồn cầu 2 khối gạt hông, gạt trước"
Dụng cụ nặn kem đánh răng tự động thông minh tiện lợi
Móc Treo Cây Lau Nhà Kiểu Dáng Sáng Tạo
Hộp đựng xà phòng nước
"Bông Tắm Silicon Tạo Bọt Massage Cơ Thể, Tẩy Tế Bào Chết Có Chỗ Đựng Xà Phòng Tắm - Tặng 1 mũ tắm trùm tóc ( giao ngẫu nhiên )"
[ComBo 2] Đai tắm cọ chà lưng silicon 2 mặt+Dụng Cụ Rửa và Massage Mặt Silicon Mềm Dẻo HT SYS Facial Cleansing Fad
Gương Treo Tường Nhà Tắm Hình Bầu Dục - Gương Nhà Tắm Tráng Bạc Cao Cấp Hình Bầu Dục
Combo Chai Thả Bồn Cầu Khử Mùi Hàn Quốc (Tặng Gói Trà Sữa Matcha Macca)
Bình tạo bọt đa năng 450ml
Bộ Phụ Kiện 6 Món Nhà Tắm Inox Cao Cấp Sáng Bóng
Hộp đựng sữa tắm xà phòng đôi 660m cao cấp
Phao cơ thông minh - Phao cơ chống tràn tiêu chuẩn Quốc Tế fi34
"Combo 03 Túi 10 viên thả bồn cầu làm sạch vi khuẩn, Khử mùi, hương thơm tự nhiên, an toàn cho sức khỏe"
xÔ NHỰA 10 LÍT CÓ NẮP 25*19*24CM
"Combo 02 nối giảm (nối hụt) ren trong 27 - ren ngoài 21, nối ren trong 27 ren ngoài 21 Inox kèm gioăng"
"Bộ 2 Dụng Cụ Chà, Dũa Gót Chân"
Hộp đựng giấy vệ sinh đa năng Cao cấp 2 ngăn kèm Miếng dán tường không cần khoan đục
"Bộ 3 Cây chà gót chân, vệ sinh da chân (GIAO MÀU NGẪU NHIÊN )"
Hộp đựng nước rửa tay cảm ứng tự động thông minh A1
Bộ xả cấp phao - Van xả cóc bồn cầu 2 khối HKC-VX02
"Hộp dán tường đựng giấy vệ sinh, túi nilong tiện dụng hiện đại (Màu ngẫu nhiên)- Tặng 1 móc hít chân không."
Bộ 10 Viên Tẩy Bồn Cầu Siêu Sạch Khử Mùi Hôi (50G/ Viên)
Dụng Cụ Cà Gót Chân Bằng Thép - Loại Bỏ Các Vết Nứt Gót Chân Do Thời Tiết Lạnh Cực Kỳ Hiệu Quả - Màu Ngẫu Nhiên 
Combo 3 Cốc Thả Bồn Cầu Hương Hoa  (180g/Cốc) - Nhập Khẩu Hàn Quốc 
Bộ chai lọ gốm sứ đựng xà phòng
"Hộp đựng dụng cụ vệ sinh cá nhân bàn chải, kem đánh răng,sữa tắm dầu gội du lịch mẫu mới 2019 -Cao Cấp"
Đá chà gót chân có bàn chải của Nhật Bản BE235
Gói Tẩy Vệ Sinh Lồng Giặt (70g)
Kệ tròn đựng bàn chải đánh răng
Bàn chải dụng cụ đánh chải chà gót chân 4 trong 1 tiện lợi XM22
Bộ xả cấp Piston - Van cấp piston Bộ xả bồn cầu HKC-VC06
BÔNG TẮM CHÀ LƯNG BY9050
DỤNG CỤ DỠ NẮP BỒN CẦU HOẠT HÌNH DỄ THƯƠNG GD79TK
Hộp đựng khăn giấy treo tường tiện ích
Miếng Dán Nâng Mở Đóng Nắp Bồn Cầu Tránh Vi Khuẩn
"Hộp đựng giấy vệ sinh nhà tắm gắn tường, có ngăn kéo chứa đồ và giá để điện thoại, kích thước 22 x 21 x 10cm"
Combo 2 cái bàn chải chà gót chân bằng đá san hô nội địa Nhật Bản
Van khóa nước ECCO 1 đầu ren trong 1 đầu ren ngoài nhập khẩu từ Thái Lan
Bàn chải chà lưng cán dài đa chức năng bằng silicon giao màu ngẫu nhiên ( có hộp)
gậy gắp đồ đa năng
Hộp đựng giấy vệ sinh cao cấp HTSYS-COCO
Chai tạo bọt xà phòng 300ml - Hàng Nội Địa Nhật
Combo 2 miếng đá chà gót chân từ đá bọt thiên nhiên tặng 5 túi zipper
Tê ren inox
Bộ 10 Viên Khử Mùi Tẩy Bồn Cầu Thế Hệ Mới 2X
"Dây xịt vệ sinh inox 304 siêu bền, chống gỉ"
Móc treo đồ nhà tắm hút chân không Hàn Quốc
Tay xịt vệ sinh nhựa ABS Eurolife EL-H-X01 (Trắng bạc)
Cây chà lưng và massage da 1 mặt xơ mướp và lông heo loại bỏ tế bào chết
Thau Tắm Nhỏ Duy Tân
 Chổi Cọ Toilet Đa Năng Đầu Cao Su Siêu Mềm - Mẫu Mới Nhất 2020
hộp để giấy vệ sinh dán tường nhà tắm eco tiện dụng
Giá Treo Tường Móc Chổi Hoặc Cây Lau Nhà
"COMBO 3 Bình Xịt đựng sữa tắm, dầu gội, xà phòng rử tay, đa năng sử dụng trong Nhà Tắm Bằng Sứ"
"Sét 3 dụng cụ tắm và massage body (1 cây chà lưng lông heo, 1 bàn chải massage nhỏ, 1 dụng cụ massage mềm) XM20"
"Combo 2 Hộp xà phòng giấy bỏ túi nhiều màu, nhỏ gọn, tiện lợi mang theo đi chơi, đi du lịch- giao màu ngẫu nhiên"
"02 Bình đựng sữa tắm, dầu gội, nước rửa tay bằng Gốm sứ"
Vòi hồ nhựa tay vặn  Pico Capri 301 C WATERTEC MALAYSIA 
Móc treo giấy vệ sinh hút chân không
"COMBO KHĂN KỲ LƯNG, BÔNG TẮM, GANG TAY TẨY DA CHẾT"
Đầu Lọc Nước Daily Aqua
Hộp đựng kem đánh răng - bộ nhả kem đánh răng tự động
Túi lưới treo đựng đồ phòng tắm
Combo 02 phễu thoát sàn cao cấp chống mùi
Bàn chải chà gót chân bằng đá san hô nội địa Nhật Bản
Hộp Đựng Xà Phòng Phong cách Hàn Quốc
Hộp đựng giấy vệ sinh gắn cuộn lớn INOX 26cm
Tê cầu 3 Đầu Ren Ngoài 21 Inox 304
Dụng cụ cọ lưng cao cấp Nhật Bản - Giao màu ngẫu nhiên
Vòi xịt vệ sinh inox SUS 304 
Miếng lót bồn cầu chống lạnh
Nút 2 nhấn bồn cầu HKC-HN43 hình ô van – Cỡ: 62x37mm.
Dụng cụ bóp tuýp kem đánh răng
Đồ chà gót chân bằng đá bọt cho nữ
Hộp 2 Gel Thơm Tẩy Bồn Cầu Khử Mùi Diệt Khuẩn
Bộ 2 dây phơi quần áo thông mình dài 5M màu ngẫu nhiên
"Móc Inox 304 treo cuộn giấy vệ sinh cuộn dài, treo khăn bếp dán tường - có sẵn sticker - HOBBY G13"
Hộp đựng giấy vệ sinh Inox 304
Gậy gắp đồ vật tầm xa
"Bộ 2 Móc treo dầu gội đầu, sữa tắm dán tường nhà tắm siêu chắc chắn"
Set 2 đai tắm cọ lưng silicon tặng kèm móc treo - DCL
Phao Gọi Đầu Tại Giường
BÀN CHẢI CHÀ LƯNG KÈM BÔNG TẮM 2IN1 KR100- TẶNG 1 MÚT LAU CHÙI SIÊU TẠO BỌT (MÀU NGẪU NHIÊN)
Combo Bàn chải chà gót chân bằng đá san hô + Bông tắm tạo bọt nội địa Nhật Bản
combo 8 Đinh chân nhỏ
Khay Đựng Xà Bông Hình Chiếc Lá Siêu Dễ Thương Tông Màu Pastel
Cuộn Kẹp Ép Kem Đánh Răng (Giao Màu Ngẫu Nhiên)
Nắp Đậy Ngăn Mùi Hôi Từ Bồn Rửa Tay | Rửa Chén | Sàn Nhà Tắm
Hộp đựng giấy vệ sinh 2 tầng E1804 cao cấp treo tường Ecoco
Dép S'line Hàn Quốc siêu bền đi trong nhà tắm - Nhập khẩu chính hãng (giao màu ngẫu nhiên)
4 Bông tắm xơ mướp
Chất Tẩy Rửa Mặt Bếp Chuyên Nghiệp Astonish Pro Hob 210158 (550ml)
KỆ ĐỂ BÀN CHẢI KEM ĐÁNH RĂNG DÁN TƯỜNG-2 LY XANH
Phao cơ cong100% inox SUS 304 60mm 
Đá kì gót chân có dây treo cho gót chân mịn mầng không da chết ( 1 bịch 1 cái )
Bông tắm dài hỗ trợ chà lưng- màu ngẫu nhiên
Bộ 10 viên tẩy diệt khuẩn khử mùi bồn cầu hương thơm tự nhiên
HỘP ĐỰNG XÀ BÔNG CHỐNG ĐỌNG NƯỚC GD78TK
Dụng Cụ Kẹp Kem Đánh Răng Hình Thú Cute - 03 Chiếc
Combo 3 Măng sông thu - Hai ren trong (Brass pipe fitting socket - reducing coupling) - Bằng đồng
[COMBO] Dụng cụ nặn kem đánh răng + Tặng cọ matxa rửa mặt
"Ga thoát sàn Inox 304 dày ( D60,76,90), hàng Việt Nam chất lượng cao"
Bình đựng sữa tắm dầu gội phong cách Châu Âu độc đáo - Lọ đựng sữa tắm bằng nhựa
Bàn chải chà gót chân đá san hô tự nhiên Nhật Bản
TAY VỊN AN TOÀN INOX 304 GB135
"Hộp 6 Gói Vi Sinh Xử Lý Hầm Tự Hoại, Bồn Cầu Bị Đầy, Tràn - EcoFlush - Túi Gói Tự Phân Huỷ"
kệ 2 tầng để nhà vệ sinh hoặc nhà bếp.giao màu ngẫu nhiên
Combo 3 bình xịt sữa tắm dầu gội rửa tay gốm Bát Tràng xuất dư
"Bình Đựng Nước Rửa Tay, Dầu Gội, Sữa Tắm Một Ngăn Cao Cấp"
"Phao điện phiên bản mới,Phao điện bể nước cảm biến tự động Update 2019"
"Bàn chải chà gót chân, móng chân, móng tay,...vv bằng đá San hô tự nhiên - Nội địa Nhật - Giao màu ngẫu nhiên"
Dụng cụ kỳ cọ massage lưng tay cầm tiện dụng (màu ngẫu nhiên)
Bình đựng xà phòng
Bình xịt nhấn đựng xà phòng MH6231 - Giao màu ngẫu nhiên
Bộ 2 chai tạo bọt xà phòng 300ml - Hàng Nội Địa Nhật
Hộp đựng giấy vệ sinh cỡ lớn 26cm gắn tường cao cấp Xanh
Hộp 4 Gel Thơm Tẩy bồn Cầu Khử Mùi Diệt Khuẩn
"Lọ đựng xà phòng, nước rửa tay, nước rửa bát"
Bộ 2 chiếc bàn chải 4 trong 1 chà gót chân tẩy tế bào chêt siêu tiện lợi
Chai Thả Bồn Cầu Khử Mùi Nhiều Hương - Màu ngẫu nhiên
"Hộp xà phòng giấy bỏ túi nhiều màu, nhỏ gọn, tiện lợi mang theo đi chơi, đi du lịch- giao màu ngẫu nhiên"
Combo 3 cái bàn chải chà gót chân bằng đá san hô nội địa Nhật Bản
Cọ Lưng Có Cán Cao Cấp
Combo 2 Bàn chải chà bồn cầu 2 đầu đa năng - tặng móc treo khăn 
Bồn tắm gấp gọn nằm ngang cho người lớn và trẻ em tắm và ngâm thảo dược BP02 
Hộp Đựng Giấy Vệ Sinh Cao Cấp Nhựa ABS E1612
Móc Inox treo cuộn giấy vệ sinh dán tường gạch men - có sẵn keo siêu dính và không rỉ sét - HOBBY MTG12
Chậu nhựa cứng kèm vòi xịt tiện lợi xông vùng kín cho bệnh nhân trĩ/ phụ khoa/ phụ nữ sau sinh CNM03
Hộp đựng giấy vệ sinh tiện dụng
"Nắp Chống Mùi Hôi Cống ECODEALS - Ngăn Mùi Thoát Sàn, Ngăn Côn Trùng, Chống Trào Ngược - Không cản trở dòng chảy, không kẹt rác, kích thước chuẩn lỗ sàn"
Giá Treo Tường Móc Chổi Hoặc Cây Lau Nhà
"Dây tắm cọ, chà lưng 2 mặt bằng silicon đa năng ( màu ngẩu nhiên)"
 Lọ chiết dung dịch nước hoa mini xịt phun sương tiện lợi
Bộ silicone khử mùi cống
Giấy Quỳ Tím Đo Độ pH
"Bịt nắp cống silicon chống mùi thoát sàn, ngăn trào ngược nhà tắm,ngăn côn trùng xâm nhập bằng Silicone"
Hộp đựng giấy vệ sinh hai trong một
"CHỐNG MÙI CHO NHÀ TẮM, NHÀ VỆ SINH, THOÁT NƯỚC.  Công nghệ SIlicone bền bỉ với thời gian, Chống ăn mòn và lưu hóa - Corrosion and vulcanization"
Phụ Kiện Ống Phễu Lắp Thoát Sàn Bồn Cầu Ngăn Chống Mùi Nước Cống Hôi Vi Khuẩn Côn Trùng Thâm Nhập
"Bồn tắm ngâm người, thảo dược gấp gọn cho người lớn và trẻ nhỏ BP01"
"Đai tắm chà lưng silicon, đai cọ lưng massage silicon (giao màu ngẫu nhiên)"
"Combo 2 Dây tắm cọ, chà lưng 2 mặt bằng silicon đa năng ( màu ngẫu nhiên)"
Lọ chiết dung dịch mini xịt phun sương tiện lợi
"Combo2 Móc treo dầu gội đầu , móc treo chai sữa tắm dán tường nhà tắm siêu chắc"
Combo 2 chai xịt phun sương dạng xịt chiết mỹ phẩm
Lược Massage và Chải Khi Gội
Lọ chiết dung dịch - nước hoa tiện dụng size lớn 8ml (Chọn mầu)
"Nắp Đậy Lỗ Thoát Nước Silicone Cao Cấp ECODEALS Cho Lỗ sàn, Bồn Rửa Bát, Bồn Tắm - Chặn tóc, rác, thức ăn thừa, dễ dàng làm sạch, bền dai - KT 14x14cm"
"Giá treo vòi hoa sen , vòi nước,vòi xịt nhà tắm xoay 360 độ cao cấp (giao màu ngẫu nhiên)"
"Dụng cụ chặn rác gắn ống thoát nước khử mùi nhà tắm, bồn rửa chén bát đa năng tiện dụng - giao màu ngẫu nhiên"
Lọ chiết dung dịch nước hoa tiện dụng PKS 5ml (Chọn mầu)
Combo 20 viên tẩy diệt khuẩn khử mùi bồn cầu
DỤNG CỤ CHÀ GÓT CHÂN 2 IN 1
Dụng Cụ Nặn Kem Đánh Răng Thông Minh (màu ngẫu nhiên)
Hộp đựng giấy nhà vệ sinh kèm kệ để đồ thông minh
"THIẾT BỊ CHỈNH LỆCH TÂM BỒN, CHUYỂN TÂM XÍ CẦU(loại chỉnh tối ta 10 cm)"
"Thảm nhựa lỗ kháng khuẩn, chống trơn, trượt nhà tắm (kích thước 30x30cm)"
Bông tắm xơ mướp
"Phễu ngăn tóc, chặn rác, chống mùi hôi từ cống thoát nước, nhà tắm"
Kệ Góc INOX 304 Treo Dán Góc Tường Nhà Tắm Nhà Bếp Không Cần Khoan Vít
"Đế Chống Rung, Chống Xê Dịch Và Bảo Vệ Tuổi Thọ Máy Giặt - Giao Màu Ngẫu Nhiên"
"Silicone thoát sàn chống mùi, ngăn côn trùng vi khuẩn chui lên lắp thoát sàn Nhà tắm, ống xả nước máy giặt, chậu rửa mặt - Phiên bản nâng cấp thế hệ 2 - Model S121 - Xuất xứ: Hàn Quốc"
"Bục kê chân toilet Eltory (Cao Cấp) - hỗ trợ tư thế vệ sinh, thiết kế hiện đại, giúp phòng chống táo bón, trĩ, bục kê chân toilet cho người cao tuổi và trẻ em. Hàng chính hãng, nhựa cao cấp chịu lực tốt - TS002"
Bông tắm và rửa mặt bằng xơ mướp tự nhiên giúp massage da và loại bỏ tế bào chết nhẹ nhàng hàng cao cấp xuất Nhật
Bộ dụng cụ chà gót chân (8 chi tiết)
Bộ 2 Chai thả bồn cầu hương Lavender Hàn Quốc (400g)
Cọ lưng Nhật Bản
"CHUYỂN TÂM XI, TÂM BỒN CÂU DÙNG CHO CÁC LOẠI BỆT(loại chuyển tối đa 5 cm )"
Đá Chà Gót Chân Mềm Và Mịn
Hộp đựng Giấy Vệ Sinh ECOCO Cao cấp 2 tầng TẶNG KÈM TẤM DÁN KHỬ MÙI VỆ SINH
Gương Dán Tường Phòng Tắm Jia Hao
Hộp đựng giấy vệ sinh 2 ngăn cao cấp treo tường
Bàn Chải Cọ Lưng 2 Đầu Kèm Bông Tắm Tiện Lợi
Xà phòng giấy
"Chai chiết dung dịch, mỹ phẩm 100ml dạng xịt phun sương"
Miếng chặn nắp cống silicon cao cấp - giao màu ngẫu nhiên
"CỌ LƯNG SILICON, DÂY CỌ LƯNG SILICON - Xanh lá"
Bộ chai lọ gốm sứ đựng xà phòng
BỘ 2 HỘP ĐỰNG NƯỚC XÀ PHÒNG RỬA TAY INOX CÓ 3 DUNG TÍCH
Hộp đựng xà phòng nước rửa tay đôi Xinda ZYQ138S hàng nhập khẩu
Cây chà lưng xơ mướp dài 40cm tặng 1 xơ mướp rửa chén tròn hoặc dẹt (Mầu ngẫu nhiên)
Hộp đựng giấy vệ sinh cuận lớn :HSD E1008Đen
Van bi 1 đầu ren trong 1 đầu ren ngoài D20mm (3/4) Aquamate Đài Loan W-3220
"Bình xịt tạo bọt 300ml (đựng sữa tắm, nước rửa tay, mỹ phẩm) tặng kèm 2 zipper 12cm"
"MÈO THẢ BỒN CẦU NHẬT BẢN. Model: MANEKI01. Công nghệ diệt khuẩn, khử mùi Nano tới từ Nhật Bản. Thời gian sử dụng 3 tháng"
Cọ chà gót chân 2 mặt Vacosi - P01
Bộ 2 van khóa nước cao cấp Ecco phi 21 nhập khẩu từ Thái Lan
Hộp đựng giấy vệ sinh gắn tường bằng nhựa cỡ lớn 27cm
Bộ xả paradise - Van xả  nước bồn cầu 2 khối 2 nhấn HKC-VX03 (Cao 262 mm)
Hộp xà bông nhấn hai bình treo trường cao cấp
Bàn chải nhà tắm của Nhật Bản TH004 sợi cọ tự nhiên
Bình đựng xà bông đôi Model 450MLx2
Bông tắm xơ mướp 
Bộ 4 Gói Bột Thông Sạch Cống ( 200G)
"Combo 3 Móc treo chai lọ, sữa tắm ( không cần khoan)"
Ron Thanh Dài Chặn Ngăn Nước Tràn Nhà Tắm Nhà Bếp Nước Silicone 48mm
HỘP THẢ BỒN CẦU DẠNG LỎNG HÌNH CON LỢN
"Combo 2 nối, co, tê ren Inox 304 phi 21 – ren 1/2"
Cần gạt bồn cầu HKC-GH26
Bông tắm tròn 2 màu cao cấp
Bộ XIFONG Xả Lavabo Xả Nhấn - Nhựa ABS  Chống Hôi Cao Cấp
CỌ TẮM NHỎ GỌN CÓ DÂY ĐEO CHẤT LIỆU SILICON  -  ĐEM LẠI MỘT DNAF DA SÁNG BÓNG (Giao Hàng Theo Mẫu Ngẫu Nhiên)
Nắp Cống Thoát Nước Nhà Tắm Fürth Copper Sealproof JDL01 JDL-1
Combo Bông lau nhà hình chữ nhật dùng cho bộ lau nhà tự vắt phẳng cao cấp
"Hộp đựng bàn chải, kem đánh răng, lược, khăn mặt và mỹ phẩm - TRAVEL KIT ETRAVEL mới"
Bảng nhà vệ sinh WC_29
"Miếng  dán tường treo bàn chải đánh răng, kem, dao cạo râu, móc treo vật dụng gia đình siêu tiện lợi, tiết kiệm không gian (giao mẫu ngẫu nhiên)  GD288-MDTreoBanChai"
Bộ xả cấp piston - Van xả  nước bồn cầu  2 khối 1 nhấn siêu nhẹ  HKC-VX04
Bộ phụ kiện 2 nhấn cao cấp thay thế cho bồn cầu AMERICAN két nước rời
Ghế nhà tắm Inochi - Giao màu ngẫu nhiên
DÂY VÒI HOA SEN INOX 304 XƯỚC MỜ
Combo 2 Set Dụng Cụ Nâng Nắp Bồn Cầu
"Dụng cụ treo máy sấy tóc, giá kệ treo máy kiểu cơn lóc xoán. Chất liệu Inox, Miếng gián chịu lực Flex Dule"
Bộ nhả kem đánh răng - kèm 3 cốc lúa mạch
Vịt thả bồn tắm cho bé
"Tay Nâng Kính, Nâng Nắp Bể, Tay Vịn Nhà Tắm Di Động"
Nắp Cống Thép Không Gỉ Lớn Larsd V02
Set 2 Viên Thả Vệ Sinh Bồn Cầu Hương Lavender - Nội Địa Nhật Bản
Combo 10 Nặn kem đánh răng hình thú ngộ nghĩnh
01 Bình đựng sữa tắm bằng gốm sứ 260ml
Hộp đựng giấy lau tay treo tường siêu bền cao cấp inox 304
Gáo dừa múc nước
Bộ xi phông (xả lavabo) Inox 304 nhấn Yamato
Xà Phòng Bỏ Túi - Hộp 50 Miếng Tiện Ích
Van chia nước giảm áp đồng mạ Hiwin JF-115
Combo 5 Ống đựng bàn chải đánh răng
Bình đựng xà phòng cảm ứng tự bơm 
 CỌ LƯNG XUẤT NHẬT LOẠI DÀI tặng kèm bông tắm kỳ ghét ( giao mầu ngẫu nhiên )
Tê thau chia nước bồn cầu
Bộ sen tắm thông minh điều chỉnh nhiệt độ
Set 5 Dụng Cụ Kẹp Giữ Kem Đánh Răng Hình Thú Kiểu Dáng Ngộ Nghĩnh
Hộp đựng giấy nhà vệ sinh có kệ đựng vật dụng -Tặng 1 miếng dán khử mùi vệ sinh hình thú (Giao ngẫu nhiên)
Kệ giặt di động Nachi hàng cao cấp
"Chai chiết dung dịch, mỹ phẩm 50ml dạng xịt phun sương"
"Mút chùi rửa gương, gốm sứ nhà tắm "
"1 đôi dây cấp nước chậu rửa, bình nóng lạnh, lavabo, bồn cầu siêu bền"
Set 2 Thảm dùng phòng Toilet
COMBO 2 HỘP THẢ BỒN CẦU DẠNG LỎNG HÌNH CON HEO
"Móc  dán tường treo bàn chải đánh răng kèm ly súc miệng siêu tiện lợi, tiết kiệm không gian GD294-MDTBChaivaLy"
Dây vòi sen tắm lò xo cao cấp 1m5
Bàn chải chà lưng Nhật Bản loại dài BY411
Mút tắm tạo bọt hai mặt của Nhật Bản BE222
Găng tay xơ mướp ngón cái tự nhiên xuất Nhật dùng tắm massage và tẩy tế bào chết cho da XM06
"BỘ 2 Giá Phơi Treo Khăn, Gài Giày Dép, Vung Nồi Đám Mây Đáng Yêu Gọn Gàng Nhà Cửa - Màu ngẫu nhiên"
Hộp Chiết Mỹ Phẩm Dầu Gội Sữa Tắm Silicon Di Động
bộ 2 van inox SUS 304 chữ F  cao cấp - van chia giảm áp lực nước 
Lõi lọc nước vòi sen - Rita Fresh
Bộ xả paradise - Van xả nước bồn cầu liền khối 2 nhấn HKC-VX06-103 (Cao 262 mm)
Bộ 6 Hộp đựng giấy vệ sinh gắn tường cỡ nhỏ 14 cm 
Hộp đựng bàn chải du lịch
Thùng đựng rác mini nội địa Nhật Bản - màu ngẫu nhiên
"Bộ chai lọ đựng xà phòng, bình đựng sữa tắm, khay đựng xà phòng bằng gốm sứ gồm 4 món, hàng chất lượng, phù hợp cho ăn hộ"
"Hộp đựng giấy vệ sinh inox SUS 304 không gỉ tiện lợi, cao cấp"
"Dây cấp PVC RI WATERTEC MALAYSIA (4 tấc, 6 tấc) "
"Combo 2 Rùa Bơi Lớn , Đồ Chơi Cho Trẻ Trong nhà tắm siêu dễ thương - Màu Ngẫu Nhiên Khác Nhau"
Hộp đựng giấy vệ sinh GG06
"Bộ chai lọ đựng xà phòng, bình đựng sữa tắm, khay đựng xà phòng bằng gốm sứ gồm 4 món, hàng chất lượng tốt, phù hợp cho ăn hộ"
Bình tạo bọt rửa tay cảm biến tự động - BL100
Máy vệ sinh tiện dụng du lịch (giành cho người lớn và trẻ em) Dretec PW-100 WT
Kệ Treo Tường – Kệ Treo Tường Nhà Tắm Lava Home – Dán Tường Siêu Dính (KHÔNG KHOAN TƯỜNG) – LAVA.KNT03
Set đồ phòng tắm sang trọng họa tiết lá xanh
Hộp đựng xà phòng dầu gội sữa tắm Xinda ZYQ40
" Bộ chai lọ đựng xà phòng, bình đựng sữa tắm, khay đựng xà phòng bằng đá nhân tạo"
Cốc thả bồn cầu - CTBC
Bộ 2 hộp kháng khuẩn phòng tắm - Hàng nội địa Nhật
Miếng mút tắm tạo bọt mềm mịn với làn da - Hàng nội địa Nhật  
Combo 2 viên đá mài gót chân hình hạt xoài
Bộ xi phông và ống xả Lavabo đồng mạ crom-XP01 (mầu trắng bạc)
Bàn chải đá bọt chà chân Body and Mind Pumice Stone Foot Brush
Bàn Chải Chà Móng Của Nhật Bản BE234 (Hồng) Có Tay Cầm
Bộ chai lọ gốm sứ đựng xà phòng
"Hộp Đựng Bàn Chải, Kem Đánh Răng Du Lịch - Nhựa Lúa Mì - Nhiều Màu"
Hộp Đựng Nước Rửa Tay Xà Phòng Treo Tường Có Nút Nhấn Tiện Dụng
Cây chải và matxa lưng đa năng
Giá để 2 bàn chải treo tường kèm cốc tiện lợi
Giá treo giấy cuộn vệ sinh Happy Home
Bộ 120 Chiếc Ghim Kẹp Tóc Khi Tắm
Hộp đựng giấy vệ sinh nhà tắm bằng đồng GD384 – Thiết kế thanh lăn
"Đế cài, giá đỡ vòi sen - kèm móc treo đồ Inox tiện lợi"
Cọ chà gót chân Vacosi - P02
Nút chặn cửa tiện lợi - Hàng Nội Địa Nhật
Bộ 3 nút chặn cửa tiện lợi - Hàng Nội Địa Nhật
BỘ XIPHONG THOÁT NƯỚC INOX 304 DÀNH CHO CHẬU RỬA MẶT
Bột thông cầu 200g Sifa
Dụng Cụ Chà Gót Chân Hình Trứng
Găng tay xơ mướp tự nhiên xuất Nhật dùng tắm massage và tẩy tế bào chết cho da
Bàn chải chà góc nhà tắm BX220 Nhật Bản
Nước tẩy lồng máy giặt Hando 800ml
"Bộ giá đỡ giữ cốc phòng tắm inox 304 , ly thủy tinh cao cấp"
"Giá đựng để xà bông, xà phòng dán tường+ Kèm 1 mút lau chùi siêu tạo bọt Nhật bản(màu ngẫu nhiên)"
KHAY ĐỰNG GIẤY VỆ SINH INOX 304
Nút 2 nhấn bồn cầu HKC-HN47 (hình tròn trong  Cỡ: Ø37mm – và ngoài Cỡ Ø47mm)
Hộp đựng giấy vệ sinh gắn tường inox 304 siêu bền
Dụng Cụ Chà Gót Chân Có Tay Cầm KAI - Nội Địa Nhật Bản
Giá treo tường nhiều góc tiện dụng - Giao màu ngẫu nhiên
Bộ đồ dùng nhà tắm hồng hạc - DDNT39
Bộ 3 khay chứa đồ phòng tắm thông minh - Japan
"Lưới chặn rác gắn ống thoát nước, bồn rửa chén silicon hình hoa"
Van chia chữ F
Bộ chai lọ gốm sứ đựng xà phòng
Miếng Khủ Mùi Nhà Vệ Sinh Dạng Dán
Cọ vệ sinh gắn tường đa năng cao cấp bằng đồng GD395
 BỘ ĐÔI DÂY CẤP NHỰA PVC 40 CM
Bông tắm sợi nilon cao cấp tạo bọt - Nội địa Nhật ( Giao màu ngẫu nhiên)
Thanh lăn thư giãn body sau khi tắm Hàn Quốc
Hộp đựng giấy vệ sinh HT SYS-COCO-A1804-chống thấm nước-tích hợp ngăn chứa túi đựng rác cao cấp
GÁO MÚC NƯỚC TẮM GỖ BÁCH XANH
Cây chà gót chân tẩy da chết bằng thép 2 trong 1 mặt kim loại (Giao màu ngẫu nhiên) tặng Miếng lót silicon bảo vệ chân giúp chân hồng hào (Giao màu ngẫu nhiên)
Combo 2 Thảm Lau Chân Ohi@ma HMM-4060
Máy Chà Gót Chân (Giao mầu ngẫu nhiên) + Tặng Kèm 1 Đôi Tất Ren Hình Mèo
Đá Kì Gót Chân Có Dây Treo
Hộp Đựng Bàn Chải và Kem Đánh Răng Hình Trái Cây-Hình Quả Dưa Hấu
CHUỘT TẮM CỌ LƯNG KỲ GHÉT SILICON SIÊU THÍCH (giao mầu ngẫu nhiên)
Ghế Nhựa Phòng Tắm Sanada B772W Nhật Bản
Bộ quà tặng dụng cụ tắm cho nữ
"Combo 2 Dây cấp nước thép không gỉ 304 dành cho bồn cầu, máy nước nóng"
"Hộp đựng giấy vệ sinh dán tường, có khe để đồ tiện dụng ( Màu sắc ngẫu nhiên)"
"Móc treo chậu inox 304 trong nhà tắm siêu chắc, siêu bền - TẶNG KÈM 3 MÓC DÁN CƯỜNG LỰC"
CỤC GỐM CHÀ ĐA NĂNG 
"Dụng cụ tắm chà lưng silicon, Massage lưng, Tặng 1 Móc hít chân không._ Giao màu ngẫu nhiên"
"Bàn chải vệ sinh nhà tắm hình trái bắp và hạt đậu siêu dễ thương, Bàn chải Nhựa giặt đồ , chà chân, bàn chải chà sàn ( màu ngẫu nhiên)"
Dép đi trong nhà massage mẫu kẻ sọc nội địa Nhật Bản
"Hộp Đựng Dầu Gội, Sữa tắm Gắn Tường Tiện Lợi - HO7"
Rổ treo đựng vật dụng Kèm móc treo
Ly đánh răng Mideer có đồng hồ cát đo thời gian - Mideer Toothbrush Timer
Bình đựng xà phòng ánh xà cừ
Cây Gãi Lưng Tiện Lợi Giúp Lưu Thông Máu ( màu ngẫu nhiên ) - TẶNG 01 KHĂN LAU MÀU NGẪU NHIÊN
"Hộp Đựng Đồ Vệ Sinh Cá Nhân, Bàn Chải, Kem Đánh Răng Đi Du Lịch Siêu Nhỏ Gọn - Siêu Tiện Lợi"
Bộ phụ kiện 6 món
Phao cơ thông minh - Phao cơ chống tràn tiêu chuẩn Quốc Tế fi 27
Set 2 Viên Thả Bồn Cầu Hương Lavender
"Bộ xả nước bồn cầu 1 nút nhấn, bộ xả nước bàn cầu bệt rời – hai khối"
"Combo 2 dụng cụ chà gót chân, tẩy da chết đa năng – Giao màu ngẫu nhiên"
"Hộp đựng bàn chải, kem đánh răng, khăn mặt du lịch HBH ( Giao mầu ngẫu nhiên )"
Cây Gãi Lưng Kiêm Massage 2IN1 Giúp Lưu Thông Máu An Toàn Cho Cả Gia Đình - TẶNG 1 gương cầm tay ( màu ngẫu nhiên )
Giá đỡ máy sấy tóc treo tường bằng nhựa (màu ngẫu nhiên)
Hộp đựng giấy vệ sinh Inox 304
Van khóa mở  nước nóng lạnh cao cấp RANOX RNPK01
Dụng Cụ Kẹp Bàn Chải Đánh Răng Hình Thú - Màu Ngẫu Nhiên
Ga Thoát Sàn Chống Hôi MOEN
Bộ công tắc bình nóng lạnh 45AX Gelan
Bình xịt nước rửa tay Inox treo tường Eurolife EL-X21 - Màu ngẫu nhiên
Van nước ECCO phi 21 nhập khẩu từ Thái Lan
Tê Cầu Inox 304 
Bình Xịt Tạo Bọt Yamada Chemical (300ml) - Màu Ngẫu Nhiên
Đá chà gót chân của Nhật Bản từ đá bọt tự nhiên (Nâu-BE232)
Dụng cụ giữ chổi lau nhà
Cây Chà Gót Chân Lameila C0355 - Màu Ngẫu Nhiên
Khay đựng xà bông Changsin Living CS02805 (Size S)
Van khóa nước cao cấp ECCO phi 27 nhâp khẩu từ Thái Lan
"Giá Treo Tường - Móc Treo Cây Lau Nhà, Treo Chổi Inox 304 Dán Tường Cao Cấp"
Dụng Cụ Nhặt Rác Có Nam Châm Ở Đầu Uncle Bills
Dụng cụ tẩy tế bào da chết chà mài gót chân kèm bàn chải và đá biển san hô 4 chức năng hiệu quả nhanh
Bộ xả paradise - Van xả nước bồn cầu liền khối 2 nhấn HKC-VX06-1022 (Cao 212 mm)
Lô giấy vệ sinh INOX 304 CAO CẤP
10 Viên Tẩy Bồn Cầu Siêu Sạch (50g / Viên)
Giỏ đựng đồ giặt cao cấp của Nhật Bản cỡ lớn L_5033WB
Hộp đựng nước rửa tay XINDA ZYQ 138
Nắp Cống Sàn Phòng Tắm Khử Mùi Larsdan Larsd 5085A
Bình đựng sữa tắm gội bằng gốm sứ 
Dép đi sàn an toàn cho Trẻ Em
"Hộp đựng giấy vệ sinh gắn tường 2 ngăn, không cần khoan tường "
MÁY NƯỚC NÓNG NĂNG LƯỢNG MẶT TRỜI SOLAHART 150L
Dụng Cụ Kì Cọ Lưng Lông Mêm Cao Cấp Nhật Bản - Giao màu ngẫu nhiên
Vòng treo khăn phòng tắm đồng cổ điển
Van khóa nước cao cấp ECCO phi 27 có ren trong nhập khẩu từ Thái Lan
Lô Giấy Vệ Sinh REI-S Toto TX703ARS
Ga thoát sàn Moen
CỐC GẤU GẮN TƯỜNG TIỆN LỢI - giao màu ngẫu nhiên
Combo 3 Bông Tắm Xơ Mướp (10 inches)
Chổi Tắm Có Cán Cọ Lưng Xuất Nhật Tiện Ích (Màu Ngẫu Nhiên)
Ghế ngồi nhà tắm tiện lợi (màu trắng) - Hàng nội địa Nhật
Phễu thoát nước tự động chống mùi hôi inox 304
Bộ đồ dùng nhà tắm - DDNT71
Bàn chải tắm lông heo tự nhiên XM24 bản to
Dụng cụ lấy kem đánh răng tự động Touch Me
Miếng dán đồ đa năng 
"Combo chổi cọ toilet/ bồn cầu, nhà tắm + set 02 viên thả khử mùi hôi bồn cầu, nước xanh hàng nội địa Nhật Bản"
Máy tạo khí Ozone khử mùi toilet Gx-Diffuser C01 - hàng chính hãng ( màu đen )
Kẹp kính trên inox 304 dành cho bộ vách tắm kính thường Hiwin SB-611
Van khống chế cao cấp ECCO 2 đầu răng trong nhập khẩu từ Thái Lan
"Chất Tẩy Rửa Cặn Trà, Cà Phê Astonish Oxy-Plus Tea &amp; Coffee Stain Remover 486228 (350g)"
Bông Tắm Tạo Bọt Massage Dịu Êm - Nội Địa Nhật Bản (Màu Ngẫu Nhiên)
Miếng xốp tắm iện ích - làm sạch - tẩy tế bào da chết một cách hiệu quả (Giao hàng ngẫu nhiên)
Hộp Đựng Xà Phòng Tiện Dụng
Bông tắm tạo bọt hình trái cây dễ thương
"Combo 02 nối ren ngoài 27 – ren ngoài 21 Inox, nối 2 đầu ren ngoài 27-21 Inox, 2 ren ngoài 27-21 Inox"
Găng tay xơ mướp tự nhiên tắm tẩy da chết
Bộ để xà bông và kem đánh răng phòng tắm CD682 - Viền xanh cổ điển
Lọ đựng sữa tắm xà phòng cho nhà tắm 3-D-E9-T2736
Bộ 3 miếng dán khử mùi bồn cầu
Giỏ đựng đồ giặt cao cấp Size lớn hàng nội địa Nhật Bản
Hộp que thông cống màu xanh
Hộp Đựng Xà Phòng Treo Tường Nhấn Bụng Sáng Tạo 350ml
Bình nhựa vòi bơm 600ml Màu trong suốt
Dụng cụ nặn kem đánh răng kèm 2 giá treo bàn chải Boy Girl
Đá chà gót chân của Nhật Bản từ đá bọt tự nhiên BE233
Ghế nhựa phòng tắm Sanada Ag+ cao cấp - Nội địa Nhật Bản
Bộ tủ gương treo tường Moen
"Hộp đựng giấy vệ sinh, kệ đựng giấy toilet, khay đựng giấy trong phòng tắm tiện lợi GD221-HGVeSinh"
Bình xịt tạo bọt 300ml nội địa nhật bản
Hộp đựng bàn chải đánh răng mang theo tiện lợi
Van tay vặn phi 100% inox không gỉ (Dùng cho cả nước lạnh và nước nóng)
Bộ 10 viên tẩy diệt khuẩn khử mùi bồn cầu hương thơm tự nhiên (tiêu chuẩn)
"Vòi xịt vệ sinh inox 304 bền đẹp, áp lực nước mạnh"
Kệ Khăn 2 Tầng Hợp Kim Nhôm
Cả rá ren ngoài 1 1/4 (42) ren trong (tùy chọn) (Brass pipe fitting reducer bush male to female) - Bằng đồng
"Bình xịt nhấn dung dịch tẩy rửa, xà phòng MH6232 - Giao màu ngẫu nhiên"
Hộp giấy vệ sinh INOX 304 PIENO- Dáng tròn
"Miếng Dán Khử Mùi Vệ Sinh Hình Thú Dễ Thương 27,7 x 20, 5 cm (Màu Ngẫu Nhiên)"
Hộp Đựng Xà Bông Nhà Tắm - Hộp Đựng Xà Bông Cao Cấp Bằng Nhựa Lúa Mạch An Toàn Thân Thiện
Bình đựng sữa tắm gội bằng gốm sứ
Giá đỡ giấy vệ sinh nhà tắm treo tường hợp kim GI384
Hố ga thoát sàn inox 15x15cm Eurolife EL-X14 (Trắng bạc)
Thanh điện trở gia nhiệt - hỗ trợ điện phi 47 - 1500W dùng cho máy nước nóng năng lượng mặt trời 
Bộ 2 Hộp đựng giấy vệ sinh gắn tường inox 304 siêu bền
"Khay đựng Xà phòng Ekoko Aperi bằng Gốm phủ men, màu đen, kiểu dáng hiện đại, thích hợp với mọi size Xà phòng (Black ceramic soap dish)"
Hộp đựng nước rửa tay tự động XINDA ZYQ- 110
Van khóa nước cao cấp ECCO phi 49 có ren trong nhập khẩu từ Thái Lan
Thảm đá diatomite MINI Nhật Bản để xà bông - bàn chải - ly nước siêu thấm nước
Trục giấy vệ sinh Moen
LÔ GIẤY VỆ SINH DAESUN DS 715
Bồn Tắm Hơi Gấp Gọn Tiện Nghi Dành Cho Gia Đình
Khay đựng điện thoại trong suốt dán tường - Khay để đồ 
Bộ phụ kiện nhà tắm 6 món Inox
Set Quà Tặng 5 Món Đồ Dùng Nhà Tắm - nội địa Nhật Bản
Van Vòi Nước Nóng Lạnh Larsd LD107
Ga thoát sàn và ngăn mùi 8N 12x12cm
Bông tắm xơ mướp tự nhiên Long An tặng 1 đôi lót giầy silicon
" Hộp Đựng Đa Năng Kem Đánh Răng, Bàn Chải Bóp Đánh Răng, Dao Cạo Râu, Lược Chải Tóc Mang Đi Du Lịch Công Tác"
Combo 1 kệ treo nhà tắm và 2 kệ để xà phòng 
Combo 2 Tạp Dề Dễ Thương Loại Mỏng - Giao Mẫu Ngẫu Nhiên
"COMBO 2 Chai sịt phun sương, chiết nước hoa mĩ phẩm dùng cho du lịch, picnic nhỏ gọn tiện lợi"
"COMBO 2 HỘP ĐỰNG BÀN CHẢI, KEM ĐÁNH RĂNG, KHĂN MẶT DU LỊCH – GIAO MÀU NGẪU NHIÊN"
"Đồng Mạ điện ba chiều van chia nước ( 21MM) , F1/2XM1/2XM1/2 , van chia nước phòng tắm"
hộp đựng giấy vệ sinh dán tường bằng nhựa dễ sử dụng ( giao màu ngẫu nhiên )
"Hộp đựng giấy lau tay, chất liệu thép không gỉ D-084"
"Kệ plastic 3 ngăn thiết kế sang trọng, tiện dụng, các ngăn chứa đồ rộng rãi, có thể tháo rời"
Móc treo giấy vệ sinh đồng cổ điển
Bộ 3 hộp kháng khuẩn phòng tắm - Hàng nội địa Nhật
Bộ 2 ghế ngồi nhà tắm tiện lợi (màu trắng) - Hàng nội địa Nhật
Combo 3 dụng cụ nhấc nắp bồn cầu vệ sinh giao màu ngẫu nhiên
BÔNG TẮM NHỎ GỌN CHẤT LIỆU SILICON - LẤY SÁCH TẾ BÀO CHẾT TRÊN DA - ĐEM LẠI LÀN SA SẠCH SẼ (Giao Hàng Theo Mẫu Ngẫu Nhiên)
Tấm polycarbonate tản sáng LH0570B
Giá treo thau/ chậu đa năng Ecoco E1717 (giao màu ngẫu nhiên)
Hộp đựng giấy lau tay 900B
Mút tắm của Nhật Bản BF016
"Bộ cốc sứ, bình rửa tay, khay đựng xà bông, kem đánh răng phòng tắm tráng men cao cấp - Giao màu ngẫu nhiên"
Bộ dụng cụ nhà tắm - Massage
Thau Tắm Nhỏ TLT
Nút nhấn giữa bồn cầu HKC-MN27
Hộp đựng giấy vệ sinh Larsd LSB31
"Dụng Cụ Lấy Tóc Rụng, Rác Nhà Tắm Và Bồn Rửa Chén iCART"
"Bình đựng sữa tắm, dầu gội, nước rửa tay bằng Nhựa PP cứng - Giao màu ngẫu nhiên"
"Khay Xà phòng Aperi chất liệu Gốm, màu Trắng, kiểu dáng thanh lịch, hiện đại, thoát nước tốt (white ceramic soap dish)"
Cốc Đựng Bàn Chải Forshaga
"Van chữ T, van giảm áp 2 ngã"
Hộp đựng giấy vệ sinh cao cấp 2 tầng Nhật Pháp - Giao màu ngẫu nhiên
5 Bông tắm xơ mướp
Bộ 3 ghế ngồi nhà tắm tiện lợi (màu trắng) - Hàng nội địa Nhật
Banh Giặt Bẫy Tóc (Bộ 12 Cái) Tashuan TS 3132
Hộp đựng giấy vệ sinh Inox SUS 304 kèm gạt tàn thuốc Eurolife EL-P06-4-NEW - Trắng bạc
Bàn chải tắm Loofah lông mịn IM28292-Tặng bông tắm xơ mướp PROVK399
" Bộ chai lọ đựng xà phòng, bình đựng sữa tắm, khay đựng xà phòng bằng đá nhân tạo"
"Miếng lót, tấm lót hút nước bằng đất xốp Diatomite (22.5x7cm) họa tiết, thông điệp dễ thương"
CỌ LƯNG 2 ĐẦU ( GIAO MÀU NGẪU NHIÊN ) - TẶNG DÂY NÂNG NẮP BỒN CẦU SILICON 
Khay nhựa để đồ tiện lợi
Túi Lưới Treo Đựng Đồ Nhà Tắm Thương hiệu FALDO
Hộp đựng giấy vệ sinh nhựa BKW-A04C
Bộ 3 Món Bình Sứ Đựng Xà Phòng - Kem Đánh Răng Nhà Vệ Sinh Hoa Văn Sang Trọng
Bàn chải tắm cán dài gấp gọn tiện lợi
Bình xịt Đa năng 100ml 2 Cái UBL AG4199
 Combo 2 Gang tay tắm 2 mặt tiện dụng tặng nâng nắp bồn cầu silicon
Bộ Đựng Vệ Sinh Phòng Tắm
COMBO 5 Móc treo bàn chải hình con thú (móc hút)
Kệ Inox Tấm Gốc Đôi Tovashu TG2
Giỏ đựng đồ giặt của Nhật Bản cỡ trung L-5032WB
Hộp đựng giấy vệ sinh Inox 304 HT 373
Vòi xịt vệ sinh inox 304 - Trọn bộ
"Hộp nhả sữa tắm, nước rửa tay"
Combo Dép đi trong nhà massage + Bàn chải chà gót chân nội địa Nhật Bản - Giao màu ngẫu nhiên
Thùng đựng rác 10L nắp xoay màu nâu nội địa Nhật Bản
Xi phông chậu rửa mặt 1
"Hộp tạo bọt cho xà phòng, sữa rữa mặt (tặng kèm 1 sản phẩm ngẫu nhiên)"
Bộ đồ dùng nhà tắm bằng gốm sứ DDNT02
Bàn chải tắm lông heo XM26 hình tròn
Bộ 2 van khóa nước Ecco phi 21 và 27 nhập khẩu từ Thái Lan
Bộ Xả Hai Nhấn Liền Khối VS105S - Hùng Anh
 DÂY CẤP NƯỚC INOX 304 CAO CẤP
"Thảm chống trượt hình sao biển, có lỗ thoát nước dùng cho nhà tắm, bồn tắm, hồ bơi và các nơi trơn trượt kích thước 35 x 70cm"
Bàn chải massage body S36 - KBOX1998
Hộp xà bông gạt thông minh 1 bình trắng trong
Cần gạt bồn cầu HKC-GT24
Van khống chế cao cấp ECCO 3 đầu ren ngoài nhập khẩu từ Thái Lan
Kệ Treo Tường Đựng Đồ Phòng Tắm Combo 2 Cái
Đá chà gót chân có tay cầm tiện lợi - Hàng nội địa Nhật
Combo 2 chai xịt vệ sinh bồn cầu 300ml nội địa Nhật Bản
Hộng Đựng giấy vệ sinh 2 ngăn cao cấp
Giá đỡ vòi xịt vệ sinh Inox cao cấp
Hộp Giấy Vệ Sinh Cao Cấp 100% Inox 304 Dày Đẹp Chống Nước Hiệu Quả
Giá Treo Thông Minh dính tường 2 trong 1 PKPT-P001
"Hộp đựng khăn,kem đánh răng, bàn chải tiện dụng- Tặng bấm móng tay hình thú(Giao màu ngẫu nhiên)"
Dụng cụ nhả kem lúa mạch không kèm cốc
Bộ chai lọ gốm sứ đựng xà phòng
Combo 02 Ghế nhựa phòng tắm Sanada Ag+ cao cấp - Nội địa Nhật Bản
Tấm Polycarbonate đặc 3mm HGU
"Bình đựng nước rửa tay bằng sứ, sử dụng trong phòng tắm gia đình, nhà hàng, khách sạn, dung tích 350ml WHJ-081"
Hộp đựng giấy vệ sinh PIENO có gạt tàn inox 304
Lá kê nâng nắp toilet Kt911 
Hộp đựng giấy vệ sinh khép kín hợp kim GI382
Combo túi chặn rác lỗ thoát sàn Goldseee
Combo Bàn chải chà gót chân bằng đá san hô + Mút tắm dành cho phụ nữ nội địa Nhật Bản
Combo Khay đựng đồ nhà tắm có lỗ thoát nước màu xanh
"Nắp Chống Mùi Hôi Cống ECODEALS - Ngăn Mùi Thoát Sàn, Ngăn Côn Trùng, Chống Trào Ngược - Không cản trở dòng chảy, không kẹt rác, kích thước chuẩn lỗ sàn"
Giá Treo Tường Móc Chổi Hoặc Cây Lau Nhà
"Dây tắm cọ, chà lưng 2 mặt bằng silicon đa năng ( màu ngẩu nhiên)"
 Lọ chiết dung dịch nước hoa mini xịt phun sương tiện lợi
Bộ silicone khử mùi cống
Giấy Quỳ Tím Đo Độ pH
"Bịt nắp cống silicon chống mùi thoát sàn, ngăn trào ngược nhà tắm,ngăn côn trùng xâm nhập bằng Silicone"
Hộp đựng giấy vệ sinh hai trong một
"CHỐNG MÙI CHO NHÀ TẮM, NHÀ VỆ SINH, THOÁT NƯỚC.  Công nghệ SIlicone bền bỉ với thời gian, Chống ăn mòn và lưu hóa - Corrosion and vulcanization"
Phụ Kiện Ống Phễu Lắp Thoát Sàn Bồn Cầu Ngăn Chống Mùi Nước Cống Hôi Vi Khuẩn Côn Trùng Thâm Nhập
"Bồn tắm ngâm người, thảo dược gấp gọn cho người lớn và trẻ nhỏ BP01"
"Đai tắm chà lưng silicon, đai cọ lưng massage silicon (giao màu ngẫu nhiên)"
"Combo 2 Dây tắm cọ, chà lưng 2 mặt bằng silicon đa năng ( màu ngẫu nhiên)"
Lọ chiết dung dịch mini xịt phun sương tiện lợi
"Combo2 Móc treo dầu gội đầu , móc treo chai sữa tắm dán tường nhà tắm siêu chắc"
Combo 2 chai xịt phun sương dạng xịt chiết mỹ phẩm
Lược Massage và Chải Khi Gội
Lọ chiết dung dịch - nước hoa tiện dụng size lớn 8ml (Chọn mầu)
"Nắp Đậy Lỗ Thoát Nước Silicone Cao Cấp ECODEALS Cho Lỗ sàn, Bồn Rửa Bát, Bồn Tắm - Chặn tóc, rác, thức ăn thừa, dễ dàng làm sạch, bền dai - KT 14x14cm"
"Giá treo vòi hoa sen , vòi nước,vòi xịt nhà tắm xoay 360 độ cao cấp (giao màu ngẫu nhiên)"
"Dụng cụ chặn rác gắn ống thoát nước khử mùi nhà tắm, bồn rửa chén bát đa năng tiện dụng - giao màu ngẫu nhiên"
Lọ chiết dung dịch nước hoa tiện dụng PKS 5ml (Chọn mầu)
Combo 20 viên tẩy diệt khuẩn khử mùi bồn cầu
DỤNG CỤ CHÀ GÓT CHÂN 2 IN 1
Dụng Cụ Nặn Kem Đánh Răng Thông Minh (màu ngẫu nhiên)
Hộp đựng giấy nhà vệ sinh kèm kệ để đồ thông minh
"THIẾT BỊ CHỈNH LỆCH TÂM BỒN, CHUYỂN TÂM XÍ CẦU(loại chỉnh tối ta 10 cm)"
"Thảm nhựa lỗ kháng khuẩn, chống trơn, trượt nhà tắm (kích thước 30x30cm)"
Bông tắm xơ mướp
"Phễu ngăn tóc, chặn rác, chống mùi hôi từ cống thoát nước, nhà tắm"
Kệ Góc INOX 304 Treo Dán Góc Tường Nhà Tắm Nhà Bếp Không Cần Khoan Vít
"Đế Chống Rung, Chống Xê Dịch Và Bảo Vệ Tuổi Thọ Máy Giặt - Giao Màu Ngẫu Nhiên"
"Silicone thoát sàn chống mùi, ngăn côn trùng vi khuẩn chui lên lắp thoát sàn Nhà tắm, ống xả nước máy giặt, chậu rửa mặt - Phiên bản nâng cấp thế hệ 2 - Model S121 - Xuất xứ: Hàn Quốc"
"Bục kê chân toilet Eltory (Cao Cấp) - hỗ trợ tư thế vệ sinh, thiết kế hiện đại, giúp phòng chống táo bón, trĩ, bục kê chân toilet cho người cao tuổi và trẻ em. Hàng chính hãng, nhựa cao cấp chịu lực tốt - TS002"
Bông tắm và rửa mặt bằng xơ mướp tự nhiên giúp massage da và loại bỏ tế bào chết nhẹ nhàng hàng cao cấp xuất Nhật
Bộ dụng cụ chà gót chân (8 chi tiết)
Bộ 2 Chai thả bồn cầu hương Lavender Hàn Quốc (400g)
Cọ lưng Nhật Bản
"CHUYỂN TÂM XI, TÂM BỒN CÂU DÙNG CHO CÁC LOẠI BỆT(loại chuyển tối đa 5 cm )"
Đá Chà Gót Chân Mềm Và Mịn
Hộp đựng Giấy Vệ Sinh ECOCO Cao cấp 2 tầng TẶNG KÈM TẤM DÁN KHỬ MÙI VỆ SINH
Gương Dán Tường Phòng Tắm Jia Hao
Hộp đựng giấy vệ sinh 2 ngăn cao cấp treo tường
Bàn Chải Cọ Lưng 2 Đầu Kèm Bông Tắm Tiện Lợi
Xà phòng giấy
"Chai chiết dung dịch, mỹ phẩm 100ml dạng xịt phun sương"
Miếng chặn nắp cống silicon cao cấp - giao màu ngẫu nhiên
"CỌ LƯNG SILICON, DÂY CỌ LƯNG SILICON - Xanh lá"
01 Bình xoài dung tích 280ml
"Kệ góc phòng tắm Inox SUS 304 đựng dầu gội, sữa tắm, bàn chải...nhiều kích thước tiện lợi cao cấp"
Dây cấp chậu BÄREN
Co hai đầu ren ngoài (brass pipe fitting male elbow) - Bằng đồng
LÔ GIẤY VỆ SINH HỘP KÍN INOX 304 BÓNG - RANOX LG01
Dụng cụ cọ lưng hai đầu ( màu ngẫu nhiên )
Combo bộ 2 van khóa nước nóng lạnh RANOX RNPK02
"Van khống chế cao cấp ECCO 3 ngã ( 1 ren trong , 2 ren ngoài ) nhập khẩu từ Thái Lan"
Bộ xả 2 nhấn VS045 két rời Paradise cấp Win - Hùng Anh
Lô Giấy vệ sinh chất liệu inox 304 mặt gương chống gỉ hoàn hảo Hiwin Y-5034
Miếng Dán Nhà Vệ Sinh Ngộ Nghĩnh Cho Không Gian Thêm Sinh Động (Màu Ngẫu Nhiên)
Treo khăn nhiều kiểu dáng inox 304 TOVASHU
Hộp xà bông gạt thông minh 1 bình 500ml sang trọng
"Dép đi trong nhà mẫu hở mũi, lưu thông máu huyết - Japan"
Set 2 Viên Thả Toilet Diệt Khuẩn
BỘ DÂY SEN VÀ BÁT SEN TĂNG ÁP INOX 304 CAO CẤP
Set 2 miếng Dán Thư Giãn Bàn Chân Aloma Hương Hoa Hồng - Nội Địa Nhật Bản 
Bình xịt vòi inox (đồng) S1 conditioner  Đông Gia-màu men hỏa biến tự nhiên  xanh sóng biển 8094
Tấm lót khử mùi bồn tiểu nam hương Citrus
Hộp đựng bàn chải kem đánh răng USAR đa năng 400ml
Tay nắm inox 304 kích thước 308 mm - Art.SE017
Rổ đa năng 40cm - INOX SUS 304 ZS-5016-40
Nắp thiết bị vệ sinh điện tử thông minh LS DAEWON DIB-83
Máy tạo khí Ozone khử mùi toilet Gx-Diffuser C01 - hàng chính hãng ( màu bạc )
Ly đựng bàn chải ánh xà cừ 
Chai Đa năng 60ml 2 Cái UBL AG4200
Combo 2 cặp ( 4 bình ) Hộp xà bông gạt thông minh 500ml/ bình trắng sứ
Giá Treo Máy Sấy Tóc Dán Tường Inox 304 Cao Cấp
Thanh máng khăn vòng BAO M1-1004 (INOX 304)
Mút Tắm Chuyên Dùng Cho Nữ - Nội Địa Nhật Bản
Hộp giấy vệ sinh inox304-LG01 (mầu trắng bạc)
Vắt khăn vòng BAO M6-604 (INOX 304)
Bình xịt dạng vòi dáng tròn 750ml nội địa Nhật Bản - Giao màu ngẫu nhiên
"ĐẦU THÚ CUTE BỌC VÒI NƯỚC SIÊU CUTE, TIỆN LỢI"
Túi đựng rác RED
Nắp rửa bồn cầu điện tử P68051
Kệ treo tường nhà tắm E1609
"Set bình đựng, cốc đánh răng, cốc đựng bàn chải, khay xà phòng nhà tắm"
"Hộp chứa nước rửa tay, sữa tắm, dầu gội gắn tường đôi SZ05"
Bồn Rửa Chén Ống Kép Larsd Dart (27.5cm x 15cm x 32.5cm)
Ghế kê chân đi vệ sinh Chefman
"Bồn Tắm, Hơi Gấp Gọn Di Chuyển Tiện Lợi Tặng Kèm Áo Khăn Tắm"
Bông tắm tạo bọt kỳ lưng hàng nội địa Nhật Bản
" Bộ chai lọ đựng xà phòng, bình đựng sữa tắm, khay đựng xà phòng bằng đá nhân tạo"
Quạt thông gió 
Hộp đựng sữa tắm xà phòng đơn cao cấp 450ml
Bình xịt xà bông treo tường Eurolife EL-X19 (Trắng)
"DÂY CẤP NƯỚC CHẬU RỦA, BÌNH NÓNG LẠNH INOX 304 CAO CẤP"
Tủ đựng đồ nhà vệ sinh đẹp sang
MÁY NƯỚC NÓNG NĂNG LƯỢNG MẶT TRỜI SOLAHART 300L – Australia
Phễu thoát sàn chống hôi đuôi đồng URBAN home UB-1806D
Phễu Thoát Sàn Chống Hôi Larsd B8900
Bình đựng xà phòng cảm ứng
Xả tiểu nam cảm ứng BB6213
Ga thoát sàn và ngăn mùi 1601
Tấm lót khử mùi bồn tiểu nam
Combo 3 Lọ thả bồn cầu dạng lỏng hình con lợn
"Chải cọ bồn cầu toilet mã 55412, sang trọng, hiện đại, dễ vệ sinh"
Vòi Rửa Khử Mùi Cống Larsd LD304
"Combo bộ đồ dùng vệ sinh cá nhân du lịch, hộp rửa mặt 6 món_VSCN02"
Combo  Bông tắm tạo bọt + Bình xịt tạo bọt 300ml nội địa Nhật Bản
Giá đỡ giấy vệ sinh nhà tắm treo tường bằng đồng GD386
Hộp Đựng Xà Bông SmartLiving YM02
Bồn Xông Hơi Bằng Gỗ tự Nhiên - Tặng kèm Xà Phòng Khử Mùi Tanh
"Bộ quà tặng dụng cụ tắm, khăn tắm, lược gỗ, đá chà gót , bông tắm cho nữ"
Dụng cụ nhả kem đánh răng màu trắng
Nắp chống trào ngược mùi trong nhà vệ sinh
Hộp đựng giấy vệ sinh Inox 304
bộ 2 van inox SUS 304 chữ T cao cấp - van chia giảm áp lực nước 
Hộp đựng giấy vệ sinh nhà tắm khép kín bằng đồng GD382
Bộ gốm sứ đựng xà phòng nhà tắm 
"Bộ chai lọ đựng xà phòng, bình đựng sữa tắm, khay đựng xà phòng bằng đá nhân tạo"
Túi đựng rác Miaojie
Hộp đựng bàn chải kem đánh răng USAR đa năng kèm dây treo 400ml
"Bộ quà tặng dụng cụ tắm, khăn tắm, lược gỗ, đá chà gót , bông tắm cho nữ"
"Bộ chổi cọ & kệ đỡ toilet, nhà vệ sinh"
Nắp bồn cầu thông minh Mirai Loại vuông
"Cây bàn chải Cọ Lưng, Bông Tắm, Massage Lưng 2 đầu Đa năng Nhật Bản (Giao màu Ngẫu Nhiên)- Tặng 1 hộp giấy thấm da dầu"
Set 3 dụng cụ nhà tắm màu bạc
Bộ quà tặng phòng tắm - Massage
Bộ 02 dụng cụ cọ và massage lưng cầm tay tiện dụng
Ly Sứ JIAJIALIN
Kệ tròn đựng bàn chải đánh răng
Bình đựng xà phòng sữa rửa mặt
"Bộ quà tặng dụng cụ tắm, khăn tắm, lược gỗ, đá chà gót , bông tắm cho nữ"
Bộ phụ kiện cao cấp thay thế cho bồn cầu AMERICAN tay gạt 
Vòi nước cao cấp ECCO phi 21  nhập khẩu từ Thái Lan
"COMBO 3 Bình Xịt đựng sữa tắm, dầu gội, hương liệu, đa năng sử dụng trong Nhà Tắm Bằng Sứ hình thang màu kem và đen không chữ"
Combo bộ đồ dùng vệ sinh cá nhân tiện lợi_ VSCN01
"Bộ quà tặng dụng cụ tắm, khăn tắm, lược gỗ, đá chà gót , bông tắm cho nữ"
"Kệ Đỡ Máy Sấy Tóc, Dán tường tiện lợi. Chất liệu Inox304 chống han gỉ"
Hộp đựng nước rửa tay xà phòng con ốc sên dễ thương
"Bình đựng xà phòng, sữa tắm Monote Terrazzo, chất liệu đá nhân tạo"
Bàn chải vệ sinh tay xịt dung dịch Japan E1-ST981
Gáo múc nước gáo dừa lớn
Miếng dán khử mùi vệ sinh hình thú PKS dễ thương 27.7x20.5cm -
"Nắp Chống Mùi Hôi Cống ECODEALS - Ngăn Mùi Thoát Sàn, Ngăn Côn Trùng, Chống Trào Ngược - Không cản trở dòng chảy, không kẹt rác, kích thước chuẩn lỗ sàn"
Giá Treo Tường Móc Chổi Hoặc Cây Lau Nhà
"Dây tắm cọ, chà lưng 2 mặt bằng silicon đa năng ( màu ngẩu nhiên)"
 Lọ chiết dung dịch nước hoa mini xịt phun sương tiện lợi
Bộ silicone khử mùi cống
Giấy Quỳ Tím Đo Độ pH
"Bịt nắp cống silicon chống mùi thoát sàn, ngăn trào ngược nhà tắm,ngăn côn trùng xâm nhập bằng Silicone"
Hộp đựng giấy vệ sinh hai trong một
"CHỐNG MÙI CHO NHÀ TẮM, NHÀ VỆ SINH, THOÁT NƯỚC.  Công nghệ SIlicone bền bỉ với thời gian, Chống ăn mòn và lưu hóa - Corrosion and vulcanization"
Phụ Kiện Ống Phễu Lắp Thoát Sàn Bồn Cầu Ngăn Chống Mùi Nước Cống Hôi Vi Khuẩn Côn Trùng Thâm Nhập
"Bồn tắm ngâm người, thảo dược gấp gọn cho người lớn và trẻ nhỏ BP01"
"Đai tắm chà lưng silicon, đai cọ lưng massage silicon (giao màu ngẫu nhiên)"
"Combo 2 Dây tắm cọ, chà lưng 2 mặt bằng silicon đa năng ( màu ngẫu nhiên)"
Lọ chiết dung dịch mini xịt phun sương tiện lợi
"Combo2 Móc treo dầu gội đầu , móc treo chai sữa tắm dán tường nhà tắm siêu chắc"
Combo 2 chai xịt phun sương dạng xịt chiết mỹ phẩm
Lược Massage và Chải Khi Gội
Lọ chiết dung dịch - nước hoa tiện dụng size lớn 8ml (Chọn mầu)
"Nắp Đậy Lỗ Thoát Nước Silicone Cao Cấp ECODEALS Cho Lỗ sàn, Bồn Rửa Bát, Bồn Tắm - Chặn tóc, rác, thức ăn thừa, dễ dàng làm sạch, bền dai - KT 14x14cm"
"Giá treo vòi hoa sen , vòi nước,vòi xịt nhà tắm xoay 360 độ cao cấp (giao màu ngẫu nhiên)"
"Dụng cụ chặn rác gắn ống thoát nước khử mùi nhà tắm, bồn rửa chén bát đa năng tiện dụng - giao màu ngẫu nhiên"
Lọ chiết dung dịch nước hoa tiện dụng PKS 5ml (Chọn mầu)
Combo 20 viên tẩy diệt khuẩn khử mùi bồn cầu
DỤNG CỤ CHÀ GÓT CHÂN 2 IN 1
Dụng Cụ Nặn Kem Đánh Răng Thông Minh (màu ngẫu nhiên)
Hộp đựng giấy nhà vệ sinh kèm kệ để đồ thông minh
"THIẾT BỊ CHỈNH LỆCH TÂM BỒN, CHUYỂN TÂM XÍ CẦU(loại chỉnh tối ta 10 cm)"
"Thảm nhựa lỗ kháng khuẩn, chống trơn, trượt nhà tắm (kích thước 30x30cm)"
Bông tắm xơ mướp
"Phễu ngăn tóc, chặn rác, chống mùi hôi từ cống thoát nước, nhà tắm"
Kệ Góc INOX 304 Treo Dán Góc Tường Nhà Tắm Nhà Bếp Không Cần Khoan Vít
"Đế Chống Rung, Chống Xê Dịch Và Bảo Vệ Tuổi Thọ Máy Giặt - Giao Màu Ngẫu Nhiên"
"Silicone thoát sàn chống mùi, ngăn côn trùng vi khuẩn chui lên lắp thoát sàn Nhà tắm, ống xả nước máy giặt, chậu rửa mặt - Phiên bản nâng cấp thế hệ 2 - Model S121 - Xuất xứ: Hàn Quốc"
"Bục kê chân toilet Eltory (Cao Cấp) - hỗ trợ tư thế vệ sinh, thiết kế hiện đại, giúp phòng chống táo bón, trĩ, bục kê chân toilet cho người cao tuổi và trẻ em. Hàng chính hãng, nhựa cao cấp chịu lực tốt - TS002"
Bông tắm và rửa mặt bằng xơ mướp tự nhiên giúp massage da và loại bỏ tế bào chết nhẹ nhàng hàng cao cấp xuất Nhật
Bộ dụng cụ chà gót chân (8 chi tiết)
Bộ 2 Chai thả bồn cầu hương Lavender Hàn Quốc (400g)
Cọ lưng Nhật Bản
"CHUYỂN TÂM XI, TÂM BỒN CÂU DÙNG CHO CÁC LOẠI BỆT(loại chuyển tối đa 5 cm )"
Đá Chà Gót Chân Mềm Và Mịn
Hộp đựng Giấy Vệ Sinh ECOCO Cao cấp 2 tầng TẶNG KÈM TẤM DÁN KHỬ MÙI VỆ SINH
Gương Dán Tường Phòng Tắm Jia Hao
Hộp đựng giấy vệ sinh 2 ngăn cao cấp treo tường
Bàn Chải Cọ Lưng 2 Đầu Kèm Bông Tắm Tiện Lợi
Xà phòng giấy
"Chai chiết dung dịch, mỹ phẩm 100ml dạng xịt phun sương"
Miếng chặn nắp cống silicon cao cấp - giao màu ngẫu nhiên
"CỌ LƯNG SILICON, DÂY CỌ LƯNG SILICON - Xanh lá"
"Bộ chai lọ đựng xà phòng, bình đựng sữa tắm, khay đựng xà phòng bằng đá nhân tạo"
Lô Giấy Vệ Sinh Toto YH116
Bộ nhả kem đánh răng tự động kèm 2 cốc cao cấp
Hộp Đựng Lane Thủy Tinh JYSK Màu Xanh Lá Cây 
"Bộ nhả nước rửa tay đơn - Hộp đựng sữa tắm,nước rửa tay - Hộp đựng dầu gội,sữa tắm - Giao hàng màu sắc ngẫu nhiên "
Hộp Đựng Bàn Chải và Kem Đánh Răng Hình Trái Cây-Hình Quả Lê
Combo Bàn chải chà gót chân bằng đá san hô + Bàn Chải Với Đồ Hốt Rác Mini Nội Địa Nhật Bản
Hộp Đựng Bàn Chải Và Kem Đánh Răng Du Lịch JAJALIN - Hồng
Ống thải chữ p đồng mạ crom 5 lớp thông minh tùy chỉnh cho các loại chậu rửa lavabo
Bộ 2 hộp đựng giấy vệ sinh gắn tường cỡ lớn cao cấp 26x26cm
Combo Bàn chải chà gót chân bằng đá san hô + Khăn tắm cotton cho nữ 23 x 100 cm
Kệ Đựng Xà Phòng Thoát Nước(MÀu Xám)
Set 3 Phụ Kiện Van Bồn Cầu Larsd LD111-3
Bộ 5 thú bơi thả bồn tắm vặn dây cót cho bé
Bộ 2 van khóa nước Ecco phi 27 nhập khẩu từ Thái Lan
Bộ chai lọ gốm sứ đựng xà phòng
Kệ đựng ly nhà vệ sinh nhiều kiểu dáng inox 304 TOVASHU
Bộ đồ dùng vệ sinh cá nhân tiện lợi (Giao màu ngẫu nhiên)
Móc Treo Giấy Vệ Sinh TOTO YH902V
khay cốc + cốc inox
THANH GỐM CHÀ LƯNG KHÔNG DÙNG TAY
Thùng Rác Đạp Lớn Duy Tân Matsu No.273 (30 x 37.5 cm) - Màu Ngẫu Nhiên
XẢ TIỂU CẢM ỨNG NỔI BOBO BB6220
Đầu xi phông xả nhấn American Standard FFAS7979
"Combo 5 tay cầm nắp bồn cầu tiện dụng, hợp vệ sinh"
Bộ Đầu Lọc Nước Vòi Sen Daily Aqua
Set 3 món dụng cụ tắm tiện lợi
Bộ hộp đựng giấy vệ sinh cỡ lớn tặng 1 thông tắc hầm cầu
Chai kit nhà tắm Certina
Bộ 2 van khống chế Ecco 3 đầu ren nhập khẩu từ Thái Lan
Bộ xả thùng nước American Standard dùng cho bồn cầu VF-2013 -VF-2314(thùng nước VF-4013)
Khay xà bông gắn tường Happy Home
Combo đá núi lửa chà gót chân và bàn chải massage body - V11 - KBOX1998
Vòi xịt nhà vệ sinh tiện ích
Hộp Đựng Xà Phòng Gắn Tường Toto TS125R
"Cốc (ly) hình thoi làm từ lúa mỳ đánh răng, uống nước an toàn"
Combo 3 Kép - Hai đầu ren ngoài 1 in (~34mm) (Brass pipe fitting reducing-hexagon nipple) - Bằng đồng
Set bình đựng và cốc nhà tắm cao cấp GOLD SUPERBE
"Xơ mướp rửa mặt, tắm rửa tẩy tế bào chết cho da hàng xuất Nhật (XM09) hình trái tim"
Bột Tẩy mốc cặn phèn canxi trên buồng tắm kính -HG-02 Hard-Water-Stain-Remover SHOWER
DÂY VÒI SỊT VỆ SINH
"Bình đựng sữa tắm cao cấp Cho nhà hàng, khách sạn"
"Combo 10 Hộp đựng xà phòng, nước rửa tay treo tường đơn"
Bồn cầu liền khối Trắng sứ 9299
VẮT KHĂN PHÒNG TẮM INOX 304 BÓNG GƯƠNG
Vệ Sinh Đường Ống Lavabo
"Lọ đựng dung dịch , chất tẩy rửa có nắp bật"
BỘ PHỤ KIỆN PHÒNG TẮM 4 SẢN PHẨM BẰNG ĐÁ TỰ NHIÊN SANG TRỌNG
"Nắp Chống Mùi Hôi Cống ECODEALS - Ngăn Mùi Thoát Sàn, Ngăn Côn Trùng, Chống Trào Ngược - Không cản trở dòng chảy, không kẹt rác, kích thước chuẩn lỗ sàn"
Giá Treo Tường Móc Chổi Hoặc Cây Lau Nhà
"Dây tắm cọ, chà lưng 2 mặt bằng silicon đa năng ( màu ngẩu nhiên)"
 Lọ chiết dung dịch nước hoa mini xịt phun sương tiện lợi
Bộ silicone khử mùi cống
Giấy Quỳ Tím Đo Độ pH
"Bịt nắp cống silicon chống mùi thoát sàn, ngăn trào ngược nhà tắm,ngăn côn trùng xâm nhập bằng Silicone"
Hộp đựng giấy vệ sinh hai trong một
"CHỐNG MÙI CHO NHÀ TẮM, NHÀ VỆ SINH, THOÁT NƯỚC.  Công nghệ SIlicone bền bỉ với thời gian, Chống ăn mòn và lưu hóa - Corrosion and vulcanization"
Phụ Kiện Ống Phễu Lắp Thoát Sàn Bồn Cầu Ngăn Chống Mùi Nước Cống Hôi Vi Khuẩn Côn Trùng Thâm Nhập
"Bồn tắm ngâm người, thảo dược gấp gọn cho người lớn và trẻ nhỏ BP01"
"Đai tắm chà lưng silicon, đai cọ lưng massage silicon (giao màu ngẫu nhiên)"
"Combo 2 Dây tắm cọ, chà lưng 2 mặt bằng silicon đa năng ( màu ngẫu nhiên)"
Lọ chiết dung dịch mini xịt phun sương tiện lợi
"Combo2 Móc treo dầu gội đầu , móc treo chai sữa tắm dán tường nhà tắm siêu chắc"
Combo 2 chai xịt phun sương dạng xịt chiết mỹ phẩm
Lược Massage và Chải Khi Gội
Lọ chiết dung dịch - nước hoa tiện dụng size lớn 8ml (Chọn mầu)
"Nắp Đậy Lỗ Thoát Nước Silicone Cao Cấp ECODEALS Cho Lỗ sàn, Bồn Rửa Bát, Bồn Tắm - Chặn tóc, rác, thức ăn thừa, dễ dàng làm sạch, bền dai - KT 14x14cm"
"Giá treo vòi hoa sen , vòi nước,vòi xịt nhà tắm xoay 360 độ cao cấp (giao màu ngẫu nhiên)"
"Dụng cụ chặn rác gắn ống thoát nước khử mùi nhà tắm, bồn rửa chén bát đa năng tiện dụng - giao màu ngẫu nhiên"
Lọ chiết dung dịch nước hoa tiện dụng PKS 5ml (Chọn mầu)
Combo 20 viên tẩy diệt khuẩn khử mùi bồn cầu
DỤNG CỤ CHÀ GÓT CHÂN 2 IN 1
Dụng Cụ Nặn Kem Đánh Răng Thông Minh (màu ngẫu nhiên)
Hộp đựng giấy nhà vệ sinh kèm kệ để đồ thông minh
"THIẾT BỊ CHỈNH LỆCH TÂM BỒN, CHUYỂN TÂM XÍ CẦU(loại chỉnh tối ta 10 cm)"
"Thảm nhựa lỗ kháng khuẩn, chống trơn, trượt nhà tắm (kích thước 30x30cm)"
Bông tắm xơ mướp
"Phễu ngăn tóc, chặn rác, chống mùi hôi từ cống thoát nước, nhà tắm"
Kệ Góc INOX 304 Treo Dán Góc Tường Nhà Tắm Nhà Bếp Không Cần Khoan Vít
"Đế Chống Rung, Chống Xê Dịch Và Bảo Vệ Tuổi Thọ Máy Giặt - Giao Màu Ngẫu Nhiên"
"Silicone thoát sàn chống mùi, ngăn côn trùng vi khuẩn chui lên lắp thoát sàn Nhà tắm, ống xả nước máy giặt, chậu rửa mặt - Phiên bản nâng cấp thế hệ 2 - Model S121 - Xuất xứ: Hàn Quốc"
"Bục kê chân toilet Eltory (Cao Cấp) - hỗ trợ tư thế vệ sinh, thiết kế hiện đại, giúp phòng chống táo bón, trĩ, bục kê chân toilet cho người cao tuổi và trẻ em. Hàng chính hãng, nhựa cao cấp chịu lực tốt - TS002"
Bông tắm và rửa mặt bằng xơ mướp tự nhiên giúp massage da và loại bỏ tế bào chết nhẹ nhàng hàng cao cấp xuất Nhật
Bộ dụng cụ chà gót chân (8 chi tiết)
Bộ 2 Chai thả bồn cầu hương Lavender Hàn Quốc (400g)
Cọ lưng Nhật Bản
"CHUYỂN TÂM XI, TÂM BỒN CÂU DÙNG CHO CÁC LOẠI BỆT(loại chuyển tối đa 5 cm )"
Đá Chà Gót Chân Mềm Và Mịn
Hộp đựng Giấy Vệ Sinh ECOCO Cao cấp 2 tầng TẶNG KÈM TẤM DÁN KHỬ MÙI VỆ SINH
Gương Dán Tường Phòng Tắm Jia Hao
Hộp đựng giấy vệ sinh 2 ngăn cao cấp treo tường
Bàn Chải Cọ Lưng 2 Đầu Kèm Bông Tắm Tiện Lợi
Xà phòng giấy
"Chai chiết dung dịch, mỹ phẩm 100ml dạng xịt phun sương"
Miếng chặn nắp cống silicon cao cấp - giao màu ngẫu nhiên
"CỌ LƯNG SILICON, DÂY CỌ LƯNG SILICON - Xanh lá"
Bộ dụng cụ nhà tắm - Massage
khay cốc inox 304
Chai Xịt Vệ Sinh Đa Năng Sandokkaebi 300ML - Chính Hãng Hàn Quốc
Hộp Đựng Bàn Chải Đánh Răng Kiểu Viên Thuốc (Kiêm 2 Cốc) giao màu ngẫu nhiên
"Thanh Ngang Treo Khăn Nhà Tắm Tiện Lợi Chất Liệu PP Chống Ẩm Mốc Không Cần Bắt Vít, Đục Tường - Giao Màu Ngẫu Nhiên"
Van nước cao cấp ECCO phi 42 có ren trong nhập khẩu từ Thái Lan
HỘP ĐỰNG GIẤY INOX 304 SIÊU CAO CẤP
Máy tạo khí Ozone khử mùi  GX-C02- hàng chính hãng ( đen)
"Bình đựng nước rửa tay bằng sứ, sử dụng trong phòng tắm gia đình, nhà hàng, khách sạn dung tích 350ml WHJ-082"
Máy Xịt Thơm BoBo 6001B
Máy Xịt Thơm BoBo 880B
Bộ Thanh Trượt Vòi Sen Phòng Tắm Moen
Bộ phụ kiện VG98 (VGPK08)
Rổ đa năng 20cm - INOX SUS 304 ZS-5016-20
HỘP DỰNG GIẤY INOX 304 BÓNG GƯƠNG
Bình Sứ Đựng Xà Phòng Màu Hồng Sang Trọng - Dễ Thương
Bộ 5 gói bột thống tắc cống hiệu quả
Combo 4 Hộp đựng giấy vệ sinh gắn tường inox 304 siêu bền
Sản Phẩm Thoát Nước Larsd 3085A
Trọn bộ phụ kiện 05 món Sasso bằng sứ American Standard dùng trong phòng tắm  
"DÂY CẤP KIM  NÓNG LẠNH INOX 304 CHO VÒI RỬA BÁT, VÒI LAVABO 50 CM"
Bộ 2 Hộp xà bông gạt thông minh 500ml/ bình trắng trong
Vòi Rửa Chén Nóng Lạnh Larsd LD82058
Bông tắm siêu mềm tạo nhiều bọt Nhật Bản + Tặng gói hồng trà sữa (Cafe) Maccaca siêu ngon
Bảng hướng dẫn nhà toilet WC_25
Van nước Larsd LD104-7
Bộ 3 viên thả làm sạch bồn cầu hương lavender - Hàng nội địa Nhật
Cước Nhôm Chà Nồi Yunlei 10441 (5 Cái)
Miếng bọt biển chà vệ sinh có tay cầm (Giao Màu Và Kích Thước Ngẫu Nhiên)
Hộp để cây lau nhà kết hợp để giấy vệ sinh tiện dụng (giao màu ngẫu nhiên) - Hàng nội địa Nhật
Khay chứa đồ phòng tắm thông minh - Japan
Hộp đựng đồ dùng nhà tắm tiện lợi (màu trắng) - Nội địa Nhật Bản
Set 2 miếng dán thư giãn bàn chân (nhân sâm) - Nội địa Nhật Bản
Dụng cụ hút xà phòng cục (tặng kèm 1 sản phẩm ngẫu nhiên)
Kệ Nhựa Treo Inomata Trắng 4301 Nhật Bản
Bộ 2 miếng mút tắm tạo bọt mềm mịn với làn da - Hàng nội địa Nhật
Vòi Nước Mạ Đồng Larsd LX203
Hộp Đựng Đồ Dùng Nhà Tắm Gọn Gàng (Màu Trắng) - Nội Địa Nhật Bản
Bộ 3 chai tạo bọt xà phòng 300ml - Hàng Nội Địa Nhật
Hộp Để Giấy Và Dụng Cụ Vệ Sinh Nhà Tắm Tiện Lợi - Nội Địa Nhật Bản (Giao Màu Ngẫu Nhiên)
