"Bộ Lấy Ráy Tai Có Đèn, Camera Mini, Camera Nội Soi Tai, Mũi, Họng Siêu Nét Đi Kèm Bộ Đầu Lấy Ráy Tai, Soi Tai Mũi Họng Chuyên Nghiệp"
Máy hút mũi cho bé + Tặng thêm 1 đầu hút Silicon
" Hộp 3 Đôi Nút Bịt Tai Chống Ồn Mack's Safe Sound Siêu Mềm, Siêu Chống Ồn #903-DOL"
Que Thử Đường Huyết Safe Accu Sinocare 50 Que + 50 Kim Chích Máu
Nhiệt Ẩm Kế Beurer HM 16
Bàn Lăn Chân Gỗ Massage 6 Hàng ( 31 X 24 X 10 Cm)
"Bồn Ngâm Chân, Massage Đa Năng Beurer FB50"
Bộ Giác Hơi Không Dùng Lửa Duy Thành YGH05 (6 ống giác)
Bồn ngâm chân hồng ngoại LANAFORM LUXURY
Bút massage châm cứu huyệt đạo thông kinh lạc bằng xung điện 
Bộ giác hơi 12 ly không dùng lửa
Bình Oxy Mini Cầm Tay (Khí Sạch Đóng Chai)
Bộ giác hơi không dùng lửa Duy Thành YGH02 (Vali 15 ly giác hơi phiên bản 2020) - được bộ y tế cấp phép lưu hành an toàn cho sức khỏe | Fireless cupping therapy
Bộ Đổi Điện Omron Ac Adapter (Đen)
Máy Hút Mũi Cho Bé Tự Động Thông Minh 5 Cấp Độ Từ 1 – 6 Tuổi  WX-102
"Máy hút mũi cho bé hình chuối, 5 chế độ, đầu hút Silicon HM1"
"[Combo 1 Lốc ] 10 Chai Nước Muối Sinh Lý Natri Clorid 0, 9%"
Bình Rửa Mũi cho Bé và người Lớn Dung tích 300 và 500ml
"Bồn ngâm chân, massage đa năng Laica PC1018"
Combo 02 Hộp Miếng dán loại mụn cóc - Hộp 6 miếng
"Bồn ngâm chân massage cao cấp USA 6 con lăn tự động, vòi phun massage, Serenelife SLIFTSP12 nhập khẩu "
Bộ Tiện Dụng Vệ Sinh Mũi Rohto NoseWash Miniset: Bình Vệ Sinh Mũi Easy Shower + Bình Dung Dịch (150ml)
Gậy Gỗ Batoong Chống Cho Người Già Gậy Gỗ Tự Nhiên KH16
Đèn Hồng Ngoại Bayoka - Việt Nam ( Kèm bóng 250W)
"Nhiệt Ẩm Kế Tanita TT-513 đo nhiệt độ phòng, độ ẩm"
Kim Lấy Máu Máy Đường Huyết Đầu Tròn - 
Que Thử Đường Huyết Uright Dùng Cho Máy Đo Đường Huyết TD4265/4267 (25 Que)
Bồn ngâm chân hồng ngoại massage thư giãn trị liệu đa năng
Dụng cụ xịt rửa hậu môn size lớn
Que thử đường huyết Accuchek Active 50 (lọ 50 que)
Bộ Giác Hơi Không Dùng Lửa Duy Thành YGH01
Hộp 25 Que Thử Đường Huyết On Call Plus
Máy Đo Đường Huyết Ogcare - Tặng 1 Hộp Gồm 25 Que Thử
Hộp Chia Thuốc Cá Nhân 6 Ngăn Cao Cấp
Combo 12 ống giác hơi
Bộ Giác Hơi Không Dùng Lửa Duy Thành YGH03
gói 100 ống pipet nhựa 3ml
Bàn lăn gỗ massage chân 5x6
"Bộ Camera Nội Soi Đa Năng Có Đèn Trợ Sáng - Camera Lấy Ráy Soi Tai, Mũi, Họng Chuyên Nghiệp "
"Gậy chống 4 chân thấp Lucass B924 hỗ trợ đi lại cho người già, khả năng đi lại kém, chất liệu inox chắc chắn"
Dụng cụ đi tiểu cho người bệnh - Túi hỗ trợ đi tiểu nam nữ đều dùng được
Bộ Sản Phẩm Vệ Sinh Mũi Rohto Nosewash: Bình Vệ Sinh Mũi Easy Shower + Bình Dung Dịch (400ml)
Ghế bô vệ sinh có bánh xe - Hàng Tiêu Chuẩn bệnh viện
"Khung tập đi hỗ trợ cho người già, người khuyết tật"
"BÀN MASSAGE CHÂN, LĂN CHÂN GỖ LOẠI LỚN 26CMX26CM- MX26"
Nhiệt ẩm kế trong nhà Moaz bébé MB016
Bộ 5 Viên Đá Nóng Massage Ovan Trung
Bộ Giác Hơi Hút Chân Không Tiện Lợi GH12
khung tập đi có ghế ngồi
"Bộ Giác Hơi Không Dùng Lửa(24 Phụ Kiện) Cao Cấp,Dụng Cụ Chăm Sóc Sức Khỏe An Toàn - Tiện Dụng, Giúp Lưu Thông Máu Huyết Nâng Cao Sức Khỏe"
Gậy chống 1 chân hỗ trợ người già
Gậy 4 Chân Điều Chỉnh Chiều Cao Onex
Bộ Giác Hơi Không Dùng Lửa Duy Thành YGH02
Đèn Hồng Ngoại TNE Lamp
Bộ 5 Viên Đá Nóng Massage Ovan Trung
Ghế bô cao cấp ghế nệm có tay vịn
"Khung tập đi có bánh xe dành cho người già, người khuyết tật "
"Đèn hồng ngoại có dimer điều chỉnh cường độ, tặng kèm bóng"
Bồn ngâm chân massage - A4
Bộ Giác Hơi Không Dùng Lửa Duy Thành YGH02 (15 Ống)
Máy châm cứu thẩm mỹ trị liệu cao cấp Aukewel Doctor Care AK 2000 IV (8 Miếng dán)
Dụng cụ massage chân bằng gỗ SKU042
Máy Xông Mũi Họng Omron NE-C28 - 100408975
Bộ Giác Hơi Hút Chân Không 12 Cốc Không Dùng Lửa Tiện Dụng GH12
Nhiệt ẩm kế điện tử có giờ Lanaform LA120701
Bộ 12 ống giác hơi thủy tinh
Máy Massage Cầm Tay Đèn Hồng Ngoại Beurer MG55
Ghế bô vệ sinh G899-01 chính hãng
"Cồn 90 Độ 500ml Sát Trùng, Vệ Sinh, Tiệt Trùng Bề Mặt Dụng Cụ"
Nệm Hơi Chống Loét Unicare UC 04
Nạng khuỷu tay inox
Đệm Khí Chống Loét Có Lõ Thông Khí - Hỗ Trợ Người Bệnh Tại Giường Ghế Ngồi
Combo 2 gói Nhang ngải cứu chữa các bệnh đau nhức
Hộp 50 Que Thử Đường Huyết Gluco Dr
"Bồn Ngâm Chân Konka KZ-2Y002 - Bồn Ngâm Massage Chân -  Mát Xa Bấm Huyết Truyền Thống Nhật Bản - Phiên Bản Mới : Sủi Bong Bóng Điện Tử, Đèn Hồng Ngoại, Sưởi Nhiệt, Chống Giật, Chống Rò Rỉ Nước [Kèm Thảo Mộc & Tinh Dầu] - HÀNG CHÍNH HÃNG."
"[Không cần dùng điện] Đai nịt bụng đá nóng tourmaline giúp giảm các triệu chứng thoát vị đĩa đệm, thoái hóa xương sống"
Combo 2 Dụng Cụ Cắt Nghiền Thuốc Màu Ngẫu Nhiên Gồm: 1 Dụng Cụ Cắt Thuốc + 1 Dụng Cụ Nghiền Thuốc
"Xe lăn tay thường có bô dành cho người già, người khuyết tật Lucass X8"
Giác hơi không dùng lửa UC-18 (18 ống)
Combo 5 gói nhang ngải cứu chữa các bệnh đau nhức tại nhà
Ống Nghe Y Tế Hai Dây Microlife ST-77
"Khung tập đi LUCASS W9 - Có ghế ngồi bọc da cho người già, người khuyết tật - HÀNG CHÍNH HÃNG"
Omron AC Adapter Dùng Cho Máy Đo Huyết Áp Omron
Ghế bô vệ sinh Lucass GX-900
Bộ Đổi Nguồn Dùng Cho Máy Đo Huyết Áp Omron - Ac Adapter (Bộ Thường)
"Bồn ngâm chân cao cấp massage USA đa năng con lăn xoay tự động HoMedics FB-650 ,nhập khẩu USA"
"Dụng Cụ Lấy Ráy Tai Thông Minh, Camera Nội Soi Tai Siêu Nét Đi Kèm Bộ Đầu Lấy Ráy Nhỏ Gọn Tiện Dụng"
Tai nghe trợ thính GoodMi cho người khiếm thính
Bàn lăn gỗ massage chân 6 hàng đại
Đệm điện đơn Lanaform S3 (170x80cm) nhập khẩu Vương Quốc Bỉ
Dụng cụ diện chẩn LĂN CẦU GAI ĐÔI LỚN
"Đai hơi kéo giãn cột sống cổ Leamai C02, hỗ trợ đau cổ và thoát vị đệm cổ. Tặng vòng đeo tay thông minh theo dõi sức khỏe (Giao màu ngẫu nhiên)"
Nạng nách nhôm cao cấp Lucass CK112A
Hộp Chia Thuốc 7 Ngày Tashuan TS-5111 - Hàng Chính Hãng
 Đèn Đá Muối Himalaya Cao Cấp
Bộ Cứu Thương Y Tế (11 Món)
"Bộ Lấy Ráy Tai Có Đèn, Camera Mini, Camera Nội Soi Tai, Mũi, Họng Siêu Nét Đi Kèm Bộ Đầu Lấy Ráy Tai, Soi Tai Mũi Họng Chuyên Nghiệp"
Máy hút mũi cho bé + Tặng thêm 1 đầu hút Silicon
" Hộp 3 Đôi Nút Bịt Tai Chống Ồn Mack's Safe Sound Siêu Mềm, Siêu Chống Ồn #903-DOL"
Que Thử Đường Huyết Safe Accu Sinocare 50 Que + 50 Kim Chích Máu
Nhiệt Ẩm Kế Beurer HM 16
Bàn Lăn Chân Gỗ Massage 6 Hàng ( 31 X 24 X 10 Cm)
"Bồn Ngâm Chân, Massage Đa Năng Beurer FB50"
Bộ Giác Hơi Không Dùng Lửa Duy Thành YGH05 (6 ống giác)
Bồn ngâm chân hồng ngoại LANAFORM LUXURY
Bút massage châm cứu huyệt đạo thông kinh lạc bằng xung điện 
Bộ giác hơi 12 ly không dùng lửa
Bình Oxy Mini Cầm Tay (Khí Sạch Đóng Chai)
Bộ giác hơi không dùng lửa Duy Thành YGH02 (Vali 15 ly giác hơi phiên bản 2020) - được bộ y tế cấp phép lưu hành an toàn cho sức khỏe | Fireless cupping therapy
Bộ Đổi Điện Omron Ac Adapter (Đen)
Máy Hút Mũi Cho Bé Tự Động Thông Minh 5 Cấp Độ Từ 1 – 6 Tuổi  WX-102
"Máy hút mũi cho bé hình chuối, 5 chế độ, đầu hút Silicon HM1"
"[Combo 1 Lốc ] 10 Chai Nước Muối Sinh Lý Natri Clorid 0, 9%"
Bình Rửa Mũi cho Bé và người Lớn Dung tích 300 và 500ml
"Bồn ngâm chân, massage đa năng Laica PC1018"
Combo 02 Hộp Miếng dán loại mụn cóc - Hộp 6 miếng
"Bồn ngâm chân massage cao cấp USA 6 con lăn tự động, vòi phun massage, Serenelife SLIFTSP12 nhập khẩu "
Bộ Tiện Dụng Vệ Sinh Mũi Rohto NoseWash Miniset: Bình Vệ Sinh Mũi Easy Shower + Bình Dung Dịch (150ml)
Gậy Gỗ Batoong Chống Cho Người Già Gậy Gỗ Tự Nhiên KH16
Đèn Hồng Ngoại Bayoka - Việt Nam ( Kèm bóng 250W)
"Nhiệt Ẩm Kế Tanita TT-513 đo nhiệt độ phòng, độ ẩm"
Kim Lấy Máu Máy Đường Huyết Đầu Tròn - 
Que Thử Đường Huyết Uright Dùng Cho Máy Đo Đường Huyết TD4265/4267 (25 Que)
Bồn ngâm chân hồng ngoại massage thư giãn trị liệu đa năng
Dụng cụ xịt rửa hậu môn size lớn
Que thử đường huyết Accuchek Active 50 (lọ 50 que)
Bộ Giác Hơi Không Dùng Lửa Duy Thành YGH01
Hộp 25 Que Thử Đường Huyết On Call Plus
Máy Đo Đường Huyết Ogcare - Tặng 1 Hộp Gồm 25 Que Thử
Hộp Chia Thuốc Cá Nhân 6 Ngăn Cao Cấp
Combo 12 ống giác hơi
Bộ Giác Hơi Không Dùng Lửa Duy Thành YGH03
gói 100 ống pipet nhựa 3ml
Bàn lăn gỗ massage chân 5x6
"Bộ Camera Nội Soi Đa Năng Có Đèn Trợ Sáng - Camera Lấy Ráy Soi Tai, Mũi, Họng Chuyên Nghiệp "
"Gậy chống 4 chân thấp Lucass B924 hỗ trợ đi lại cho người già, khả năng đi lại kém, chất liệu inox chắc chắn"
Dụng cụ đi tiểu cho người bệnh - Túi hỗ trợ đi tiểu nam nữ đều dùng được
Bộ Sản Phẩm Vệ Sinh Mũi Rohto Nosewash: Bình Vệ Sinh Mũi Easy Shower + Bình Dung Dịch (400ml)
Ghế bô vệ sinh có bánh xe - Hàng Tiêu Chuẩn bệnh viện
"Khung tập đi hỗ trợ cho người già, người khuyết tật"
"BÀN MASSAGE CHÂN, LĂN CHÂN GỖ LOẠI LỚN 26CMX26CM- MX26"
Nhiệt ẩm kế trong nhà Moaz bébé MB016
Bộ 5 Viên Đá Nóng Massage Ovan Trung
Bộ Giác Hơi Hút Chân Không Tiện Lợi GH12
Nạng Nách Nhôm
Hộp dụng cụ lấy ráy tai phát sáng và cắt móng tay inox Huohou HU0125
Máy Phun Ẩm Beurer LB44
Bàn lăn gỗ massage chân 3 hàng
"Dụng cụ hỗ trợ điều trị  tập lưng và cột sống, hỗ trợ thoát vị đĩa đệm"
Đồ bảo hộ y tế DaDa dùng 1 lần (bộ sản phẩm gồm 1 món áo liền thân)
Dụng cụ giảm đau thông minh
"Combo 20 Chai Nước Muối Sinh Lý Natri Clorid 0, 9%"
Bồn ngâm chân hồng ngoại gấp gọn LANAFORM HEAT & FOLD
Máy ngâm chân có chế độ massage 
Bộ Giác Hơi Không Dùng Lửa Duy Thành YGH04
gậy chống cho người già - gậy chống inox- gậy cho người lớn tuổi inox
Máy Massage Cầm Tay Đèn Hồng Ngoại Beurer MG70
Giác hơi 12 ly hộp vàng Ấn Độ
Dụng cụ massage ngón tay
Máy Trợ Thính Beurer HA50
Bộ Máy Cạo Gió Giác Hơi Toàn Thân Cao Cấp Thế Hệ Mới Cao Cấp - Hàng Chính Hãng
Thanh lăn đồng + lăn cầu sừng diện chẩn
máy hút mũi - A7
Nẹp ngón tay cái Dyna
Tủ Thuốc Treo Tường Đa Năng Tashuan TS-3231 - Hàng Chính Hãng
Dụng Cụ Nghiền Và Cắt Thuốc
Nạng nách inox
Khung tập đi có ghế ngồi có phanh giỏ đựng đồ LUCASS W14
Máy Massage Chân Thông Minh Cao Cấp 
Combo 2 Dụng Cụ Phân Liều Thuốc Màu Ngẫu Nhiên Gồm: 1 Phân Liều Thuốc Theo Ngày + 1 Phân Liều Thuốc Theo Tuần
CHẬU NGÂM CHÂN CỐT TRE TỰ NHIÊN (MÀU GHI)
"Gậy gấp gọn 3 khúc chống trượt có đèn Pin dùng người bị xương khớp, bong gân, chân yếu - NPD-GayGap-1636"
Đèn Gù Khám Bệnh Và Chiếu Tia Hồng Ngoại Chân Cao TNE (1.7m)
Máy trợ thính không dây xài pin F-138
"Máy Ngâm Chân thư giãn Massage K6, Sử Dụng Hệ Thống Sưởi PTC Thông Minh duy Trì Nhiệt Độ - Hàng Chính Hãng"
Túi y tế đen size L
Hộp Đựng Và Chia Thuốc 3 Ngăn
"Đai cố định cột sống thương hiệu Presitom, dùng cho người đau lưng thoát vị đĩa đệm, bệnh nhân vừa trải qua phẫu thuật, đau thần kinh toạ - Sản xuất từ những nguyên liệu ngoại nhập"
Dụng cụ massage chân TA-6Đx5  - Màu Nâu
Nút Bịt Tai Chống Ồn Và Ngáy Ngủ Antoine
Que Thử Đường Huyết Uright Dùng Cho Máy Đo Đường Huyết TD4265/4267 (50 Que)
"Bồn ngâm chân cao cấp, chức năng hồng ngoại, sủi bọt"
COMBO 2 HỘP ĐỰNG THUỐC 4 NGĂN HÌNH VIÊN THUỐC
Bộ Giác Hơi Hút Chân Không 10  Cốc Siêu Hot Không Dùng Lửa GH10
Dụng cụ cạo gió lớn diện chẩn
Máy Đo Khí Máu Và Nhịp Tim Cá Nhân Beurer PO30
Dụng cụ Diện Chẩn chữa đau nhức - Tặng kèm cao xoa Cúp Vàng 40gr
Máy Trợ Thính Dành Cho Mọi Lứa Tuổi Axon K-80
Đai Cổ Mềm Hỗ Trợ Cố Đinh Đốt Sống Cổ
Cây gãi và đấm lưng bằng gỗ bách xanh hai đầu GDL01
Bộ 10 Viên Đá Nóng Massage Ovan Trung
Bàn lăn gỗ massage đa năng 100
"Bộ Lấy Ráy Tai Có Đèn, Camera Mini, Camera Nội Soi Tai, Mũi, Họng Siêu Nét Đi Kèm Bộ Đầu Lấy Ráy Tai, Soi Tai Mũi Họng Chuyên Nghiệp"
Máy hút mũi cho bé + Tặng thêm 1 đầu hút Silicon
" Hộp 3 Đôi Nút Bịt Tai Chống Ồn Mack's Safe Sound Siêu Mềm, Siêu Chống Ồn #903-DOL"
Que Thử Đường Huyết Safe Accu Sinocare 50 Que + 50 Kim Chích Máu
Nhiệt Ẩm Kế Beurer HM 16
Bàn Lăn Chân Gỗ Massage 6 Hàng ( 31 X 24 X 10 Cm)
"Bồn Ngâm Chân, Massage Đa Năng Beurer FB50"
Bộ Giác Hơi Không Dùng Lửa Duy Thành YGH05 (6 ống giác)
Bồn ngâm chân hồng ngoại LANAFORM LUXURY
Bút massage châm cứu huyệt đạo thông kinh lạc bằng xung điện 
Bộ giác hơi 12 ly không dùng lửa
Bình Oxy Mini Cầm Tay (Khí Sạch Đóng Chai)
Bộ giác hơi không dùng lửa Duy Thành YGH02 (Vali 15 ly giác hơi phiên bản 2020) - được bộ y tế cấp phép lưu hành an toàn cho sức khỏe | Fireless cupping therapy
Bộ Đổi Điện Omron Ac Adapter (Đen)
Máy Hút Mũi Cho Bé Tự Động Thông Minh 5 Cấp Độ Từ 1 – 6 Tuổi  WX-102
"Máy hút mũi cho bé hình chuối, 5 chế độ, đầu hút Silicon HM1"
"[Combo 1 Lốc ] 10 Chai Nước Muối Sinh Lý Natri Clorid 0, 9%"
Bình Rửa Mũi cho Bé và người Lớn Dung tích 300 và 500ml
"Bồn ngâm chân, massage đa năng Laica PC1018"
Combo 02 Hộp Miếng dán loại mụn cóc - Hộp 6 miếng
"Bồn ngâm chân massage cao cấp USA 6 con lăn tự động, vòi phun massage, Serenelife SLIFTSP12 nhập khẩu "
Bộ Tiện Dụng Vệ Sinh Mũi Rohto NoseWash Miniset: Bình Vệ Sinh Mũi Easy Shower + Bình Dung Dịch (150ml)
Gậy Gỗ Batoong Chống Cho Người Già Gậy Gỗ Tự Nhiên KH16
Đèn Hồng Ngoại Bayoka - Việt Nam ( Kèm bóng 250W)
"Nhiệt Ẩm Kế Tanita TT-513 đo nhiệt độ phòng, độ ẩm"
Kim Lấy Máu Máy Đường Huyết Đầu Tròn - 
Que Thử Đường Huyết Uright Dùng Cho Máy Đo Đường Huyết TD4265/4267 (25 Que)
Bồn ngâm chân hồng ngoại massage thư giãn trị liệu đa năng
Dụng cụ xịt rửa hậu môn size lớn
Que thử đường huyết Accuchek Active 50 (lọ 50 que)
Bộ Giác Hơi Không Dùng Lửa Duy Thành YGH01
Hộp 25 Que Thử Đường Huyết On Call Plus
Máy Đo Đường Huyết Ogcare - Tặng 1 Hộp Gồm 25 Que Thử
Hộp Chia Thuốc Cá Nhân 6 Ngăn Cao Cấp
Combo 12 ống giác hơi
Bộ Giác Hơi Không Dùng Lửa Duy Thành YGH03
gói 100 ống pipet nhựa 3ml
Bàn lăn gỗ massage chân 5x6
"Bộ Camera Nội Soi Đa Năng Có Đèn Trợ Sáng - Camera Lấy Ráy Soi Tai, Mũi, Họng Chuyên Nghiệp "
"Gậy chống 4 chân thấp Lucass B924 hỗ trợ đi lại cho người già, khả năng đi lại kém, chất liệu inox chắc chắn"
Dụng cụ đi tiểu cho người bệnh - Túi hỗ trợ đi tiểu nam nữ đều dùng được
Bộ Sản Phẩm Vệ Sinh Mũi Rohto Nosewash: Bình Vệ Sinh Mũi Easy Shower + Bình Dung Dịch (400ml)
Ghế bô vệ sinh có bánh xe - Hàng Tiêu Chuẩn bệnh viện
"Khung tập đi hỗ trợ cho người già, người khuyết tật"
"BÀN MASSAGE CHÂN, LĂN CHÂN GỖ LOẠI LỚN 26CMX26CM- MX26"
Nhiệt ẩm kế trong nhà Moaz bébé MB016
Bộ 5 Viên Đá Nóng Massage Ovan Trung
Bộ Giác Hơi Hút Chân Không Tiện Lợi GH12
"Bộ Lấy Ráy Tai Có Đèn, Camera Mini, Camera Nội Soi Tai, Mũi, Họng Siêu Nét Đi Kèm Bộ Đầu Lấy Ráy Tai, Soi Tai Mũi Họng Chuyên Nghiệp"
Máy hút mũi cho bé + Tặng thêm 1 đầu hút Silicon
" Hộp 3 Đôi Nút Bịt Tai Chống Ồn Mack's Safe Sound Siêu Mềm, Siêu Chống Ồn #903-DOL"
Que Thử Đường Huyết Safe Accu Sinocare 50 Que + 50 Kim Chích Máu
Nhiệt Ẩm Kế Beurer HM 16
Bàn Lăn Chân Gỗ Massage 6 Hàng ( 31 X 24 X 10 Cm)
"Bồn Ngâm Chân, Massage Đa Năng Beurer FB50"
Bộ Giác Hơi Không Dùng Lửa Duy Thành YGH05 (6 ống giác)
Bồn ngâm chân hồng ngoại LANAFORM LUXURY
Bút massage châm cứu huyệt đạo thông kinh lạc bằng xung điện 
Bộ giác hơi 12 ly không dùng lửa
Bình Oxy Mini Cầm Tay (Khí Sạch Đóng Chai)
Bộ giác hơi không dùng lửa Duy Thành YGH02 (Vali 15 ly giác hơi phiên bản 2020) - được bộ y tế cấp phép lưu hành an toàn cho sức khỏe | Fireless cupping therapy
Bộ Đổi Điện Omron Ac Adapter (Đen)
Máy Hút Mũi Cho Bé Tự Động Thông Minh 5 Cấp Độ Từ 1 – 6 Tuổi  WX-102
"Máy hút mũi cho bé hình chuối, 5 chế độ, đầu hút Silicon HM1"
"[Combo 1 Lốc ] 10 Chai Nước Muối Sinh Lý Natri Clorid 0, 9%"
Bình Rửa Mũi cho Bé và người Lớn Dung tích 300 và 500ml
"Bồn ngâm chân, massage đa năng Laica PC1018"
Combo 02 Hộp Miếng dán loại mụn cóc - Hộp 6 miếng
"Bồn ngâm chân massage cao cấp USA 6 con lăn tự động, vòi phun massage, Serenelife SLIFTSP12 nhập khẩu "
Bộ Tiện Dụng Vệ Sinh Mũi Rohto NoseWash Miniset: Bình Vệ Sinh Mũi Easy Shower + Bình Dung Dịch (150ml)
Gậy Gỗ Batoong Chống Cho Người Già Gậy Gỗ Tự Nhiên KH16
Đèn Hồng Ngoại Bayoka - Việt Nam ( Kèm bóng 250W)
"Nhiệt Ẩm Kế Tanita TT-513 đo nhiệt độ phòng, độ ẩm"
Kim Lấy Máu Máy Đường Huyết Đầu Tròn - 
Que Thử Đường Huyết Uright Dùng Cho Máy Đo Đường Huyết TD4265/4267 (25 Que)
Bồn ngâm chân hồng ngoại massage thư giãn trị liệu đa năng
Dụng cụ xịt rửa hậu môn size lớn
Que thử đường huyết Accuchek Active 50 (lọ 50 que)
Bộ Giác Hơi Không Dùng Lửa Duy Thành YGH01
Hộp 25 Que Thử Đường Huyết On Call Plus
Máy Đo Đường Huyết Ogcare - Tặng 1 Hộp Gồm 25 Que Thử
Hộp Chia Thuốc Cá Nhân 6 Ngăn Cao Cấp
Combo 12 ống giác hơi
Bộ Giác Hơi Không Dùng Lửa Duy Thành YGH03
gói 100 ống pipet nhựa 3ml
Bàn lăn gỗ massage chân 5x6
"Bộ Camera Nội Soi Đa Năng Có Đèn Trợ Sáng - Camera Lấy Ráy Soi Tai, Mũi, Họng Chuyên Nghiệp "
"Gậy chống 4 chân thấp Lucass B924 hỗ trợ đi lại cho người già, khả năng đi lại kém, chất liệu inox chắc chắn"
Dụng cụ đi tiểu cho người bệnh - Túi hỗ trợ đi tiểu nam nữ đều dùng được
Bộ Sản Phẩm Vệ Sinh Mũi Rohto Nosewash: Bình Vệ Sinh Mũi Easy Shower + Bình Dung Dịch (400ml)
Ghế bô vệ sinh có bánh xe - Hàng Tiêu Chuẩn bệnh viện
"Khung tập đi hỗ trợ cho người già, người khuyết tật"
"BÀN MASSAGE CHÂN, LĂN CHÂN GỖ LOẠI LỚN 26CMX26CM- MX26"
Nhiệt ẩm kế trong nhà Moaz bébé MB016
Bộ 5 Viên Đá Nóng Massage Ovan Trung
Bộ Giác Hơi Hút Chân Không Tiện Lợi GH12
Băng thun bảo vệ đầu gối
Nút Bịt Tai Chống Ồn Kháng Nước MACK'S
Bịt Mắt Ngủ/Bịt Tai
Bộ Bịt Mắt Ngủ 3D + Bịt Tai
Bộ dụng cụ diện chẩn thẩm mỹ (11 món)
Dụng cụ diện chẩn DÒ ĐỒNG
Dụng Cụ Massage Bam
"Xe lăn cao cấp đa năng Lucass X607 ngả nằm có bô, thắng và 2 bánh xe chống lật "
Khung tập đi bánh xe lớn Lucass W57
"Gối Massage Hồng Ngoại 8 Bi giải tỏa căng thẳng, trị liệu cổ, vai, cột sống lưng - NTP-575-GoiMatXa8bi"
Bồn ngâm chân hồng ngoại LANAFORM LUXURY + Tặng Nhiệt Kế Điện Tử Đầu Mềm Medilife ( hình thú ngẫu nhiên )
Túi y tế đen size M
"Nẹp gối Medi Knee Support 603 - Bảo vệ khớp gối, giảm đau  phù nề do thoái hóa khớp"
Combo máy đo đường huyết Accu-chek Instant mmol/L
Thanh lăn cầu gai đinh đôi diện chẩn
Hít đôi sừng lớn diện chẩn
Máy Trợ Thính Rionet HA 20DX
"Đai Nẹp Cổ Cứng - Cố Định, Hỗ Trợ Chứng Thoái Hóa Đốt Sống Hoặc Chấn Thương Vùng Cổ - Mẫu Thiết Kế Mới Nhất - Thoáng Khí, Bền Đẹp"
"Máy massage Giác hơi tốt cho sức khỏe giảm béo, tan mỡ Pin sạc - Máy matxa AGD 9611"
Máy hút dịch mũi B.Well Swiss WC-150 - [Hàng Thụy Sĩ]
Máy massage cổ SKG bản nội địa
"Đá muối Massage chân - Cải thiện sức khỏe, thư giãn tinh thần (20x20 cm)"
Nẹp ngón tay Dyna Stack
Khung tập đi bánh lớn W57
Bô đi tiểu nam
Túi Chườm Mắt Giảm Thâm Nhăn Vùng Mắt 
Bi lăn tay hạt gỗ Hương - 5cm ( hình thật ) (2 viên)
Que Thử Dành Cho Máy Đo Đường Huyết GL42 Beurer TESTGL42
Bịt Mắt Ngủ 3D OEM
Gậy batoong gỗ hương cho người già
"Nước muối xịt mũi Nebusal Spray Baby 1,9% giảm ngạt mũi, chảy nước mũi, viêm mũi dị ứng, vệ sinh mũi cho trẻ từ 3 tháng tuổi (50ml)"
"Đai Cổ - Đai Nẹp Cổ Mềm C100- Hỗ Trợ Bong Gân, Tật Vẹo Cổ, Thoái Hóa, Viêm Đốt Sống Cổ"
Giác hơi loại B
Ống hút mụn - Combo 5 ống
Thanh cào 2 đầu lớn nhỏ diện chẩn
Miếng Dán Chống Muỗi Mosquitan (24 Miếng)
Túi y tế đỏ size L
Máy Tạo Tiếng Ồn Trắng Ru Trẻ Ngủ - giao màu ngẫu nhiên - hàng nhập khẩu
Máy massage mắt Maxcare Max585
Khung định hình cột sống
Xe Lăn Hỗ Trợ Đi Lại - Khung Nhôm X63L- Có Thắng Tay
Nút Bịt Tai Silicon Chống Nước MACK'S
Dụng Cụ Diện chẩn Lăn Đồng + Cào
"Bút châm cứu 3 đầu điều trị Đau cơ xương khớp, đau nhức do phong thấp, Đau khớp, Đau lưng, Đau bụng, Đau thần kinh, Đau thắt lưng và lưng, Đau vai, Đau cổ và đau chân,…+ Tăng kèm pin+ tặng quà ngẫu nhiên "
Ống tắt ngãi cứu diện chẩn
Máy trợ thính siêu nhỏ lỗ tai Mimitakara (JAPAN) DP-6SY5
Bàn lăn gỗ massage chân 4 hàng
Búa diện chẩn dẹp loại lớn
"Bộ Lấy Ráy Tai Có Đèn, Camera Mini, Camera Nội Soi Tai, Mũi, Họng Siêu Nét Đi Kèm Bộ Đầu Lấy Ráy Tai, Soi Tai Mũi Họng Chuyên Nghiệp"
Máy hút mũi cho bé + Tặng thêm 1 đầu hút Silicon
" Hộp 3 Đôi Nút Bịt Tai Chống Ồn Mack's Safe Sound Siêu Mềm, Siêu Chống Ồn #903-DOL"
Que Thử Đường Huyết Safe Accu Sinocare 50 Que + 50 Kim Chích Máu
Nhiệt Ẩm Kế Beurer HM 16
Bàn Lăn Chân Gỗ Massage 6 Hàng ( 31 X 24 X 10 Cm)
"Bồn Ngâm Chân, Massage Đa Năng Beurer FB50"
Bộ Giác Hơi Không Dùng Lửa Duy Thành YGH05 (6 ống giác)
Bồn ngâm chân hồng ngoại LANAFORM LUXURY
Bút massage châm cứu huyệt đạo thông kinh lạc bằng xung điện 
Bộ giác hơi 12 ly không dùng lửa
Bình Oxy Mini Cầm Tay (Khí Sạch Đóng Chai)
Bộ giác hơi không dùng lửa Duy Thành YGH02 (Vali 15 ly giác hơi phiên bản 2020) - được bộ y tế cấp phép lưu hành an toàn cho sức khỏe | Fireless cupping therapy
Bộ Đổi Điện Omron Ac Adapter (Đen)
Máy Hút Mũi Cho Bé Tự Động Thông Minh 5 Cấp Độ Từ 1 – 6 Tuổi  WX-102
"Máy hút mũi cho bé hình chuối, 5 chế độ, đầu hút Silicon HM1"
"[Combo 1 Lốc ] 10 Chai Nước Muối Sinh Lý Natri Clorid 0, 9%"
Bình Rửa Mũi cho Bé và người Lớn Dung tích 300 và 500ml
"Bồn ngâm chân, massage đa năng Laica PC1018"
Combo 02 Hộp Miếng dán loại mụn cóc - Hộp 6 miếng
"Bồn ngâm chân massage cao cấp USA 6 con lăn tự động, vòi phun massage, Serenelife SLIFTSP12 nhập khẩu "
Bộ Tiện Dụng Vệ Sinh Mũi Rohto NoseWash Miniset: Bình Vệ Sinh Mũi Easy Shower + Bình Dung Dịch (150ml)
Gậy Gỗ Batoong Chống Cho Người Già Gậy Gỗ Tự Nhiên KH16
Đèn Hồng Ngoại Bayoka - Việt Nam ( Kèm bóng 250W)
"Nhiệt Ẩm Kế Tanita TT-513 đo nhiệt độ phòng, độ ẩm"
Kim Lấy Máu Máy Đường Huyết Đầu Tròn - 
Que Thử Đường Huyết Uright Dùng Cho Máy Đo Đường Huyết TD4265/4267 (25 Que)
Bồn ngâm chân hồng ngoại massage thư giãn trị liệu đa năng
Dụng cụ xịt rửa hậu môn size lớn
Que thử đường huyết Accuchek Active 50 (lọ 50 que)
Bộ Giác Hơi Không Dùng Lửa Duy Thành YGH01
Hộp 25 Que Thử Đường Huyết On Call Plus
Máy Đo Đường Huyết Ogcare - Tặng 1 Hộp Gồm 25 Que Thử
Hộp Chia Thuốc Cá Nhân 6 Ngăn Cao Cấp
Combo 12 ống giác hơi
Bộ Giác Hơi Không Dùng Lửa Duy Thành YGH03
gói 100 ống pipet nhựa 3ml
Bàn lăn gỗ massage chân 5x6
"Bộ Camera Nội Soi Đa Năng Có Đèn Trợ Sáng - Camera Lấy Ráy Soi Tai, Mũi, Họng Chuyên Nghiệp "
"Gậy chống 4 chân thấp Lucass B924 hỗ trợ đi lại cho người già, khả năng đi lại kém, chất liệu inox chắc chắn"
Dụng cụ đi tiểu cho người bệnh - Túi hỗ trợ đi tiểu nam nữ đều dùng được
Bộ Sản Phẩm Vệ Sinh Mũi Rohto Nosewash: Bình Vệ Sinh Mũi Easy Shower + Bình Dung Dịch (400ml)
Ghế bô vệ sinh có bánh xe - Hàng Tiêu Chuẩn bệnh viện
"Khung tập đi hỗ trợ cho người già, người khuyết tật"
"BÀN MASSAGE CHÂN, LĂN CHÂN GỖ LOẠI LỚN 26CMX26CM- MX26"
Nhiệt ẩm kế trong nhà Moaz bébé MB016
Bộ 5 Viên Đá Nóng Massage Ovan Trung
Bộ Giác Hơi Hút Chân Không Tiện Lợi GH12
"Bộ Lấy Ráy Tai Có Đèn, Camera Mini, Camera Nội Soi Tai, Mũi, Họng Siêu Nét Đi Kèm Bộ Đầu Lấy Ráy Tai, Soi Tai Mũi Họng Chuyên Nghiệp"
Máy hút mũi cho bé + Tặng thêm 1 đầu hút Silicon
" Hộp 3 Đôi Nút Bịt Tai Chống Ồn Mack's Safe Sound Siêu Mềm, Siêu Chống Ồn #903-DOL"
Que Thử Đường Huyết Safe Accu Sinocare 50 Que + 50 Kim Chích Máu
Nhiệt Ẩm Kế Beurer HM 16
Bàn Lăn Chân Gỗ Massage 6 Hàng ( 31 X 24 X 10 Cm)
"Bồn Ngâm Chân, Massage Đa Năng Beurer FB50"
Bộ Giác Hơi Không Dùng Lửa Duy Thành YGH05 (6 ống giác)
Bồn ngâm chân hồng ngoại LANAFORM LUXURY
Bút massage châm cứu huyệt đạo thông kinh lạc bằng xung điện 
Bộ giác hơi 12 ly không dùng lửa
Bình Oxy Mini Cầm Tay (Khí Sạch Đóng Chai)
Bộ giác hơi không dùng lửa Duy Thành YGH02 (Vali 15 ly giác hơi phiên bản 2020) - được bộ y tế cấp phép lưu hành an toàn cho sức khỏe | Fireless cupping therapy
Bộ Đổi Điện Omron Ac Adapter (Đen)
Máy Hút Mũi Cho Bé Tự Động Thông Minh 5 Cấp Độ Từ 1 – 6 Tuổi  WX-102
"Máy hút mũi cho bé hình chuối, 5 chế độ, đầu hút Silicon HM1"
"[Combo 1 Lốc ] 10 Chai Nước Muối Sinh Lý Natri Clorid 0, 9%"
Bình Rửa Mũi cho Bé và người Lớn Dung tích 300 và 500ml
"Bồn ngâm chân, massage đa năng Laica PC1018"
Combo 02 Hộp Miếng dán loại mụn cóc - Hộp 6 miếng
"Bồn ngâm chân massage cao cấp USA 6 con lăn tự động, vòi phun massage, Serenelife SLIFTSP12 nhập khẩu "
Bộ Tiện Dụng Vệ Sinh Mũi Rohto NoseWash Miniset: Bình Vệ Sinh Mũi Easy Shower + Bình Dung Dịch (150ml)
Gậy Gỗ Batoong Chống Cho Người Già Gậy Gỗ Tự Nhiên KH16
Đèn Hồng Ngoại Bayoka - Việt Nam ( Kèm bóng 250W)
"Nhiệt Ẩm Kế Tanita TT-513 đo nhiệt độ phòng, độ ẩm"
Kim Lấy Máu Máy Đường Huyết Đầu Tròn - 
Que Thử Đường Huyết Uright Dùng Cho Máy Đo Đường Huyết TD4265/4267 (25 Que)
Bồn ngâm chân hồng ngoại massage thư giãn trị liệu đa năng
Dụng cụ xịt rửa hậu môn size lớn
Que thử đường huyết Accuchek Active 50 (lọ 50 que)
Bộ Giác Hơi Không Dùng Lửa Duy Thành YGH01
Hộp 25 Que Thử Đường Huyết On Call Plus
Máy Đo Đường Huyết Ogcare - Tặng 1 Hộp Gồm 25 Que Thử
Hộp Chia Thuốc Cá Nhân 6 Ngăn Cao Cấp
Combo 12 ống giác hơi
Bộ Giác Hơi Không Dùng Lửa Duy Thành YGH03
gói 100 ống pipet nhựa 3ml
Bàn lăn gỗ massage chân 5x6
"Bộ Camera Nội Soi Đa Năng Có Đèn Trợ Sáng - Camera Lấy Ráy Soi Tai, Mũi, Họng Chuyên Nghiệp "
"Gậy chống 4 chân thấp Lucass B924 hỗ trợ đi lại cho người già, khả năng đi lại kém, chất liệu inox chắc chắn"
Dụng cụ đi tiểu cho người bệnh - Túi hỗ trợ đi tiểu nam nữ đều dùng được
Bộ Sản Phẩm Vệ Sinh Mũi Rohto Nosewash: Bình Vệ Sinh Mũi Easy Shower + Bình Dung Dịch (400ml)
Ghế bô vệ sinh có bánh xe - Hàng Tiêu Chuẩn bệnh viện
"Khung tập đi hỗ trợ cho người già, người khuyết tật"
"BÀN MASSAGE CHÂN, LĂN CHÂN GỖ LOẠI LỚN 26CMX26CM- MX26"
Nhiệt ẩm kế trong nhà Moaz bébé MB016
Bộ 5 Viên Đá Nóng Massage Ovan Trung
Bộ Giác Hơi Hút Chân Không Tiện Lợi GH12
Hộp inox chữ nhật Vita số 2 23 x 11 x 5
Hộp inox chữ nhật Vita số 4 16 x 7 x 3
Bồn Massage Chân LAICA PC1301
Dụng cụ massage chân 360 độ 8 viên bi
Xe lăn thường Lucass X-97
Xe lăn có bô LUCASS X8
Bộ Giác Hơi Hút Chân Không 10 Cốc Không Dùng Lửa Nhỏ Gọn Tiện Lợi - Trắng Xanh
Hộp inox chữ nhật Vita số 3 19 x 9 x 4
Bộ 27 Viên Đá Nóng Massage - Đá Núi Lửa Massage
Máy tạo oxy 7F-5 Yuwell
Dụng Cụ Bấm Huyệt Chày Sừng Màu Loại 1
Máy trợ thính không dây xài pin XM-909E - New
Dụng Cụ Massage chân bằng nhựa
Nạng Khủy Tay Cao Cấp
Bảng Đèn Thử Thị Lực Chữ ZU Led Inox TNE
BÁT NGÂM TAY CỐT TRE TỰ NHIÊN - MÀU TRẮNG (18x08CM)
Đai đầu gối hở vùng bánh chè Dyna 
Xe lăn hợp kim nhôm Lucass X63 
Xe Tiêm 3 Tầng Inox 65x40x85cm
Thiết bị đo nhiệt độ và độ ẩm Xiaomi
"Máy Nắn Chỉnh Cột Sống Nhiệt Hồng Ngoại - Hỗ Trợ Đau Lưng, Đau Mỏi Vai Gáy - Tặng Kèm Đai Nẹp Cổ - Hàng Cao Cấp"
Thanh lăn đồng láng lớn diện chẩn
Máy Hút Ẩm Beurer LE60
Máy Trợ Thính Dành Cho Mọi Lứa Tuổi X-136 Cao Cấp
BÔ CHẬU NGÂM CHÂN CỐT TRE TỰ NHIÊN MÀU TRE
Combo súng giác hơi và dây tự giác
Que Thử Đường Huyết Cho Máy Đo Đường Huyết Omron HGM-111 và HGM-112 (HGM-STP1A-B25) - 100554057
"Xịt Khử Trùng Hoco Cồn Sát Trùng Phun, Tỷ Lệ Khử Trùng 99,9% - Hàng Chính Hãng"
Dụng cụ diện chẩn LĂN GAI ĐƠN
Thiết Bị Massage Trị Liệu Beurer MG150
Hộp Inox Tròn Đựng Gòn
"Máy Xông Họng, Khí Dung Beurer IH18"
Mâm inox 17 x 22 x 2 Vita
Dụng Cụ Massage Chân Bằng Gỗ 6 Hàng Đại Toàn Anh Sport TA-6D
Dụng cụ diện chẩn LĂN ĐỒNG ĐƠN LỚN
Bộ Giác Hơi Hút Chân Không 12 Cốc Không Dùng Lửa Tiện Dụng GH12
Đai cố định đầu gối Dyna Genu
Hộp Đèn Đá Muối Phẳng Massage
Xe lăn có phanh Lucass X75J
Máy Đo Nồng Độ Oxy Trong Máu (SPO2) Và Nhịp Tim Lanaform S1 LA090402
Máy cạo gió giác hơi điện tử gọn nhẹ tiện lợi có thể sử dụng để massage thư giản và còn là dụng cụ đánh tan mỡ dư thừa 
Đai đầu gối | Đai đầu gối cao cấp Genugrip 
Mâm inox 13 x 22 x 2 Vita
Máy Massage Mắt Cầm Tay Tiện Dụng
"Bồn ngâm chân đa năng cao cấp USA ,HoMedics Luxury Foot Spa ,con lăn massage tự động 2 in 1, cài đặt nhiệt độ ngâm, nhập khẩu USA"
Combo Máy Massage Cầm Tay Đèn Hồng Ngoại Beurer MG55 ( có đèn soi tai )
Bộ 8 Viên Đá Massage Kẹp Chân
Bi lăn tay gỗ trắc - 5 cm
"Bộ Lấy Ráy Tai Có Đèn, Camera Mini, Camera Nội Soi Tai, Mũi, Họng Siêu Nét Đi Kèm Bộ Đầu Lấy Ráy Tai, Soi Tai Mũi Họng Chuyên Nghiệp"
Máy hút mũi cho bé + Tặng thêm 1 đầu hút Silicon
" Hộp 3 Đôi Nút Bịt Tai Chống Ồn Mack's Safe Sound Siêu Mềm, Siêu Chống Ồn #903-DOL"
Que Thử Đường Huyết Safe Accu Sinocare 50 Que + 50 Kim Chích Máu
Nhiệt Ẩm Kế Beurer HM 16
Bàn Lăn Chân Gỗ Massage 6 Hàng ( 31 X 24 X 10 Cm)
"Bồn Ngâm Chân, Massage Đa Năng Beurer FB50"
Bộ Giác Hơi Không Dùng Lửa Duy Thành YGH05 (6 ống giác)
Bồn ngâm chân hồng ngoại LANAFORM LUXURY
Bút massage châm cứu huyệt đạo thông kinh lạc bằng xung điện 
Bộ giác hơi 12 ly không dùng lửa
Bình Oxy Mini Cầm Tay (Khí Sạch Đóng Chai)
Bộ giác hơi không dùng lửa Duy Thành YGH02 (Vali 15 ly giác hơi phiên bản 2020) - được bộ y tế cấp phép lưu hành an toàn cho sức khỏe | Fireless cupping therapy
Bộ Đổi Điện Omron Ac Adapter (Đen)
Máy Hút Mũi Cho Bé Tự Động Thông Minh 5 Cấp Độ Từ 1 – 6 Tuổi  WX-102
"Máy hút mũi cho bé hình chuối, 5 chế độ, đầu hút Silicon HM1"
"[Combo 1 Lốc ] 10 Chai Nước Muối Sinh Lý Natri Clorid 0, 9%"
Bình Rửa Mũi cho Bé và người Lớn Dung tích 300 và 500ml
"Bồn ngâm chân, massage đa năng Laica PC1018"
Combo 02 Hộp Miếng dán loại mụn cóc - Hộp 6 miếng
"Bồn ngâm chân massage cao cấp USA 6 con lăn tự động, vòi phun massage, Serenelife SLIFTSP12 nhập khẩu "
Bộ Tiện Dụng Vệ Sinh Mũi Rohto NoseWash Miniset: Bình Vệ Sinh Mũi Easy Shower + Bình Dung Dịch (150ml)
Gậy Gỗ Batoong Chống Cho Người Già Gậy Gỗ Tự Nhiên KH16
Đèn Hồng Ngoại Bayoka - Việt Nam ( Kèm bóng 250W)
"Nhiệt Ẩm Kế Tanita TT-513 đo nhiệt độ phòng, độ ẩm"
Kim Lấy Máu Máy Đường Huyết Đầu Tròn - 
Que Thử Đường Huyết Uright Dùng Cho Máy Đo Đường Huyết TD4265/4267 (25 Que)
Bồn ngâm chân hồng ngoại massage thư giãn trị liệu đa năng
Dụng cụ xịt rửa hậu môn size lớn
Que thử đường huyết Accuchek Active 50 (lọ 50 que)
Bộ Giác Hơi Không Dùng Lửa Duy Thành YGH01
Hộp 25 Que Thử Đường Huyết On Call Plus
Máy Đo Đường Huyết Ogcare - Tặng 1 Hộp Gồm 25 Que Thử
Hộp Chia Thuốc Cá Nhân 6 Ngăn Cao Cấp
Combo 12 ống giác hơi
Bộ Giác Hơi Không Dùng Lửa Duy Thành YGH03
gói 100 ống pipet nhựa 3ml
Bàn lăn gỗ massage chân 5x6
"Bộ Camera Nội Soi Đa Năng Có Đèn Trợ Sáng - Camera Lấy Ráy Soi Tai, Mũi, Họng Chuyên Nghiệp "
"Gậy chống 4 chân thấp Lucass B924 hỗ trợ đi lại cho người già, khả năng đi lại kém, chất liệu inox chắc chắn"
Dụng cụ đi tiểu cho người bệnh - Túi hỗ trợ đi tiểu nam nữ đều dùng được
Bộ Sản Phẩm Vệ Sinh Mũi Rohto Nosewash: Bình Vệ Sinh Mũi Easy Shower + Bình Dung Dịch (400ml)
Ghế bô vệ sinh có bánh xe - Hàng Tiêu Chuẩn bệnh viện
"Khung tập đi hỗ trợ cho người già, người khuyết tật"
"BÀN MASSAGE CHÂN, LĂN CHÂN GỖ LOẠI LỚN 26CMX26CM- MX26"
Nhiệt ẩm kế trong nhà Moaz bébé MB016
Bộ 5 Viên Đá Nóng Massage Ovan Trung
Bộ Giác Hơi Hút Chân Không Tiện Lợi GH12
"Bộ Lấy Ráy Tai Có Đèn, Camera Mini, Camera Nội Soi Tai, Mũi, Họng Siêu Nét Đi Kèm Bộ Đầu Lấy Ráy Tai, Soi Tai Mũi Họng Chuyên Nghiệp"
Máy hút mũi cho bé + Tặng thêm 1 đầu hút Silicon
" Hộp 3 Đôi Nút Bịt Tai Chống Ồn Mack's Safe Sound Siêu Mềm, Siêu Chống Ồn #903-DOL"
Que Thử Đường Huyết Safe Accu Sinocare 50 Que + 50 Kim Chích Máu
Nhiệt Ẩm Kế Beurer HM 16
Bàn Lăn Chân Gỗ Massage 6 Hàng ( 31 X 24 X 10 Cm)
"Bồn Ngâm Chân, Massage Đa Năng Beurer FB50"
Bộ Giác Hơi Không Dùng Lửa Duy Thành YGH05 (6 ống giác)
Bồn ngâm chân hồng ngoại LANAFORM LUXURY
Bút massage châm cứu huyệt đạo thông kinh lạc bằng xung điện 
Bộ giác hơi 12 ly không dùng lửa
Bình Oxy Mini Cầm Tay (Khí Sạch Đóng Chai)
Bộ giác hơi không dùng lửa Duy Thành YGH02 (Vali 15 ly giác hơi phiên bản 2020) - được bộ y tế cấp phép lưu hành an toàn cho sức khỏe | Fireless cupping therapy
Bộ Đổi Điện Omron Ac Adapter (Đen)
Máy Hút Mũi Cho Bé Tự Động Thông Minh 5 Cấp Độ Từ 1 – 6 Tuổi  WX-102
"Máy hút mũi cho bé hình chuối, 5 chế độ, đầu hút Silicon HM1"
"[Combo 1 Lốc ] 10 Chai Nước Muối Sinh Lý Natri Clorid 0, 9%"
Bình Rửa Mũi cho Bé và người Lớn Dung tích 300 và 500ml
"Bồn ngâm chân, massage đa năng Laica PC1018"
Combo 02 Hộp Miếng dán loại mụn cóc - Hộp 6 miếng
"Bồn ngâm chân massage cao cấp USA 6 con lăn tự động, vòi phun massage, Serenelife SLIFTSP12 nhập khẩu "
Bộ Tiện Dụng Vệ Sinh Mũi Rohto NoseWash Miniset: Bình Vệ Sinh Mũi Easy Shower + Bình Dung Dịch (150ml)
Gậy Gỗ Batoong Chống Cho Người Già Gậy Gỗ Tự Nhiên KH16
Đèn Hồng Ngoại Bayoka - Việt Nam ( Kèm bóng 250W)
"Nhiệt Ẩm Kế Tanita TT-513 đo nhiệt độ phòng, độ ẩm"
Kim Lấy Máu Máy Đường Huyết Đầu Tròn - 
Que Thử Đường Huyết Uright Dùng Cho Máy Đo Đường Huyết TD4265/4267 (25 Que)
Bồn ngâm chân hồng ngoại massage thư giãn trị liệu đa năng
Dụng cụ xịt rửa hậu môn size lớn
Que thử đường huyết Accuchek Active 50 (lọ 50 que)
Bộ Giác Hơi Không Dùng Lửa Duy Thành YGH01
Hộp 25 Que Thử Đường Huyết On Call Plus
Máy Đo Đường Huyết Ogcare - Tặng 1 Hộp Gồm 25 Que Thử
Hộp Chia Thuốc Cá Nhân 6 Ngăn Cao Cấp
Combo 12 ống giác hơi
Bộ Giác Hơi Không Dùng Lửa Duy Thành YGH03
gói 100 ống pipet nhựa 3ml
Bàn lăn gỗ massage chân 5x6
"Bộ Camera Nội Soi Đa Năng Có Đèn Trợ Sáng - Camera Lấy Ráy Soi Tai, Mũi, Họng Chuyên Nghiệp "
"Gậy chống 4 chân thấp Lucass B924 hỗ trợ đi lại cho người già, khả năng đi lại kém, chất liệu inox chắc chắn"
Dụng cụ đi tiểu cho người bệnh - Túi hỗ trợ đi tiểu nam nữ đều dùng được
Bộ Sản Phẩm Vệ Sinh Mũi Rohto Nosewash: Bình Vệ Sinh Mũi Easy Shower + Bình Dung Dịch (400ml)
Ghế bô vệ sinh có bánh xe - Hàng Tiêu Chuẩn bệnh viện
"Khung tập đi hỗ trợ cho người già, người khuyết tật"
"BÀN MASSAGE CHÂN, LĂN CHÂN GỖ LOẠI LỚN 26CMX26CM- MX26"
Nhiệt ẩm kế trong nhà Moaz bébé MB016
Bộ 5 Viên Đá Nóng Massage Ovan Trung
Bộ Giác Hơi Hút Chân Không Tiện Lợi GH12
"Bộ Lấy Ráy Tai Có Đèn, Camera Mini, Camera Nội Soi Tai, Mũi, Họng Siêu Nét Đi Kèm Bộ Đầu Lấy Ráy Tai, Soi Tai Mũi Họng Chuyên Nghiệp"
Máy hút mũi cho bé + Tặng thêm 1 đầu hút Silicon
" Hộp 3 Đôi Nút Bịt Tai Chống Ồn Mack's Safe Sound Siêu Mềm, Siêu Chống Ồn #903-DOL"
Que Thử Đường Huyết Safe Accu Sinocare 50 Que + 50 Kim Chích Máu
Nhiệt Ẩm Kế Beurer HM 16
Bàn Lăn Chân Gỗ Massage 6 Hàng ( 31 X 24 X 10 Cm)
"Bồn Ngâm Chân, Massage Đa Năng Beurer FB50"
Bộ Giác Hơi Không Dùng Lửa Duy Thành YGH05 (6 ống giác)
Bồn ngâm chân hồng ngoại LANAFORM LUXURY
Bút massage châm cứu huyệt đạo thông kinh lạc bằng xung điện 
Bộ giác hơi 12 ly không dùng lửa
Bình Oxy Mini Cầm Tay (Khí Sạch Đóng Chai)
Bộ giác hơi không dùng lửa Duy Thành YGH02 (Vali 15 ly giác hơi phiên bản 2020) - được bộ y tế cấp phép lưu hành an toàn cho sức khỏe | Fireless cupping therapy
Bộ Đổi Điện Omron Ac Adapter (Đen)
Máy Hút Mũi Cho Bé Tự Động Thông Minh 5 Cấp Độ Từ 1 – 6 Tuổi  WX-102
"Máy hút mũi cho bé hình chuối, 5 chế độ, đầu hút Silicon HM1"
"[Combo 1 Lốc ] 10 Chai Nước Muối Sinh Lý Natri Clorid 0, 9%"
Bình Rửa Mũi cho Bé và người Lớn Dung tích 300 và 500ml
"Bồn ngâm chân, massage đa năng Laica PC1018"
Combo 02 Hộp Miếng dán loại mụn cóc - Hộp 6 miếng
"Bồn ngâm chân massage cao cấp USA 6 con lăn tự động, vòi phun massage, Serenelife SLIFTSP12 nhập khẩu "
Bộ Tiện Dụng Vệ Sinh Mũi Rohto NoseWash Miniset: Bình Vệ Sinh Mũi Easy Shower + Bình Dung Dịch (150ml)
Gậy Gỗ Batoong Chống Cho Người Già Gậy Gỗ Tự Nhiên KH16
Đèn Hồng Ngoại Bayoka - Việt Nam ( Kèm bóng 250W)
"Nhiệt Ẩm Kế Tanita TT-513 đo nhiệt độ phòng, độ ẩm"
Kim Lấy Máu Máy Đường Huyết Đầu Tròn - 
Que Thử Đường Huyết Uright Dùng Cho Máy Đo Đường Huyết TD4265/4267 (25 Que)
Bồn ngâm chân hồng ngoại massage thư giãn trị liệu đa năng
Dụng cụ xịt rửa hậu môn size lớn
Que thử đường huyết Accuchek Active 50 (lọ 50 que)
Bộ Giác Hơi Không Dùng Lửa Duy Thành YGH01
Hộp 25 Que Thử Đường Huyết On Call Plus
Máy Đo Đường Huyết Ogcare - Tặng 1 Hộp Gồm 25 Que Thử
Hộp Chia Thuốc Cá Nhân 6 Ngăn Cao Cấp
Combo 12 ống giác hơi
Bộ Giác Hơi Không Dùng Lửa Duy Thành YGH03
gói 100 ống pipet nhựa 3ml
Bàn lăn gỗ massage chân 5x6
"Bộ Camera Nội Soi Đa Năng Có Đèn Trợ Sáng - Camera Lấy Ráy Soi Tai, Mũi, Họng Chuyên Nghiệp "
"Gậy chống 4 chân thấp Lucass B924 hỗ trợ đi lại cho người già, khả năng đi lại kém, chất liệu inox chắc chắn"
Dụng cụ đi tiểu cho người bệnh - Túi hỗ trợ đi tiểu nam nữ đều dùng được
Bộ Sản Phẩm Vệ Sinh Mũi Rohto Nosewash: Bình Vệ Sinh Mũi Easy Shower + Bình Dung Dịch (400ml)
Ghế bô vệ sinh có bánh xe - Hàng Tiêu Chuẩn bệnh viện
"Khung tập đi hỗ trợ cho người già, người khuyết tật"
"BÀN MASSAGE CHÂN, LĂN CHÂN GỖ LOẠI LỚN 26CMX26CM- MX26"
Nhiệt ẩm kế trong nhà Moaz bébé MB016
Bộ 5 Viên Đá Nóng Massage Ovan Trung
Bộ Giác Hơi Hút Chân Không Tiện Lợi GH12
"Bộ Lấy Ráy Tai Có Đèn, Camera Mini, Camera Nội Soi Tai, Mũi, Họng Siêu Nét Đi Kèm Bộ Đầu Lấy Ráy Tai, Soi Tai Mũi Họng Chuyên Nghiệp"
Máy hút mũi cho bé + Tặng thêm 1 đầu hút Silicon
" Hộp 3 Đôi Nút Bịt Tai Chống Ồn Mack's Safe Sound Siêu Mềm, Siêu Chống Ồn #903-DOL"
Que Thử Đường Huyết Safe Accu Sinocare 50 Que + 50 Kim Chích Máu
Nhiệt Ẩm Kế Beurer HM 16
Bàn Lăn Chân Gỗ Massage 6 Hàng ( 31 X 24 X 10 Cm)
"Bồn Ngâm Chân, Massage Đa Năng Beurer FB50"
Bộ Giác Hơi Không Dùng Lửa Duy Thành YGH05 (6 ống giác)
Bồn ngâm chân hồng ngoại LANAFORM LUXURY
Bút massage châm cứu huyệt đạo thông kinh lạc bằng xung điện 
Bộ giác hơi 12 ly không dùng lửa
Bình Oxy Mini Cầm Tay (Khí Sạch Đóng Chai)
Bộ giác hơi không dùng lửa Duy Thành YGH02 (Vali 15 ly giác hơi phiên bản 2020) - được bộ y tế cấp phép lưu hành an toàn cho sức khỏe | Fireless cupping therapy
Bộ Đổi Điện Omron Ac Adapter (Đen)
Máy Hút Mũi Cho Bé Tự Động Thông Minh 5 Cấp Độ Từ 1 – 6 Tuổi  WX-102
"Máy hút mũi cho bé hình chuối, 5 chế độ, đầu hút Silicon HM1"
"[Combo 1 Lốc ] 10 Chai Nước Muối Sinh Lý Natri Clorid 0, 9%"
Bình Rửa Mũi cho Bé và người Lớn Dung tích 300 và 500ml
"Bồn ngâm chân, massage đa năng Laica PC1018"
Combo 02 Hộp Miếng dán loại mụn cóc - Hộp 6 miếng
"Bồn ngâm chân massage cao cấp USA 6 con lăn tự động, vòi phun massage, Serenelife SLIFTSP12 nhập khẩu "
Bộ Tiện Dụng Vệ Sinh Mũi Rohto NoseWash Miniset: Bình Vệ Sinh Mũi Easy Shower + Bình Dung Dịch (150ml)
Gậy Gỗ Batoong Chống Cho Người Già Gậy Gỗ Tự Nhiên KH16
Đèn Hồng Ngoại Bayoka - Việt Nam ( Kèm bóng 250W)
"Nhiệt Ẩm Kế Tanita TT-513 đo nhiệt độ phòng, độ ẩm"
Kim Lấy Máu Máy Đường Huyết Đầu Tròn - 
Que Thử Đường Huyết Uright Dùng Cho Máy Đo Đường Huyết TD4265/4267 (25 Que)
Bồn ngâm chân hồng ngoại massage thư giãn trị liệu đa năng
Dụng cụ xịt rửa hậu môn size lớn
Que thử đường huyết Accuchek Active 50 (lọ 50 que)
Bộ Giác Hơi Không Dùng Lửa Duy Thành YGH01
Hộp 25 Que Thử Đường Huyết On Call Plus
Máy Đo Đường Huyết Ogcare - Tặng 1 Hộp Gồm 25 Que Thử
Hộp Chia Thuốc Cá Nhân 6 Ngăn Cao Cấp
Combo 12 ống giác hơi
Bộ Giác Hơi Không Dùng Lửa Duy Thành YGH03
gói 100 ống pipet nhựa 3ml
Bàn lăn gỗ massage chân 5x6
"Bộ Camera Nội Soi Đa Năng Có Đèn Trợ Sáng - Camera Lấy Ráy Soi Tai, Mũi, Họng Chuyên Nghiệp "
"Gậy chống 4 chân thấp Lucass B924 hỗ trợ đi lại cho người già, khả năng đi lại kém, chất liệu inox chắc chắn"
Dụng cụ đi tiểu cho người bệnh - Túi hỗ trợ đi tiểu nam nữ đều dùng được
Bộ Sản Phẩm Vệ Sinh Mũi Rohto Nosewash: Bình Vệ Sinh Mũi Easy Shower + Bình Dung Dịch (400ml)
Ghế bô vệ sinh có bánh xe - Hàng Tiêu Chuẩn bệnh viện
"Khung tập đi hỗ trợ cho người già, người khuyết tật"
"BÀN MASSAGE CHÂN, LĂN CHÂN GỖ LOẠI LỚN 26CMX26CM- MX26"
Nhiệt ẩm kế trong nhà Moaz bébé MB016
Bộ 5 Viên Đá Nóng Massage Ovan Trung
Bộ Giác Hơi Hút Chân Không Tiện Lợi GH12
"Bộ Lấy Ráy Tai Có Đèn, Camera Mini, Camera Nội Soi Tai, Mũi, Họng Siêu Nét Đi Kèm Bộ Đầu Lấy Ráy Tai, Soi Tai Mũi Họng Chuyên Nghiệp"
Máy hút mũi cho bé + Tặng thêm 1 đầu hút Silicon
" Hộp 3 Đôi Nút Bịt Tai Chống Ồn Mack's Safe Sound Siêu Mềm, Siêu Chống Ồn #903-DOL"
Que Thử Đường Huyết Safe Accu Sinocare 50 Que + 50 Kim Chích Máu
Nhiệt Ẩm Kế Beurer HM 16
Bàn Lăn Chân Gỗ Massage 6 Hàng ( 31 X 24 X 10 Cm)
"Bồn Ngâm Chân, Massage Đa Năng Beurer FB50"
Bộ Giác Hơi Không Dùng Lửa Duy Thành YGH05 (6 ống giác)
Bồn ngâm chân hồng ngoại LANAFORM LUXURY
Bút massage châm cứu huyệt đạo thông kinh lạc bằng xung điện 
Bộ giác hơi 12 ly không dùng lửa
Bình Oxy Mini Cầm Tay (Khí Sạch Đóng Chai)
Bộ giác hơi không dùng lửa Duy Thành YGH02 (Vali 15 ly giác hơi phiên bản 2020) - được bộ y tế cấp phép lưu hành an toàn cho sức khỏe | Fireless cupping therapy
Bộ Đổi Điện Omron Ac Adapter (Đen)
Máy Hút Mũi Cho Bé Tự Động Thông Minh 5 Cấp Độ Từ 1 – 6 Tuổi  WX-102
"Máy hút mũi cho bé hình chuối, 5 chế độ, đầu hút Silicon HM1"
"[Combo 1 Lốc ] 10 Chai Nước Muối Sinh Lý Natri Clorid 0, 9%"
Bình Rửa Mũi cho Bé và người Lớn Dung tích 300 và 500ml
"Bồn ngâm chân, massage đa năng Laica PC1018"
Combo 02 Hộp Miếng dán loại mụn cóc - Hộp 6 miếng
"Bồn ngâm chân massage cao cấp USA 6 con lăn tự động, vòi phun massage, Serenelife SLIFTSP12 nhập khẩu "
Bộ Tiện Dụng Vệ Sinh Mũi Rohto NoseWash Miniset: Bình Vệ Sinh Mũi Easy Shower + Bình Dung Dịch (150ml)
Gậy Gỗ Batoong Chống Cho Người Già Gậy Gỗ Tự Nhiên KH16
Đèn Hồng Ngoại Bayoka - Việt Nam ( Kèm bóng 250W)
"Nhiệt Ẩm Kế Tanita TT-513 đo nhiệt độ phòng, độ ẩm"
Kim Lấy Máu Máy Đường Huyết Đầu Tròn - 
Que Thử Đường Huyết Uright Dùng Cho Máy Đo Đường Huyết TD4265/4267 (25 Que)
Bồn ngâm chân hồng ngoại massage thư giãn trị liệu đa năng
Dụng cụ xịt rửa hậu môn size lớn
Que thử đường huyết Accuchek Active 50 (lọ 50 que)
Bộ Giác Hơi Không Dùng Lửa Duy Thành YGH01
Hộp 25 Que Thử Đường Huyết On Call Plus
Máy Đo Đường Huyết Ogcare - Tặng 1 Hộp Gồm 25 Que Thử
Hộp Chia Thuốc Cá Nhân 6 Ngăn Cao Cấp
Combo 12 ống giác hơi
Bộ Giác Hơi Không Dùng Lửa Duy Thành YGH03
gói 100 ống pipet nhựa 3ml
Bàn lăn gỗ massage chân 5x6
"Bộ Camera Nội Soi Đa Năng Có Đèn Trợ Sáng - Camera Lấy Ráy Soi Tai, Mũi, Họng Chuyên Nghiệp "
"Gậy chống 4 chân thấp Lucass B924 hỗ trợ đi lại cho người già, khả năng đi lại kém, chất liệu inox chắc chắn"
Dụng cụ đi tiểu cho người bệnh - Túi hỗ trợ đi tiểu nam nữ đều dùng được
Bộ Sản Phẩm Vệ Sinh Mũi Rohto Nosewash: Bình Vệ Sinh Mũi Easy Shower + Bình Dung Dịch (400ml)
Ghế bô vệ sinh có bánh xe - Hàng Tiêu Chuẩn bệnh viện
"Khung tập đi hỗ trợ cho người già, người khuyết tật"
"BÀN MASSAGE CHÂN, LĂN CHÂN GỖ LOẠI LỚN 26CMX26CM- MX26"
Nhiệt ẩm kế trong nhà Moaz bébé MB016
Bộ 5 Viên Đá Nóng Massage Ovan Trung
Bộ Giác Hơi Hút Chân Không Tiện Lợi GH12
Hộp gòn inox Vita ghép (có nắp) ɸ 13cm x 15
Nẹp ngón tay dạng thẳng Dyna
Đai đeo tay với miếng buộc Dyna
Hộp gòn inox Vita ghép (có nắp) ɸ 13cm x 12
Đai trật khớp háng trẻ em | Đai trật khớp háng Dyna
Bộ 10 Viên Đá Nóng Massage Ovan Trung Limoki 6x8x1.8cm
Đai Cổ Cứng Dyna
Nẹp cố định cổ tay Dyna dùng cho cả hai tay
Đai tập lực đẩy mu bàn tay Dyna
Bộ 10 Viên Đá Bazan Nóng Massage Tròn Trung Limoki 8x8x1.8cm
Đai Cổ Topphil
Gối Cổ Tia Hồng Ngoại Xa Cao Cấp Qsupport Q0030C002M - Xám (Size M)
Máy đo nồng độ cồn của hơi thở mini với 3 mức cảnh báo dạng móc chìa khóa nhỏ gọn tiện lợi - Hàng Nhập Khẩu
Quả cầu sừng láng diện chẩn
Đai đầu gối hở vùng bánh chè Dyna Inno-Life.  
Đai Làm Nóng Vùng Đầu Gối Aofeite AFT-H005
Đệm Nâng Đỡ Cổ Tay Cao Cấp QSupport Q0010D012L - Hồng (Size L)
BÀN MATXA CHÂN LOẠI TO 12 BÁNH BẰNG GỖ GIÚP LƯU THÔNG KHÍ HUYẾT 
Combo 3 Hộp Muối Vệ Sinh Mũi Lanrun 4.5g (180 Gói)
Hỗn Hợp Dung Dịch Rửa Mũi Cho Trẻ Em Nose Coke Nasal 2.7g*30 Gói
Mâm inox 22 x 32 x 4 Vita
Combo 4 túi đấm giảm nhiệt làm mát mùa hè hoa quả
Máy massage mắt pin sạc áp suất khí Bluetooth có nhiệt YJ-518
Khăn ống nano Sleepdays hỗ trợ lưu thông máu
Bình Xịt Mũi Nasal Dành Cho Người Lớn (25ml)
Muối Chuyên Dụng Vệ Sinh Mũi Lan Run 4.5g (Hộp 60 Gói)
Hộp Muối Pha Dung Dịch Vệ Sinh Mũi Leyi 4.5g (120 Gói)
Muối Vệ Sinh Mũi Smarbo Nasal (Hộp 2.7g x 60 gói)
Muối Tẩy Rửa Nhạc Cụ Nasal (20 gói x 4.5g)
Túi Nước Rửa Mũi NasalCare (2.7g * 30 Túi) (Không Bao Gồm Chai)
Mặt Nạ Bảo Vệ Mặt Chống Virus/Nước/Dầu Bắn An Toàn Tiện Lợi (Mẫu Màu Giao Ngẫu Nhiên)
"MÁY XỊT CỒN BÁN TỰ ĐỘNG – ĐẠP CHÂN, SEMI-AUTOMATIC SPRAY MACHINE SK2020"
"Tấm Bịt Mắt Thiết Kế Thông Minh Giúp Bảo Vệ Mũi Khi Đeo, Giảm Tiếng Ồn Xung Quanh - Bộ 4 Món ( Phiên Bản Cũ Và Mới Được Chọn Ngẫu Nhiên)"
Nút Bịt Tai Smart Green - Giao Hàng Ngẫu Nhiên
"Đai thắt lưng siêu cao cấp PresiTom, Model VP-ĐTL-Q2"
Đệm Nâng Đỡ Cổ Tay Cao Cấp QSupport Q0010D007M - Sọc xanh dương (Size M)
Đệm Nâng Đỡ Cổ Tay Cao Cấp QSupport Q0010D002M - Đốm nhỏ (Size M)
Thanh dò đinh đôi diện chẩn
Bộ 8 Viên Đá Bazan Nóng Massage Tròn Trung Limoki 8x8x1.8cm
Đai Cẳng Tay Dyna
Đệm Nâng Đỡ Cổ Tay Cao Cấp QSupport Q0010D001M - Xám (Size M)
Gối Cổ Tia Hồng Ngoại Xa Cao Cấp Qsupport Q0030A19L - Caro Trắng Đen (Size L)
Phụ Kiện Bảo Vệ Khuỷu Tay Cao Cấp QSupport Q0093KT0S - Loại Ngắn (Size S)
Đệm Nâng Đỡ Cổ Tay Cao Cấp QSupport Q0010D003L - Đốm lớn (Size L)
Đệm Nâng Đỡ Cổ Tay Cao Cấp QSupport Q0010D002L - Đốm nhỏ (Size L)
Loop Amu
Máy massage thư giãn đầu cao cấp (Tặng kèm 1 miếng dán xung điện hiệu quả)
Hộp inox chữ nhật - Size: trung 19x9x4cm
"Bộ Lấy Ráy Tai Có Đèn, Camera Mini, Camera Nội Soi Tai, Mũi, Họng Siêu Nét Đi Kèm Bộ Đầu Lấy Ráy Tai, Soi Tai Mũi Họng Chuyên Nghiệp"
Máy hút mũi cho bé + Tặng thêm 1 đầu hút Silicon
" Hộp 3 Đôi Nút Bịt Tai Chống Ồn Mack's Safe Sound Siêu Mềm, Siêu Chống Ồn #903-DOL"
Que Thử Đường Huyết Safe Accu Sinocare 50 Que + 50 Kim Chích Máu
Nhiệt Ẩm Kế Beurer HM 16
Bàn Lăn Chân Gỗ Massage 6 Hàng ( 31 X 24 X 10 Cm)
"Bồn Ngâm Chân, Massage Đa Năng Beurer FB50"
Bộ Giác Hơi Không Dùng Lửa Duy Thành YGH05 (6 ống giác)
Bồn ngâm chân hồng ngoại LANAFORM LUXURY
Bút massage châm cứu huyệt đạo thông kinh lạc bằng xung điện 
Bộ giác hơi 12 ly không dùng lửa
Bình Oxy Mini Cầm Tay (Khí Sạch Đóng Chai)
Bộ giác hơi không dùng lửa Duy Thành YGH02 (Vali 15 ly giác hơi phiên bản 2020) - được bộ y tế cấp phép lưu hành an toàn cho sức khỏe | Fireless cupping therapy
Bộ Đổi Điện Omron Ac Adapter (Đen)
Máy Hút Mũi Cho Bé Tự Động Thông Minh 5 Cấp Độ Từ 1 – 6 Tuổi  WX-102
"Máy hút mũi cho bé hình chuối, 5 chế độ, đầu hút Silicon HM1"
"[Combo 1 Lốc ] 10 Chai Nước Muối Sinh Lý Natri Clorid 0, 9%"
Bình Rửa Mũi cho Bé và người Lớn Dung tích 300 và 500ml
"Bồn ngâm chân, massage đa năng Laica PC1018"
Combo 02 Hộp Miếng dán loại mụn cóc - Hộp 6 miếng
"Bồn ngâm chân massage cao cấp USA 6 con lăn tự động, vòi phun massage, Serenelife SLIFTSP12 nhập khẩu "
Bộ Tiện Dụng Vệ Sinh Mũi Rohto NoseWash Miniset: Bình Vệ Sinh Mũi Easy Shower + Bình Dung Dịch (150ml)
Gậy Gỗ Batoong Chống Cho Người Già Gậy Gỗ Tự Nhiên KH16
Đèn Hồng Ngoại Bayoka - Việt Nam ( Kèm bóng 250W)
"Nhiệt Ẩm Kế Tanita TT-513 đo nhiệt độ phòng, độ ẩm"
Kim Lấy Máu Máy Đường Huyết Đầu Tròn - 
Que Thử Đường Huyết Uright Dùng Cho Máy Đo Đường Huyết TD4265/4267 (25 Que)
Bồn ngâm chân hồng ngoại massage thư giãn trị liệu đa năng
Dụng cụ xịt rửa hậu môn size lớn
Que thử đường huyết Accuchek Active 50 (lọ 50 que)
Bộ Giác Hơi Không Dùng Lửa Duy Thành YGH01
Hộp 25 Que Thử Đường Huyết On Call Plus
Máy Đo Đường Huyết Ogcare - Tặng 1 Hộp Gồm 25 Que Thử
Hộp Chia Thuốc Cá Nhân 6 Ngăn Cao Cấp
Combo 12 ống giác hơi
Bộ Giác Hơi Không Dùng Lửa Duy Thành YGH03
gói 100 ống pipet nhựa 3ml
Bàn lăn gỗ massage chân 5x6
"Bộ Camera Nội Soi Đa Năng Có Đèn Trợ Sáng - Camera Lấy Ráy Soi Tai, Mũi, Họng Chuyên Nghiệp "
"Gậy chống 4 chân thấp Lucass B924 hỗ trợ đi lại cho người già, khả năng đi lại kém, chất liệu inox chắc chắn"
Dụng cụ đi tiểu cho người bệnh - Túi hỗ trợ đi tiểu nam nữ đều dùng được
Bộ Sản Phẩm Vệ Sinh Mũi Rohto Nosewash: Bình Vệ Sinh Mũi Easy Shower + Bình Dung Dịch (400ml)
Ghế bô vệ sinh có bánh xe - Hàng Tiêu Chuẩn bệnh viện
"Khung tập đi hỗ trợ cho người già, người khuyết tật"
"BÀN MASSAGE CHÂN, LĂN CHÂN GỖ LOẠI LỚN 26CMX26CM- MX26"
Nhiệt ẩm kế trong nhà Moaz bébé MB016
Bộ 5 Viên Đá Nóng Massage Ovan Trung
Bộ Giác Hơi Hút Chân Không Tiện Lợi GH12
Đệm Nâng Đỡ Cổ Tay Cao Cấp QSupport Q0010D006L - Sọc xanh ngọc (Size L)
Đệm Nâng Đỡ Cổ Tay Cao Cấp QSupport Q0010D010M - Xanh Dương (Size M)
