"Nước mắm Tĩn Trẻ Em cặp 2 chai 250ml không chất bảo quản, an toàn cho bé"
Bột nêm rau củ Kodomo (Dành cho bé từ 6 tháng tuổi)
Nước mắm Lê Gia cho bé ăn dặm 200ml
Nước mắm Tĩn Trẻ Em Cho Bé Ăn Dặm độ đạm 42N chai thủy tinh mini 60ml rin nguyên chất truyền thống sạch
Men làm sữa chua Probiotic
Combo 02 nước mắm Lê Gia cho bé ăn dặm 200ml
Bột ăn dặm Queen Nature
Combo 2 chai nước mắm Tĩn cho bé ăn dặm 42N chai thủy tinh 60ml + 1 chai nước mắm Tĩn du lịch mini 40N chai thủy tinh 60ml nước mắm rin nguyên chất nhĩ từ cá cơm than
Rong Biển Cho Bé Humanwell (4g x 3 Gói)
Sữa Bột Nguyên Kem Kanny 28% Chất Béo (900g)
"Combo 4 túi xúc xích tiệt trùng Bé Khỏe, thực phẩm dinh dưỡng cho bé ( Túi 4 cây, 40gr/ cây)"
Bánh ngũ cốc Hàn Quốc cho bé ăn dặm từ 7 tháng
Nước mắm Tĩn Trẻ Em Cho Bé Ăn Dặm độ đạm 42N Lốc 10 chai thủy tinh mini 60ml rin nguyên chất truyền thống sạch
Combo 04 chai nước mắm cho bé ăn dặm Lê Gia
Nui Hình Hello Kitty và Hoa Nhật Bản Cho Bé (150g)
Trái Cây Xay Nhuyễn Nguyên Chất Andros Fruit Me Up - Hỗn hợp 4 vị - Hộp 20 túi - 90g x 4 x 5
Hạt nêm Topvalu vị cá ngừ 80g Nhật Bản
Nước Uống Dinh Dưỡng Vị Sữa Dành Cho Trẻ Em Long Dino (10 Gói x 120ml)
Thực phẩm bổ sung Nước yến sào Kid Grow vị Dâu - Lọ 70ml
"Nước mắm Tĩn Trẻ Em Cho Bé Ăn Dặm độ đạm 42N tự nhiên chai thủy tinh 250ml nước mắm rin nguyên chất truyền thống sạch nước mắm nhỉ từ thùng lều gỗ cốt đặc biệt cá cơm than muối tinh khiết, cho bé ăn dặm không chất bảo quản"
Combo 3 chai nước mắm Tĩn cho bé ăn dặm 42N chai thủy tinh 60ml tặng 2 chai nước mắm Tĩn du lịch mini 40N chai thủy tinh 60ml nước mắm rin nguyên chất nhĩ từ cá cơm than
Sữa chua sấy lạnh Haeswim Hàn Quốc cho bé
Mỳ Somen Hakubaku Tách Muối 5+ Month 100G - Nội Địa Nhật Bản
Thực phẩm bổ sung Nước yến sào Kid Grow vị Dâu - Block 6 lọ 70ml
Thực phẩm bổ sung Nước yến sào Kid Grow vị Cam - Lọ 70ml
Mì Trẻ Em Tách Muối Hakubaku 100g Nhật Bản (Tặng 1 Gói Hạt Nêm Vị Thịt Bò 9g Nhật Bản)
Combo 2 chai nước mắm Tĩn Trẻ Em Cho Bé Ăn Dặm độ đạm 42N 60ml nước mắm rin nguyên chất truyền thống sạch nước mắm cốt nhĩ đặc biệt từ cá cơm than sánh đặc thịt cá không chất bảo quản
Hộp 6 Hủ Yến Đảo Nha Trang Kid's Grow Plus
"Rong biển hữu cơ ISPOON nhập khẩu Hàn Quốc tách muối, tách dầu cho bé từ 8 tháng"
Trái Cây Xay Nhuyễn Nguyên Chất Andros Fruit Me Up  - Táo Chuối - Hộp 4 Túi (90g x 4)
Trái Cây Xay Nhuyễn Nguyên Chất Andros Fruit Me Up  - Xoài Chuối Chanh Dây - Hộp 4 Túi (90g x 4)
Trái Cây Xay Nhuyễn Nguyên Chất Andros Fruit Me Up  - Dâu Ổi Hồng - Hộp 4 Túi (90g x 4)
Nui hữu cơ hình con gà 250g - Naturata
Thực phẩm bổ sung Nước yến sào Kid Grow vị Cam - Block 6 lọ 70ml
YẾN SÀO CAO CẤP KIDPLUS 25% HƯƠNG TỰ NHIÊN - (70ml/hộp 06 hũ)
Nước mắm Lê Gia - Cho bé ăn dặm 60ml
Mì sợi hữu cơ cho bé vị khoai lang 200g - Golden 
Nước Uống Dinh Dưỡng Vị Táo Dành Cho Trẻ Em Smart Dino (10 Gói x 120ml)
RẮC CƠM PAPATTO VỊ CÁ HỒI 30GR - hàng nội địa Nhật Bản
Hoa quả sấy lạnh Hàn Quốc cho bé ăn dặm từ 7 tháng
Mì sợi rau củ hữu cơ cho bé vị lúa mì 200gr Men No Sato Organic baby Noodle plain Wheat 200gr
PHOMAI SẤY LẠNH NAEBRO  DÀNH CHO BÉ TỪ 7 THÁNG
Mì sợi hữu cơ cho bé vị củ dền 200g - Golden
Mì sợ rau củ hữu cơ cho bé vị bông cải xanh 200gr Men No Sato - Organic Baby Noodle Broccoli 
Trái Cây Xay Nhuyễn Nguyên Chất Andros Fruit Me Up  - Mãng Cầu Táo - Hộp 4 Túi (90g x 4)
Mì sợi rau củ hữu cơ cho bé vị ngô (bắp) Men No Sato 200gr - Organic Baby Noodle Corn 200gr
Trái Cây Xay Nhuyễn Nguyên Chất Andros Fruit Me Up - Xoài Chuối Chanh dây - Thùng 42 túi - 90g x 42
Combo 1 chai nước Mắm Tĩn trẻ em độ đạm 42N 250ml + 4 chai nước  mắm Tĩn mini du lịch độ đạm 40N 60ml nước mắm rin nguyên chất truyền thống sạch không chất bảo quản
Nui Nikolini hữu cơ hình cây thông 250g - Naturata
Trái Cây Xay Nhuyễn Nguyên Chất Andros Fruit Me Up  - Dâu Ổi Hồng - Thùng 42 Túi (90g x 42)
Trái Cây Xay Nhuyễn Nguyên Chất Andros Fruit Me Up - Mãng Cầu Táo - Thùng 42 túi  - 90g x 42
Trái Cây Xay Nhuyễn Nguyên Chất Andros Fruit Me Up - Táo chuối - Thùng 42 túi - 90g x 42
"Lốc 6 lọ Yến Netsure OGGY KID VITAMIN cao cấp cho Trẻ em - Bổ sung Vitamin  dinh dưỡng (15% yến, 70ml/lọ)"
Veggie Bột Bông Cải Xanh 30gr
Mì sợi rau củ cho bé vị bí ngô 200gr Men No Sato - organic baby noodle pumpkin 200gr
Veggie Bột Măng Tây 30gr
Mì sợi rau củ hữu cơ cho bé vị trứng 200gr Men No Sato - Men No Sato organic baby noodle egg 200gr
