"Hộp Đựng Dụng Cụ, Đồ Nghề HARDEN 520301 Cỡ Lớn Nhựa ABS - Thân Hộp Nhựa Siêu Nhẹ, Siêu Chịu Lực, Siêu Dày - Khóa Nhựa, Bảo Vệ Tốt - 36x18x19cm - Hàng Chính Hãng"
Hộp Dụng Cụ Đựng Đồ Nghề Đa Năng Cỡ Lớn -  435x235xH195
Túi vệ sinh máy lạnh TD01 - Áo vệ sinh máy lạnh tại nhà
"Hộp Đựng Dụng Cụ, Hộp Đựng Đồ Nghề Đa Năng Cỡ Lớn Thép Cao Cấp HARDEN 520101 - Có Khóa Bảo Vệ, Sơn Tĩnh Điện Sáng Bóng, Nhãn Mịn, Hạn Chế Trầy Xước, Không Rỉ Sét - 35x15x9cm - Hàng Chính Hãng"
túi đồ nghề đế nhựa cứng nhiều size
"Hộp Đựng Dụng Cụ SU420-32, Hộp Đựng Đồ Nghề Đa Năng Thép Cao Cấp  3 Tầng 4 Khay - Tuổi Thọ Cao, Không Ghỉ, Không Công Vênh, Sơn Tĩnh Điện, Hạn Chế Trầy Xước, Chống Ăn Mòn - 42x20x20cm - Hàng Chính Hãng"
"Hộp Đựng Dụng Cụ, Hộp Đựng Đồ Nghề Đa Năng Cỡ Lớn Thép Cao Cấp HARDEN 520103 - Có Khóa Bảo Vệ, Sơn Tĩnh Điện Sáng Bóng, Nhãn Mịn, Hạn Chế Trầy Xước, Không Rỉ Sét - 48x18x19cm - Hàng Chính Hãng"
Thùng đựng đồ nghề 20 inch Truper 10380 (CHP-20X)
"Hộp Đựng Dụng Cụ, Hộp Đựng Đồ Nghề Đa Năng Cỡ Lớn Nhựa ABS HARDEN 520224 - Siêu Chịu Lực, Siêu Dày - Thân Hộp Bọc Inox, Khóa Kim Loại, Bề Mặt Nhẵn Mịn, Chống Xước, Chống Ăn Mòn - 36x18x17cm - Hàng Chính Hãng"
"Hộp Đựng Dụng Cụ, Hộp Đựng Đồ Nghề Đa Năng Cỡ Lớn Thép Cao Cấp HARDEN 520102 - Có Khóa Bảo Vệ, Sơn Tĩnh Điện Sáng Bóng, Nhãn Mịn, Hạn Chế Trầy Xước, Không Rỉ Sét - 43x18x19cm - Hàng Chính Hãng"
Túi đựng đồ nghề Gập xách tay vải dù chất lượng
Túi Đựng Đồ Nghề Đa Năng 16inch Chống Nước Đế Nhựa
HỘP ĐỰNG DỤNG CỤ ĐA NĂNG SU420-31
"Hộp Đựng Dụng Cụ 7 Lít, Hộp Đựng Đồ Nghề Đa Năng Thép Cao Cấp  - Quai Xách, Tuổi Thọ Cao, Không Ghỉ, Không Công Vênh Lớn, Sơn Tĩnh Điện Hạn Chế Trầy Xước, Chống Ăn Mòn - 28 x 14 x 18 cm"
HỘP ĐỰNG DỤNG CỤ ĐA NĂNG model SU420 tùy chọn
Hộp Đựng Dụng Cụ Đa Năng SU-PLASTIC-SDL36
Áo Vệ Sinh Máy Lạnh RO _ vệ sinh máy lạnh tại nhà _ túi vệ sinh máy lạnh _ RO01
Hộp dụng cụ Kowon KNTBD132-X (có dụng cụ)
Túi vải cuộn đồ nghề
Túi Đựng Đồ Nghề Đa Năng Chống Nước
Thùng đựng đồ nghề Truper 11506
Túi đựng đồ nghề VIP 20inch
Túi đồ nghề - Đai đeo đồ nghề Vắt Khoan Pin và Đồ nghề đeo hong
"Hộp Đựng Dụng Cụ, Hộp Đựng Đồ Nghề Đa Năng Cỡ Lớn Nhựa ABS HARDEN 520228 - Siêu Chịu Lực, Siêu Dày - Thân Hộp Bọc Inox, Khóa Kim Loại, Bề Mặt Nhẵn Mịn, Chống Xước, Chống Ăn Mòn - 45x24x19cm - Hàng Chính Hãng"
Túi cuộn đồ nghề mini cao cấp
Hộp đựng dụng cụ 3in1 Stanley STST18613 có bánh xe kéo
Hộp Đựng Dụng Cụ Đa Năng 7L
Hộp Đựng Linh Kiện 36 Ngăn
Hộp đựng dụng cụ đa năng SU350-2
Túi đựng đồ nghề TGTB- 12inch cao cấp
Bộ dụng cụ sửa chữa mở tháo lắp đồng hồ chuyên nghiệp
Túi đựng đồ nghề Mini hàng dầy cao cấp
Thùng đựng đồ nghề Pretul 20533 - 19Inch
Hộp Dụng Cụ Đựng Đồ Nghề Đa Năng Cỡ Lớn - 450x230x200mm
Hộp Đựng Đồ Nghề Stanley STST73691 (44.5 x 24.1 cm)
Túi Đựng Dụng Cụ Chính Hãng HARDEN 500MM
Túi đựng đồ nghề Mini loại dầy cao cấp
Hộp Đựng Linh Kiện Điện Tử 24 Ngăn
Túi Đựng Dụng Cụ Chính Hãng HARDEN 450MM
Hộp Đựng Dụng Cụ Đa Năng SU-PLASTIC-SDL45
Hộp đựng dụng cụ GIHA-1014 195x370x180 mm
"Túi đựng đồ nghề - Túi ngang size lỡ  đựng dụng cụ, đồ nghề"
Hộp Đựng Dụng Cụ Đa Năng SU-PLASTIC-SDL40
Túi đồ nghề - Ngang hộp size đại hàng công ty chính hãng
Thùng đựng đồ nghề  - 16Inch Pretul 20532 (CHP-16P)
Túi Đựng Dụng Cụ Đa Năng Siêu Nhỏ Gọn
"Túi đồ nghề - Bảo trì, sửa chữa Máy may"
Hộp đựng Dụng Cụ Đa năng 3 tầng 
"Hộp Đựng Dụng Cụ, Đồ Nghề HARDEN 520301 Cỡ Lớn Nhựa ABS - Thân Hộp Nhựa Siêu Nhẹ, Siêu Chịu Lực, Siêu Dày - Khóa Nhựa, Bảo Vệ Tốt - 36x18x19cm - Hàng Chính Hãng"
Hộp Dụng Cụ Đựng Đồ Nghề Đa Năng Cỡ Lớn -  435x235xH195
Túi vệ sinh máy lạnh TD01 - Áo vệ sinh máy lạnh tại nhà
"Hộp Đựng Dụng Cụ, Hộp Đựng Đồ Nghề Đa Năng Cỡ Lớn Thép Cao Cấp HARDEN 520101 - Có Khóa Bảo Vệ, Sơn Tĩnh Điện Sáng Bóng, Nhãn Mịn, Hạn Chế Trầy Xước, Không Rỉ Sét - 35x15x9cm - Hàng Chính Hãng"
túi đồ nghề đế nhựa cứng nhiều size
"Hộp Đựng Dụng Cụ SU420-32, Hộp Đựng Đồ Nghề Đa Năng Thép Cao Cấp  3 Tầng 4 Khay - Tuổi Thọ Cao, Không Ghỉ, Không Công Vênh, Sơn Tĩnh Điện, Hạn Chế Trầy Xước, Chống Ăn Mòn - 42x20x20cm - Hàng Chính Hãng"
"Hộp Đựng Dụng Cụ, Hộp Đựng Đồ Nghề Đa Năng Cỡ Lớn Thép Cao Cấp HARDEN 520103 - Có Khóa Bảo Vệ, Sơn Tĩnh Điện Sáng Bóng, Nhãn Mịn, Hạn Chế Trầy Xước, Không Rỉ Sét - 48x18x19cm - Hàng Chính Hãng"
Thùng đựng đồ nghề 20 inch Truper 10380 (CHP-20X)
"Hộp Đựng Dụng Cụ, Hộp Đựng Đồ Nghề Đa Năng Cỡ Lớn Nhựa ABS HARDEN 520224 - Siêu Chịu Lực, Siêu Dày - Thân Hộp Bọc Inox, Khóa Kim Loại, Bề Mặt Nhẵn Mịn, Chống Xước, Chống Ăn Mòn - 36x18x17cm - Hàng Chính Hãng"
"Hộp Đựng Dụng Cụ, Hộp Đựng Đồ Nghề Đa Năng Cỡ Lớn Thép Cao Cấp HARDEN 520102 - Có Khóa Bảo Vệ, Sơn Tĩnh Điện Sáng Bóng, Nhãn Mịn, Hạn Chế Trầy Xước, Không Rỉ Sét - 43x18x19cm - Hàng Chính Hãng"
Túi đựng đồ nghề Gập xách tay vải dù chất lượng
Túi Đựng Đồ Nghề Đa Năng 16inch Chống Nước Đế Nhựa
HỘP ĐỰNG DỤNG CỤ ĐA NĂNG SU420-31
"Hộp Đựng Dụng Cụ 7 Lít, Hộp Đựng Đồ Nghề Đa Năng Thép Cao Cấp  - Quai Xách, Tuổi Thọ Cao, Không Ghỉ, Không Công Vênh Lớn, Sơn Tĩnh Điện Hạn Chế Trầy Xước, Chống Ăn Mòn - 28 x 14 x 18 cm"
HỘP ĐỰNG DỤNG CỤ ĐA NĂNG model SU420 tùy chọn
Hộp Đựng Dụng Cụ Đa Năng SU-PLASTIC-SDL36
Áo Vệ Sinh Máy Lạnh RO _ vệ sinh máy lạnh tại nhà _ túi vệ sinh máy lạnh _ RO01
Hộp dụng cụ Kowon KNTBD132-X (có dụng cụ)
Túi vải cuộn đồ nghề
Túi Đựng Đồ Nghề Đa Năng Chống Nước
Thùng đựng đồ nghề Truper 11506
Túi đựng đồ nghề VIP 20inch
Túi đồ nghề - Đai đeo đồ nghề Vắt Khoan Pin và Đồ nghề đeo hong
"Hộp Đựng Dụng Cụ, Hộp Đựng Đồ Nghề Đa Năng Cỡ Lớn Nhựa ABS HARDEN 520228 - Siêu Chịu Lực, Siêu Dày - Thân Hộp Bọc Inox, Khóa Kim Loại, Bề Mặt Nhẵn Mịn, Chống Xước, Chống Ăn Mòn - 45x24x19cm - Hàng Chính Hãng"
Túi cuộn đồ nghề mini cao cấp
Hộp đựng dụng cụ 3in1 Stanley STST18613 có bánh xe kéo
Hộp Đựng Dụng Cụ Đa Năng 7L
Hộp Đựng Linh Kiện 36 Ngăn
Hộp đựng dụng cụ đa năng SU350-2
Túi đựng đồ nghề TGTB- 12inch cao cấp
Bộ dụng cụ sửa chữa mở tháo lắp đồng hồ chuyên nghiệp
Túi đựng đồ nghề Mini hàng dầy cao cấp
Thùng đựng đồ nghề Pretul 20533 - 19Inch
Hộp Dụng Cụ Đựng Đồ Nghề Đa Năng Cỡ Lớn - 450x230x200mm
Hộp Đựng Đồ Nghề Stanley STST73691 (44.5 x 24.1 cm)
Túi Đựng Dụng Cụ Chính Hãng HARDEN 500MM
Túi đựng đồ nghề Mini loại dầy cao cấp
Hộp Đựng Linh Kiện Điện Tử 24 Ngăn
Túi Đựng Dụng Cụ Chính Hãng HARDEN 450MM
Hộp Đựng Dụng Cụ Đa Năng SU-PLASTIC-SDL45
Hộp đựng dụng cụ GIHA-1014 195x370x180 mm
"Túi đựng đồ nghề - Túi ngang size lỡ  đựng dụng cụ, đồ nghề"
Hộp Đựng Dụng Cụ Đa Năng SU-PLASTIC-SDL40
Túi đồ nghề - Ngang hộp size đại hàng công ty chính hãng
Thùng đựng đồ nghề  - 16Inch Pretul 20532 (CHP-16P)
Túi Đựng Dụng Cụ Đa Năng Siêu Nhỏ Gọn
"Túi đồ nghề - Bảo trì, sửa chữa Máy may"
Hộp đựng Dụng Cụ Đa năng 3 tầng 
"Hộp Đựng Dụng Cụ, Hộp Đựng Đồ Nghề Đa Năng Cỡ Lớn Nhựa ABS HARDEN 520226  - Siêu Chịu Lực, Siêu Dày - Thân Hộp Bọc Inox, Khóa Kim Loại, Bề Mặt Nhẵn Mịn, Chống Xước, Chống Ăn Mòn - 41x21x18cm - Hàng Chính Hãng"
Hộp phụ kiên máy khoan 105 chi tiết dùng cho máy khoan mài khắc mini đa đăng
Túi đựng đồ nghề đeo hông cao cấp
"Túi Đựng Đồ Nghề, Dụng Cụ Đeo Hông - Túi Dọc"
Hộp đựng dụng cụ model SU340-2
Hộp đựng đồ nghề (495x200x290mm) Ingco HTB02
Thùng đựng đồ nghề Truper 15320 (CHP-25R)
Hộp đựng đồ nghề CHP-19P 19in (48x22x22cm) Mexico
"Đai Đựng Đồ Nghề Đeo Bụng Siêu Bền, Đai Ngang Đeo Dụng Cụ"
"Hộp Đựng Dụng Cụ 11 Lít, Hộp Đựng Đồ Nghề Đa Năng Thép Cao Cấp  - Quai Xách, Tuổi Thọ Cao, Không Ghỉ, Không Công Vênh Lớn, Sơn Tĩnh Điện Hạn Chế Trầy Xước, Chống Ăn Mòn - 46x16x26cm "
13inch Thùng đựng đồ nghề Asaki AK-9961
Túi đựng đồ nghề  18 inch cao cấp 
Túi đựng đồ nghề 15inch siêu dầy cao cấp
Túi đồ nghề - Size đại chính hãng
Bộ túi đồ nghề kìm bấm mạng đồng hồ mạng hạt mạng nối nhanh và bao đầu nạng cao cấp Full bộ như hình
Túi đồ nghề
Túi đồ nghề - Balo đại chính hãng cao cấp
"Túi đựng đồ nghề Stanley STST516126 16"" "
TÚI ĐỒ NGHỀ NGANG HỘP ĐẠI
Hộp đựng đồ nghề nhỏ nhiều ngăn 17in Truper - 19939 (ORG-17X)
"TÚI ĐỰNG DỤNG CỤ, ĐỒ NGHỀ 12INCH KENDO 90162 -HÀNG CHÍNH HÃNG"
Túi đựng đồ nghề đeo hông hàng cao cấp
23inch Thùng đồ nghề chống nước Stanley 1-94-749
Túi đồ nghề - Đai đeo vắt đồ nghề đeo hong
Đai đựng dụng cụ đồ nghề đeo hông leo trèo cao cấp
Thùng đựng đồ nghề Truper 19789 (CHA-16G)
Đai đựng đồ nghề đeo hông hàng cao cấp
Túi đồ nghề -- Treo xe hai bên cao cấp
Túi đồ nghề - Túi Đứng chính hãng cao cấp
"Hộp đựng máy cắt,hộp đựng máy mài cầm tay. Vỏ đựng máy cắt cầm tay"
Hộp đựng đồ nghề (400 x 200 x 195mm) Ingco HTB03 
Túi đồ nghề - 5 ngăn cao cấp chính hãng
Túi đựng đồ nghề 10 inch cao cấp
Hộp Lắp Ghép Đa Năng Đựng Linh Kiện Điện Tử(Màu Sắc Ngẫu Nhiên)
Túi đồ nghề - Ngang hộp size trung 
Túi đựng đồ nghề TD cao cấp
Tủ đồ nghề cao cấp 03 ngăn kéo mặt ván gỗ CSPS
"Súng bơm lốp oto , xe máy tặng kèm đầu bơm"
Tủ đồ nghề 5 ngăn 2 cánh
Túi vải cuộn đựng đồ nghề hàng công ty cao cấp
Túi đựng đồ nghề size 40
Túi đựng đồ nghề cao cấp
Túi đựng đồ nghề - Đeo bụng cao cấp
Túi đồ nghề - Ngang hộp hàng công ty chính hãng
Hộp đựng đồ nghề (trung bình) Total THT10702 
Túi đựng đồ nghề Mini hàng CTy cao cấp
Hộp Đựng Dụng Cụ Kĩ Thuật Chuyên Dụng KTP-430
Túi đồ nghề - Ngang đại cao cấp 
"Hộp Đựng Dụng Cụ, Đồ Nghề HARDEN 520301 Cỡ Lớn Nhựa ABS - Thân Hộp Nhựa Siêu Nhẹ, Siêu Chịu Lực, Siêu Dày - Khóa Nhựa, Bảo Vệ Tốt - 36x18x19cm - Hàng Chính Hãng"
Hộp Dụng Cụ Đựng Đồ Nghề Đa Năng Cỡ Lớn -  435x235xH195
Túi vệ sinh máy lạnh TD01 - Áo vệ sinh máy lạnh tại nhà
"Hộp Đựng Dụng Cụ, Hộp Đựng Đồ Nghề Đa Năng Cỡ Lớn Thép Cao Cấp HARDEN 520101 - Có Khóa Bảo Vệ, Sơn Tĩnh Điện Sáng Bóng, Nhãn Mịn, Hạn Chế Trầy Xước, Không Rỉ Sét - 35x15x9cm - Hàng Chính Hãng"
túi đồ nghề đế nhựa cứng nhiều size
"Hộp Đựng Dụng Cụ SU420-32, Hộp Đựng Đồ Nghề Đa Năng Thép Cao Cấp  3 Tầng 4 Khay - Tuổi Thọ Cao, Không Ghỉ, Không Công Vênh, Sơn Tĩnh Điện, Hạn Chế Trầy Xước, Chống Ăn Mòn - 42x20x20cm - Hàng Chính Hãng"
"Hộp Đựng Dụng Cụ, Hộp Đựng Đồ Nghề Đa Năng Cỡ Lớn Thép Cao Cấp HARDEN 520103 - Có Khóa Bảo Vệ, Sơn Tĩnh Điện Sáng Bóng, Nhãn Mịn, Hạn Chế Trầy Xước, Không Rỉ Sét - 48x18x19cm - Hàng Chính Hãng"
Thùng đựng đồ nghề 20 inch Truper 10380 (CHP-20X)
"Hộp Đựng Dụng Cụ, Hộp Đựng Đồ Nghề Đa Năng Cỡ Lớn Nhựa ABS HARDEN 520224 - Siêu Chịu Lực, Siêu Dày - Thân Hộp Bọc Inox, Khóa Kim Loại, Bề Mặt Nhẵn Mịn, Chống Xước, Chống Ăn Mòn - 36x18x17cm - Hàng Chính Hãng"
"Hộp Đựng Dụng Cụ, Hộp Đựng Đồ Nghề Đa Năng Cỡ Lớn Thép Cao Cấp HARDEN 520102 - Có Khóa Bảo Vệ, Sơn Tĩnh Điện Sáng Bóng, Nhãn Mịn, Hạn Chế Trầy Xước, Không Rỉ Sét - 43x18x19cm - Hàng Chính Hãng"
Túi đựng đồ nghề Gập xách tay vải dù chất lượng
Túi Đựng Đồ Nghề Đa Năng 16inch Chống Nước Đế Nhựa
HỘP ĐỰNG DỤNG CỤ ĐA NĂNG SU420-31
"Hộp Đựng Dụng Cụ 7 Lít, Hộp Đựng Đồ Nghề Đa Năng Thép Cao Cấp  - Quai Xách, Tuổi Thọ Cao, Không Ghỉ, Không Công Vênh Lớn, Sơn Tĩnh Điện Hạn Chế Trầy Xước, Chống Ăn Mòn - 28 x 14 x 18 cm"
HỘP ĐỰNG DỤNG CỤ ĐA NĂNG model SU420 tùy chọn
Hộp Đựng Dụng Cụ Đa Năng SU-PLASTIC-SDL36
Áo Vệ Sinh Máy Lạnh RO _ vệ sinh máy lạnh tại nhà _ túi vệ sinh máy lạnh _ RO01
Hộp dụng cụ Kowon KNTBD132-X (có dụng cụ)
Túi vải cuộn đồ nghề
Túi Đựng Đồ Nghề Đa Năng Chống Nước
Thùng đựng đồ nghề Truper 11506
Túi đựng đồ nghề VIP 20inch
Túi đồ nghề - Đai đeo đồ nghề Vắt Khoan Pin và Đồ nghề đeo hong
"Hộp Đựng Dụng Cụ, Hộp Đựng Đồ Nghề Đa Năng Cỡ Lớn Nhựa ABS HARDEN 520228 - Siêu Chịu Lực, Siêu Dày - Thân Hộp Bọc Inox, Khóa Kim Loại, Bề Mặt Nhẵn Mịn, Chống Xước, Chống Ăn Mòn - 45x24x19cm - Hàng Chính Hãng"
Túi cuộn đồ nghề mini cao cấp
Hộp đựng dụng cụ 3in1 Stanley STST18613 có bánh xe kéo
Hộp Đựng Dụng Cụ Đa Năng 7L
Hộp Đựng Linh Kiện 36 Ngăn
Hộp đựng dụng cụ đa năng SU350-2
Túi đựng đồ nghề TGTB- 12inch cao cấp
Bộ dụng cụ sửa chữa mở tháo lắp đồng hồ chuyên nghiệp
Túi đựng đồ nghề Mini hàng dầy cao cấp
Thùng đựng đồ nghề Pretul 20533 - 19Inch
Hộp Dụng Cụ Đựng Đồ Nghề Đa Năng Cỡ Lớn - 450x230x200mm
Hộp Đựng Đồ Nghề Stanley STST73691 (44.5 x 24.1 cm)
Túi Đựng Dụng Cụ Chính Hãng HARDEN 500MM
Túi đựng đồ nghề Mini loại dầy cao cấp
Hộp Đựng Linh Kiện Điện Tử 24 Ngăn
Túi Đựng Dụng Cụ Chính Hãng HARDEN 450MM
Hộp Đựng Dụng Cụ Đa Năng SU-PLASTIC-SDL45
Hộp đựng dụng cụ GIHA-1014 195x370x180 mm
"Túi đựng đồ nghề - Túi ngang size lỡ  đựng dụng cụ, đồ nghề"
Hộp Đựng Dụng Cụ Đa Năng SU-PLASTIC-SDL40
Túi đồ nghề - Ngang hộp size đại hàng công ty chính hãng
Thùng đựng đồ nghề  - 16Inch Pretul 20532 (CHP-16P)
Túi Đựng Dụng Cụ Đa Năng Siêu Nhỏ Gọn
"Túi đồ nghề - Bảo trì, sửa chữa Máy may"
Hộp đựng Dụng Cụ Đa năng 3 tầng 
"Hộp Đựng Dụng Cụ, Đồ Nghề HARDEN 520301 Cỡ Lớn Nhựa ABS - Thân Hộp Nhựa Siêu Nhẹ, Siêu Chịu Lực, Siêu Dày - Khóa Nhựa, Bảo Vệ Tốt - 36x18x19cm - Hàng Chính Hãng"
Hộp Dụng Cụ Đựng Đồ Nghề Đa Năng Cỡ Lớn -  435x235xH195
Túi vệ sinh máy lạnh TD01 - Áo vệ sinh máy lạnh tại nhà
"Hộp Đựng Dụng Cụ, Hộp Đựng Đồ Nghề Đa Năng Cỡ Lớn Thép Cao Cấp HARDEN 520101 - Có Khóa Bảo Vệ, Sơn Tĩnh Điện Sáng Bóng, Nhãn Mịn, Hạn Chế Trầy Xước, Không Rỉ Sét - 35x15x9cm - Hàng Chính Hãng"
túi đồ nghề đế nhựa cứng nhiều size
"Hộp Đựng Dụng Cụ SU420-32, Hộp Đựng Đồ Nghề Đa Năng Thép Cao Cấp  3 Tầng 4 Khay - Tuổi Thọ Cao, Không Ghỉ, Không Công Vênh, Sơn Tĩnh Điện, Hạn Chế Trầy Xước, Chống Ăn Mòn - 42x20x20cm - Hàng Chính Hãng"
"Hộp Đựng Dụng Cụ, Hộp Đựng Đồ Nghề Đa Năng Cỡ Lớn Thép Cao Cấp HARDEN 520103 - Có Khóa Bảo Vệ, Sơn Tĩnh Điện Sáng Bóng, Nhãn Mịn, Hạn Chế Trầy Xước, Không Rỉ Sét - 48x18x19cm - Hàng Chính Hãng"
Thùng đựng đồ nghề 20 inch Truper 10380 (CHP-20X)
"Hộp Đựng Dụng Cụ, Hộp Đựng Đồ Nghề Đa Năng Cỡ Lớn Nhựa ABS HARDEN 520224 - Siêu Chịu Lực, Siêu Dày - Thân Hộp Bọc Inox, Khóa Kim Loại, Bề Mặt Nhẵn Mịn, Chống Xước, Chống Ăn Mòn - 36x18x17cm - Hàng Chính Hãng"
"Hộp Đựng Dụng Cụ, Hộp Đựng Đồ Nghề Đa Năng Cỡ Lớn Thép Cao Cấp HARDEN 520102 - Có Khóa Bảo Vệ, Sơn Tĩnh Điện Sáng Bóng, Nhãn Mịn, Hạn Chế Trầy Xước, Không Rỉ Sét - 43x18x19cm - Hàng Chính Hãng"
Túi đựng đồ nghề Gập xách tay vải dù chất lượng
Túi Đựng Đồ Nghề Đa Năng 16inch Chống Nước Đế Nhựa
HỘP ĐỰNG DỤNG CỤ ĐA NĂNG SU420-31
"Hộp Đựng Dụng Cụ 7 Lít, Hộp Đựng Đồ Nghề Đa Năng Thép Cao Cấp  - Quai Xách, Tuổi Thọ Cao, Không Ghỉ, Không Công Vênh Lớn, Sơn Tĩnh Điện Hạn Chế Trầy Xước, Chống Ăn Mòn - 28 x 14 x 18 cm"
HỘP ĐỰNG DỤNG CỤ ĐA NĂNG model SU420 tùy chọn
Hộp Đựng Dụng Cụ Đa Năng SU-PLASTIC-SDL36
Áo Vệ Sinh Máy Lạnh RO _ vệ sinh máy lạnh tại nhà _ túi vệ sinh máy lạnh _ RO01
Hộp dụng cụ Kowon KNTBD132-X (có dụng cụ)
Túi vải cuộn đồ nghề
Túi Đựng Đồ Nghề Đa Năng Chống Nước
Thùng đựng đồ nghề Truper 11506
Túi đựng đồ nghề VIP 20inch
Túi đồ nghề - Đai đeo đồ nghề Vắt Khoan Pin và Đồ nghề đeo hong
"Hộp Đựng Dụng Cụ, Hộp Đựng Đồ Nghề Đa Năng Cỡ Lớn Nhựa ABS HARDEN 520228 - Siêu Chịu Lực, Siêu Dày - Thân Hộp Bọc Inox, Khóa Kim Loại, Bề Mặt Nhẵn Mịn, Chống Xước, Chống Ăn Mòn - 45x24x19cm - Hàng Chính Hãng"
Túi cuộn đồ nghề mini cao cấp
Hộp đựng dụng cụ 3in1 Stanley STST18613 có bánh xe kéo
Hộp Đựng Dụng Cụ Đa Năng 7L
Hộp Đựng Linh Kiện 36 Ngăn
Hộp đựng dụng cụ đa năng SU350-2
Túi đựng đồ nghề TGTB- 12inch cao cấp
Bộ dụng cụ sửa chữa mở tháo lắp đồng hồ chuyên nghiệp
Túi đựng đồ nghề Mini hàng dầy cao cấp
Thùng đựng đồ nghề Pretul 20533 - 19Inch
Hộp Dụng Cụ Đựng Đồ Nghề Đa Năng Cỡ Lớn - 450x230x200mm
Hộp Đựng Đồ Nghề Stanley STST73691 (44.5 x 24.1 cm)
Túi Đựng Dụng Cụ Chính Hãng HARDEN 500MM
Túi đựng đồ nghề Mini loại dầy cao cấp
Hộp Đựng Linh Kiện Điện Tử 24 Ngăn
Túi Đựng Dụng Cụ Chính Hãng HARDEN 450MM
Hộp Đựng Dụng Cụ Đa Năng SU-PLASTIC-SDL45
Hộp đựng dụng cụ GIHA-1014 195x370x180 mm
"Túi đựng đồ nghề - Túi ngang size lỡ  đựng dụng cụ, đồ nghề"
Hộp Đựng Dụng Cụ Đa Năng SU-PLASTIC-SDL40
Túi đồ nghề - Ngang hộp size đại hàng công ty chính hãng
Thùng đựng đồ nghề  - 16Inch Pretul 20532 (CHP-16P)
Túi Đựng Dụng Cụ Đa Năng Siêu Nhỏ Gọn
"Túi đồ nghề - Bảo trì, sửa chữa Máy may"
Hộp đựng Dụng Cụ Đa năng 3 tầng 
"Thùng đựng đồ nghề 14""(35x15x15cm)Truper 19855 (CHA-14G)"
Hộp Đựng Dụng Cụ Đa Năng SU-PLASTIC-BOX46V
Thùng đồ nghề dụng cụ sắt chính hãng Cmart L0042-20
Túi đựng đồ nghề kỹ thuật 380x200x270mm
HỘP ĐỰNG DỤNG CỤ ĐA NĂNG 2 TAY 2 TẦNG
Túi đựng đồ nghề - Cặp Hai Móc Lớn cao cấp 
Túi đồ nghề đáy nhựa chống va đập 16inch cao cấp
Hộp Đựng Dụng Cụ SU-BOX43
Hộp đựng dụng cụ Milwaukee 48-22-8426
Túi đồ nghề - Size nhí cao cấp
"Combo 6 hộp đa năng Prota đựng kim chỉ, dụng cụ nail, y tế.."
Đai đựng đồ nghề đeo hông cao cấp
Hộp đựng đồ nghề sửa chữa chất liệu nhựa 16inch Sata 95162 ( Xanh)
Hộp đựng dụng cụ nhiều ngăn 2 mặt Tactix 320028
17inch Hộp đựng đồ nghề bằng sắt Asaki AK-9953
"Tủ đồ nghề CSPS 10 ngăn, vách lưới"
Thùng Đồ Nghề 3 Tầng Sắt Tolsen 80212 - Vàng (49.5cm)
Bộ 2 Tấm Bảng Treo Dụng Cụ Pegboard Đứng GALVANIZED 80x40cm Lưu Trữ Trưng Bày Dụng Cụ Sửa Chữa Thông Minh Dễ Tìm Kiếm
Túi đồ nghề đáy nhựa chống va đập 18inch cao cấp
Thùng đựng đồ nghề 3 ngăn Truper 10552 - 16Inch
Thùng Bộ Dụng Cụ 26 Món Tolsen 85360 - Vàng
Tủ đồ nghề
Tủ đựng đồ nghề Kowon
Vali đựng dụng cụ cơ khí
Túi đựng dụng cụ đồ nghề đeo hông
Thùng đồ nghề nhiều ngăn Stanley STST19900
Túi đựng đồ nghề 20inch đáy nhựa cao cấp
Túi đeo thắt lưng đựng đồ nghề Asaki AK-9985
Túi Đựng Dụng Cụ Sửa Chữa Đa Năng Đeo Hông
"Túi đồ nghề cho thợ điện, điện lạnh 45x35x25 cm kiểu đứng đeo chéo vai vải bố dày"
Đai vắt dụng cụ đồ nghề cao cấp
20inch Hộp đựng đồ nghề 3 ngăn Asaki AK-9957
Giỏ đựng công cụ TOTAL THT26161
Túi Đựng Dụng Cụ Kĩ Thuật AK-9992
Túi đồ nghề - Ngang size trung Khóa đồng chính hãng cao cấp
Túi đồ nghề - Túi đứng size đại hàng công ty
Túi Đựng Dụng Cụ Kĩ Thuật AK-9986
Túi đồ nghề - Đa Năng Cao Cấp Chính Hãng
Túi đựng máy khoan pin đeo hông cao cấp
Hộp Đựng Dụng Cụ SU-BOX36
TÚI ĐEO HÔNG 7 LỖ
Đai đeo hông vắt đồ nghề cao cấp
Hộp Đựng Dụng Cụ Đa Năng SU-PLASTIC-BOX40V
Túi đựng dụng cụ bền bỉ tiện dụng
Túi đồ nghề - Vải bố cao cấp 
TÚI ĐỰNG ĐỒ NGHỀ PXBAG-M HIỆU OZITO MỚI 100% NHẬP KHẨU ÚC
Túi đồ nghề bằng vải kèm 8 túi phụ  đáy bằng nhựa cứng các cỡ
Túi đồ nghề đáy nhựa chống va đập 20inch cao cấp
Túi đồ nghề - 5 ngăn cao cấp chính hiệu Bông lính
Túi đựng công cụ kèm dây đai total THT16P2031
Thùng dụng cụ 3 tầng tự mở 420x200x180mm B-422 tặng kèm 1 đôi găng tay bảo hộ cảm ứng (mầu hộp tùy chọn)
Hộp đồ nghề 70 chi tiết SATA 95104A-70-6
Hộp Đựng Dụng Cụ Đa Năng SU-PLASTIC-BOX42V
Tủ đồ nghề 6 ngăn kéo 1 ngăn nắp cố định CSPS
Túi Công Cụ Tolsen 80103 - Đen (16inch)
Túi đựng đồ nghề đeo hông TGTB-003 Blue cao cấp
Thùng đồ nghề 3 tầng sắt 495mm  80212 (ID1021) tặng kèm 1 đôi găng tay bảo hộ cảm ứng xuất Nhật
Tủ dụng cụ 6 ngăn có bánh xe Kowon KJS-326
Thùng đựng đồ nghề 16inch CF Cooper - Màu đen (41x22x19)
Túi đựng đồ nghề - Túi đứng bố cao cấp
Thùng đồ nghề xếp 3 tầng chính hãng BUDDY Nhật Bản 430x230
Túi đồ nghề - Túi dán đeo chéo cao cấp chính hiệu
Túi đựng máy khoan pin đeo hông TGTB-Y2 RED cao cấp
Tủ đồ nghề cao cấp 10 ngăn mặt ván gỗ CSPS
"Tủ đồ nghề cao cấp 01 ngăn kéo, 03 khay chứa CSPS"
Thùng đựng đồ nghề 19in CHA-19N (48x27x25cm) Truper - 19781
Bộ Tủ dụng cụ nhiều ngăn có bánh xe Kowon KTBT6806ZA-X & KTBR6806Z-X
"Hộp dụng cụ (nhựa) 19"" có khay đựng phụ kiện Stanley STST1-70317"
Túi đồ nghề - Ngang hộp size đại cao cấp chính hãng Khóa đồng 
Túi đồ nghề - Ba lô size đại cao cấp chính hãng
Tủ dụng cụ 7 ngăn N0T1RD7
Tủ dụng cụ 7 ngăn N0T1RD7B
HỘP ĐỰNG DỤNG CỤ ĐA NĂNG 2 TAY 2 TẦNG 420-22
Tủ dụng cụ 7 ngăn N0RD7
"Hộp dụng cụ (nhựa) 24"" Stanley 1-97-514"
"Hộp dụng cụ (nhựa) 18"" Stanley FMST1-71219"
Bộ Tủ dụng cụ nhiều ngăn có bánh xe Kowon KTBT0204-X & KTBR0207-X
 Túi đựng công cụ ba ngăn L0050-03
Túi đồ nghề - Túi đứng size trung khóa đồng cao cấp
Hộp đựng đồ nghề 16inch Stanley STST74301-8
Xe đẩy 3 tầng đựng đồ nghề CSPS
Hộp đựng dụng cụ sửa chữa chuyên dụng
Túi Công Cụ Tolsen 80112 - Đen (17inch)
Túi đựng đồ nghề - Ngang size đại đa năng
16inch Thùng đựng đồ nghề Asaki AK-9962
Thùng đồ nghề sắt nhỏ 14''/350mm
Thùng đựng đồ nghề Truper 19779 (CHA-19G)
Túi đựng đồ nghề đeo hông TGTB-001BLUL cao cấp
Túi đựng đồ nghề size 18inch cao cấp
Hộp đựng dụng cụ đồ nghề B350 cỡ (350 x 135 x 130 MM)
Túi đựng đồ nghề đeo hông TGTB002 cao cấp
Túi đựng đồ nghề TGTB-T01 20inch cao cấp
"Túi đựng đồ nghề 18"" Truper - 17103"
Túi đồ nghề - Chống nước đế nhựa 20 inch cao cấp
Hộp Đựng Đồ Safer Fire HK
Thùng đồ nghề nhựa 17inch SATA 95166
"Hộp Đựng Dụng Cụ, Đồ Nghề HARDEN 520301 Cỡ Lớn Nhựa ABS - Thân Hộp Nhựa Siêu Nhẹ, Siêu Chịu Lực, Siêu Dày - Khóa Nhựa, Bảo Vệ Tốt - 36x18x19cm - Hàng Chính Hãng"
Hộp Dụng Cụ Đựng Đồ Nghề Đa Năng Cỡ Lớn -  435x235xH195
Túi vệ sinh máy lạnh TD01 - Áo vệ sinh máy lạnh tại nhà
"Hộp Đựng Dụng Cụ, Hộp Đựng Đồ Nghề Đa Năng Cỡ Lớn Thép Cao Cấp HARDEN 520101 - Có Khóa Bảo Vệ, Sơn Tĩnh Điện Sáng Bóng, Nhãn Mịn, Hạn Chế Trầy Xước, Không Rỉ Sét - 35x15x9cm - Hàng Chính Hãng"
túi đồ nghề đế nhựa cứng nhiều size
"Hộp Đựng Dụng Cụ SU420-32, Hộp Đựng Đồ Nghề Đa Năng Thép Cao Cấp  3 Tầng 4 Khay - Tuổi Thọ Cao, Không Ghỉ, Không Công Vênh, Sơn Tĩnh Điện, Hạn Chế Trầy Xước, Chống Ăn Mòn - 42x20x20cm - Hàng Chính Hãng"
"Hộp Đựng Dụng Cụ, Hộp Đựng Đồ Nghề Đa Năng Cỡ Lớn Thép Cao Cấp HARDEN 520103 - Có Khóa Bảo Vệ, Sơn Tĩnh Điện Sáng Bóng, Nhãn Mịn, Hạn Chế Trầy Xước, Không Rỉ Sét - 48x18x19cm - Hàng Chính Hãng"
Thùng đựng đồ nghề 20 inch Truper 10380 (CHP-20X)
"Hộp Đựng Dụng Cụ, Hộp Đựng Đồ Nghề Đa Năng Cỡ Lớn Nhựa ABS HARDEN 520224 - Siêu Chịu Lực, Siêu Dày - Thân Hộp Bọc Inox, Khóa Kim Loại, Bề Mặt Nhẵn Mịn, Chống Xước, Chống Ăn Mòn - 36x18x17cm - Hàng Chính Hãng"
"Hộp Đựng Dụng Cụ, Hộp Đựng Đồ Nghề Đa Năng Cỡ Lớn Thép Cao Cấp HARDEN 520102 - Có Khóa Bảo Vệ, Sơn Tĩnh Điện Sáng Bóng, Nhãn Mịn, Hạn Chế Trầy Xước, Không Rỉ Sét - 43x18x19cm - Hàng Chính Hãng"
Túi đựng đồ nghề Gập xách tay vải dù chất lượng
Túi Đựng Đồ Nghề Đa Năng 16inch Chống Nước Đế Nhựa
HỘP ĐỰNG DỤNG CỤ ĐA NĂNG SU420-31
"Hộp Đựng Dụng Cụ 7 Lít, Hộp Đựng Đồ Nghề Đa Năng Thép Cao Cấp  - Quai Xách, Tuổi Thọ Cao, Không Ghỉ, Không Công Vênh Lớn, Sơn Tĩnh Điện Hạn Chế Trầy Xước, Chống Ăn Mòn - 28 x 14 x 18 cm"
HỘP ĐỰNG DỤNG CỤ ĐA NĂNG model SU420 tùy chọn
Hộp Đựng Dụng Cụ Đa Năng SU-PLASTIC-SDL36
Áo Vệ Sinh Máy Lạnh RO _ vệ sinh máy lạnh tại nhà _ túi vệ sinh máy lạnh _ RO01
Hộp dụng cụ Kowon KNTBD132-X (có dụng cụ)
Túi vải cuộn đồ nghề
Túi Đựng Đồ Nghề Đa Năng Chống Nước
Thùng đựng đồ nghề Truper 11506
Túi đựng đồ nghề VIP 20inch
Túi đồ nghề - Đai đeo đồ nghề Vắt Khoan Pin và Đồ nghề đeo hong
"Hộp Đựng Dụng Cụ, Hộp Đựng Đồ Nghề Đa Năng Cỡ Lớn Nhựa ABS HARDEN 520228 - Siêu Chịu Lực, Siêu Dày - Thân Hộp Bọc Inox, Khóa Kim Loại, Bề Mặt Nhẵn Mịn, Chống Xước, Chống Ăn Mòn - 45x24x19cm - Hàng Chính Hãng"
Túi cuộn đồ nghề mini cao cấp
Hộp đựng dụng cụ 3in1 Stanley STST18613 có bánh xe kéo
Hộp Đựng Dụng Cụ Đa Năng 7L
Hộp Đựng Linh Kiện 36 Ngăn
Hộp đựng dụng cụ đa năng SU350-2
Túi đựng đồ nghề TGTB- 12inch cao cấp
Bộ dụng cụ sửa chữa mở tháo lắp đồng hồ chuyên nghiệp
Túi đựng đồ nghề Mini hàng dầy cao cấp
Thùng đựng đồ nghề Pretul 20533 - 19Inch
Hộp Dụng Cụ Đựng Đồ Nghề Đa Năng Cỡ Lớn - 450x230x200mm
Hộp Đựng Đồ Nghề Stanley STST73691 (44.5 x 24.1 cm)
Túi Đựng Dụng Cụ Chính Hãng HARDEN 500MM
Túi đựng đồ nghề Mini loại dầy cao cấp
Hộp Đựng Linh Kiện Điện Tử 24 Ngăn
Túi Đựng Dụng Cụ Chính Hãng HARDEN 450MM
Hộp Đựng Dụng Cụ Đa Năng SU-PLASTIC-SDL45
Hộp đựng dụng cụ GIHA-1014 195x370x180 mm
"Túi đựng đồ nghề - Túi ngang size lỡ  đựng dụng cụ, đồ nghề"
Hộp Đựng Dụng Cụ Đa Năng SU-PLASTIC-SDL40
Túi đồ nghề - Ngang hộp size đại hàng công ty chính hãng
Thùng đựng đồ nghề  - 16Inch Pretul 20532 (CHP-16P)
Túi Đựng Dụng Cụ Đa Năng Siêu Nhỏ Gọn
"Túi đồ nghề - Bảo trì, sửa chữa Máy may"
Hộp đựng Dụng Cụ Đa năng 3 tầng 
"Hộp viết bạc ống đồng vàng, 120 cây"
Bộ 2 Giá Mỏ Lết Pegboard - Móc Treo Đồ Nghề Sử Dụng Với Bảng Treo Dụng Cụ Sửa Chữa Pegboard Cơ Khí SMLIFE
Hộp dụng cụ (nhựa) Stanley STST19900
Túi đồ nghề - Túi ngang chính hãng cao cấp
Tủ Kéo 7 Ngăn Tolsen 80307 - Vàng (97.6cm)
Dây đai 6M 3 Tấn Total THTRS3061
Túi Đựng Dụng Cụ Kĩ Thuật Asaki AL-9989
Túi đồ nghề - Ngang size đại Dày 2 lớp
Xe đựng dụng cụ thông ngăn DB03
Thùng đồ nghề sắt trung 17 inch 425mm
Túi đồ nghề - Cặp 2 khóa nhỏ chính hãng cao cấp
TỦ DỤNG CỤ 5 NGĂN CÓ BÁNH XE KOWON KJS-38
Túi Công Cụ Tolsen 80101 - Đen (17inch)
Tủ đồ nghề 3 ngăn mặt ván gỗ CSPS + Vách lưới
Balo dụng cụ có cần kéo CSPS 36cm - VNRB036101
Túi Đựng Nhíp Gắp Linh Kiện ESD 9 Chi Tiết
Tủ dụng cụ gia đình 4 ngăn có khóa F04
Thùng đựng đồ nghề 22in Truper 11145 (CHA-22NC)
Túi đồ nghề - 1 khóa nhỏ chính hãng cao cấp
 Túi đựng công cụ L0060
Túi vắt đồ nghề đeo hông leo trèo cao cấp
TỦ XĂM NT04
"Tủ dụng cụ 5 ngăn kéo, mặt ván gỗ nâng hạ và vách lưới CSPS"
Túi đựng đồ nghề - Bảo trì máy may chính hãng
Thùng đựng đồ nghề 16inch CF Cooper - Màu xanh đen (41x22x19)
Túi đựng đồ nghề TGTB-BLUE size 20inch cao cấp
Túi Lót Vệ Sinh Cho Mèo 24 Túi - Uncle Bills
TỦ DỤNG CỤ 8 NGẮN KÉO GARANT
Tủ dụng cụ 10 ngăn N0RD10
Tủ dụng cụ 8 ngăn N0RD8
Tủ dụng cụ 7 ngăn N0RD7B
Túi đồ nghề - Một khóa dài cao cấp chính hãng 
Túi vắt đồ nghề đeo hông leo trèo cao cấp
Tủ đựng dụng cụ có bánh xe đẩy GARANT 914560 6
Tủ đựng dụng cụ có bánh xe đẩy GARANT 914564 6 ngăn
Túi đựng đồ nghề - Túi đứng cao cấp chính hãng
Túi đựng đồ nghề đeo hông TGTB-003 cao cấp
Thùng đựng đồ nghề CF Cooper 16inch - Màu xanh lá (41x22x19)
Thùng đựng đồ nghề 16in Truper 19790 (CHA-16N)
Túi đựng đồ nghề - Ngang size đại cao cấp XĐ (may 2 đường chỉ)
Dây đai 10M 4 Tấn Total THTRS4101
"Túi đồ nghề cao cấp, túi đeo thắt lưng đựng đồ nghề cao cấp 35x15 cm"
Balo dụng cụ CSPS 37cm - VNBP037101 
"Túi đồ nghề cho thợ điện, điện lạnh 50x30x22 cm kiểu ngang big size vải bố dày"
VALI DỤNG CỤ KENDO 76 CHI TIẾT - HÀNG CHÍNH HÃNG
Tủ dụng cụ gia đình 4 ngăn có khóa FORD4
Hộp đựng dụng cụ ốc vít Tactix 320001N
Thùng đồ nghề 3 tầng sắt 410mm  ID1020 tặng kèm 1 đôi găng tay bảo hộ cảm ứng xuất Nhật
Túi Công Cụ FUJIYA AP-M
Túi đồ nghề - Ngang size đại chính hãng cao cấp màu đen
Kệ dụng cụ CSPS 104 cm – 06 hộc kéo CSPS
Tủ đựng dụng cụ có bánh xe đẩy GARANT 914580 5 ngăn
Giỏ đựng công cụ 24 inch Total THT16241
Túi đựng công cụ 320mm/12.5″ L0047
Tủ đựng dụng cụ có bánh xe đẩy GARANT 914582 5 ngăn
"Túi đồ nghề cho thợ điện, điện lạnh 42x26x20 cm màu đen"
Tủ đựng dụng cụ có bánh xe đẩy GARANT 914568 6 ngăn
"Túi đồ nghề cho thợ điện, điện lạnh 42x26x20 cm gia cố đáy"
Tủ dụng cụ 7 ngăn mẫu 2 D0B7B
"Hộp dụng cụ (nhựa) 19"" Stanley 1-93-285"
"Giỏ đựng công cụ 24"" Ingco HTBG04"
Thùng đựng đồ nghề  23inch CF Cooper - Màu xanh lá (59x25x27)
Giỏ Điện FUJIYA TT-M
Thùng đồ nghề 13in - (33 x 18 x 13cm) CHP-13CP Pretul - 20602
Tủ dụng cụ 7 ngăn mẫu 1 D0B7
Hộp dụng cụ (nhựa) Stanley 1-97-512
"Túi đồ nghề cho thợ điện, điện lạnh 50x28x21 cm gia cố đáy"
Túi đồ nghề - Ngang hộp đại Chính hãng
Túi đựng công cụ 385mm/15″ L0048
 Túi đựng công cụ hai ngăn L0050-02
Túi đựng công cụ một ngăn L0050-01
Tủ dụng cụ 6 ngăn kèm hộc có khóa D1B6
"Túi đồ nghề cho thợ điện, điện lạnh 50x30x22 cm màu xanh dương"
Túi đồ nghề dạng balo đứng cao cấp loại lớn 42x34x15 cm
Túi đồ nghề dạng balo đứng cao cấp 39x29x13 cm 
Tủ dụng cụ 7 ngăn mẫu 2 kèm hộc có khóa D1B7B
Thùng đựng đồ nghề 14in (36x20x17cm) Truper - 19854 - CHA-14N
Tủ dụng cụ 6 ngăn kèm hộc có khóa N1T1RD6
Thùng đồ nghề TH01
Thùng đồ nghề 16in - (41 x 22 x 19cm) CHP-16CP Pretul - 20603
Tủ đựng dụng cụ có bánh xe đẩy HOLEX 914700 4 ngăn
"Túi đồ nghề cho thợ điện, điện lạnh 40x30x17 cm kiểu đứng vải bố dày"
Thùng đồ nghề TH03 loại 52*24*30
Hai hộp Thùng đồ nghề TH02 
 Thùng đồ nghề TH03
Tủ dụng cụ 6 ngăn N0T1RD6
Tủ dụng cụ 7 ngăn mẫu 2 kèm hộc có khóa N1T1RD7B
Thùng đựng đồ nghề 16in (41x23x22cm) CHA-16NC Truper - 11141
 Thùng đồ nghề TH02
Túi đựng dụng cụ-Túi đựng đồ nghề sửa chữa XCORT
"Thùng đựng dụng cụ 16in, 3 tầng Truper - 10539 CPE-16N"
"Túi đồ nghề cho thợ điện, điện lạnh 50x30x22 cm gia cố đáy"
Tủ dụng cụ 7 ngăn mẫu 1 kèm hộc có khóa N1T1RD7
Tủ dụng cụ 7 ngăn mẫu 2 kèm hộc có khóa N1RD7B
TỦ DỤNG CỤ CÔNG NGHIỆP  N1RD
"Túi đồ nghề cho thợ điện, điện lạnh 42x26x20 cm gia cố đáy màu xanh lính"
Tủ dụng cụ 6 ngăn N0RD6
