"Xà Đơn Gắn Cửa Treo Tường Có Chốt Chống Xoay 2018 size 60-100,80-130 (màu sọc xanh)"
Xà đơn treo tường gắn cửa đa năng độ dài tùy chỉnh giúp bạn tập gym
Xà đơn gắn cửa 60-100cm
Xà đơn treo tường gắn cửa đa năng độ dài tùy chỉnh giúp bạn tập gym (60-110 cm)
Xà đơn treo tường đa năng Gymlink GLS1007
Xà đơn gắn cửa màu xám Xanh (Chọn kích thước) -kèm giấy hướng dẫn sử dụng 
"Xà Đơn Treo Tường Gắn Cửa Đa Năng Độ Dài Tùy Chỉnh Giúp Bạn Tập Gym, Tập Cơ Bụng, Cơ Vai, Cơ Xô 60-120Cm - Chính Hãng miDoctor (Màu Ngẫu Nhiên)"
"Xà đơn gắn cửa, treo tường không cần khoan vít"
Xà đơn treo tường gắn cửa đa năng độ dài tùy chỉnh Xà Đơn 80 - 100cm - Xà Đơn Gắn Tường
Xà Đơn Gắn Cửa Hoặc Treo Tường Chốt Chống Xoay Màu Đen Xanh Dương(Chọn Kích Thước)- Mẫu Cải Tiến Chất Lượng Vượt Trội
Combo xà đơn treo tường DNS  (KT 60-110cm) không cần bắt vít + Găng tay tập xà đơn
Xà Đơn Xếp Khánh Trình Cho Người Lớn KT1.1518
Xà Đơn Treo Tường 2020 Chốt Chống Xoay 360 - Mẫu đầu lục giác
"Xà đơn đa năng, gắn cửa , treo tường Top Body, hỗ trợ lên xà, hít đất, tập luyện tại nhà, văn phòng tiện lợi"
Xà đơn gắn cửa treo tường 2020
Xà Đơn Treo Tường Gắn Cửa New 80-130Cm
Xà Đơn Cho Trẻ Em Và Người Lớn - Xà Đơn Xếp Khánh Trình KT1.HT
Xà đơn gắn cửa loại ngắn 60x100cm
Xà Đơn Đa Năng Treo Tường TT - Mart P90X
Xà đơn gắn cửa cải tiến có chốt chống xoay (60cm-100cm)
Bộ Xà Đơn Treo Tường Đen Đỏ 2019 + Găng tay tập xà 
Xà Đơn Treo Tường Có Chống Xoay TT - Mart
Combo Xà Đơn Treo Tường 2021 Chốt Chống Xoay Chịu Lực 300kg + Găng Tay Tập Xà
Xà đơn treo tường 60 -100cm
Xà đơn treo tường cao cấp 60-100-SRV7610
xà đơn gắn cửa 62cm-90cm
Xà đơn treo tường kiêm hít đất
Bộ Xà Đơn P90X Có Thêm Móc Để Treo Bao Cát (Tặng Kèm Kìm Bóp Cơ Tay Lực 5-60kg)- Xà Đơn Đa Năng Khoan Tường Có 6 Mút Tay Cầm Phiên Bản Cải Tiến Cao Cấp 
Xà đơn treo tường có chốt chống xoay ( An toàn cao cấp )mẫu mới nhất- Màu đỏ đen
Xà đơn gắn cửa đa năng tùy chỉnh độ dài (80-130m)
Xà đơn gắn cửa cải tiến có chốt chống xoay (60cm-100cm)	
XÀ ĐƠN TRẺ EM DG-001
Xà đơn gắn cửa 2020 KT60-1m
"BG Bộ xà đơn, xà kép đa năng cao cấp CHINNING DIPPING (hàng nhập khẩu)"
Xà Đơn Gắn Cửa Treo Tường Có Chốt An Toàn Màu Đỏ Đen Cao Cấp  Phiên Bản Cải Tiến Dùng Để Tập Chống Vẹo Cột Sống Và Tăng Chiều Cao(Chọn kích Thước)
Xà Đơn Treo Tường Mút Dài 80-130cm 2017 TT - Mart
Xà đơn treo tường P90X+găng tập tạ
Xà Đơn Gắn Tường Điều Chỉnh Kích Thước MacBuy (63 -100 cm)
Xà đơn gắn cửa 2020 KT1-1m5
Xà Đơn Tại Nhà Gắn Cửa Treo Tường Đa Năng 80-130cm Loại Dài
Xà đơn treo tường 80 -130cm
Xà đơn gắn cửa treo tường thông minh hàng cao cấp đệm mút dài đỏ đen kích thước 60-100cm
Xà Đơn Treo Tường Gắn Cửa 2018 80-130cm
Xà Đơn Treo Tường Đa Năng (80 x 130 cm)
Combo xà đơn treo tường 2018 + Găng tay tập xà đơn (KT 80cm-130cm)
Xà Đơn Treo Tường Gắn Cửa Đen Đỏ + Kèm Găng Tay Tập Xà
Xà Đơn 2018 new (60-100cm)
BG Xà đơn treo tường cao cấp treo tường gắn cửa độ dài tùy chỉnh 60-100cm (hàng nhập khẩu)
"Xà Đơn Gắn Tường, Cửa 80-130Cm Hợp Kim Thép Không Gỉ Có Mút Đệm Siêu Tiện Dụng"
Xà đơn gắn cửa cải tiến có chốt chống xoay (83cm-130cm)	
Xà Đơn Gắn Cửa 80-130cm
Xà đơn gắn cửa cải tiến có chốt chống xoay (100cm - 150cm)
Xà đơn treo tường di dộng hợp kim thép không gỉ chống trượt 60-100cm 
Xà Đơn Treo Tường 80 - 130 Cm 
Xà Đơn Gắn Tường Điều Chỉnh Kích Thước MacBuy (80 - 130 cm)
Xà Đơn Treo Tường Loại Dài 80 - 130 Cm
Xà đơn treo tường 100-150cm new 2016
Xà đơn xếp Vifa Sport
Xà đơn gắn cửa 80cm x 1m3
Xà đơn gắn cửa cải tiến có chốt chống xoay (83cm-130cm) - Đen Xanh Dương
Xà Đơn Gắn Cửa Xà Đơn Treo Tường Thông Minh NEW 2019
	Xà Đơn Treo Tường Đa Năng (80 x 130 cm)
Xà Đơn Treo Tường Inox Đa Năng Tập Tại Nhà
Xà đơn treo tường 2018 KT 80-1m3
Xà đơn đa năng Thiên Trường  Hanwei 881
Khung hít xà đơn treo tường cao cấp sơn tỉnh điện tặng bộ ốc vít bù lon bắt tường
Xà Đơn Gắn Cửa Treo Tường Có Chốt Chống Xoay 2018 (màu sọc xanh)
XÀ ĐƠN ĐA NĂNG IRON GYM 1557A
"Xà đơn treo tường, gắn tường chốt chống xoay mẫu mới nhất(Màu ngẫu nhiễn-Mã TG)-2020"
Xà đơn gắn cửa 2020 KT80-1m3
xà đơn gắn cửa
Xà Đơn Đa Năng New 80-130Cm Cao Cấp
Xà Đơn Gắn Cửa Treo Tường Có Điều Chỉnh Kích Thước (60-100cm)
"Xà Đơn Gắn Cửa Treo Tường Có Chốt Chống Xoay 2018 size 60-100,80-130 "
Xà đơn gắn cửa chốt chống xoay 2018
Xà đơn khoan tường kết hợp giá treo bao cát Sportslink WallUp - 1309
Xà Đơn Gắn Cửa 60-110cm
Xà Đơn Treo Tường Mút Dài 80-130cm 2017 TT - Mart
Xà đơn gắn cửa loại ngắn 60x100cm
Xà Đơn Gắn Cửa Độ Dài Tùy chỉnh Bstar (80-130 cm)
Xà đơn xếp Khánh Trình 1 tầng 2 lót – Dành cho NGƯỜI TẬP cao từ 1m40 đến 1m80 và nặng dưới 120kg
Xà đơn P90X-kèm hướng dẫn lắp đặt
Combo xà đơn treo tường DNS (KT 80-130cm) + đĩa xoay eo
Xà đơn gắn cửa fitness
Xà Đơn Gắn Tường Có Điều Chỉnh Kích Thước Chrome 602015 (60 - 100 cm)
Xà Đơn Treo Tường Đại Nam Sport 2018 DN01-80 (80 - 130 cm)
Xà Đơn Gắn Tường New 80-130Cm Siêu Tiện Dụng
Xà Đơn Treo Tường Mút Dài 80-130cm 2017 TT - Mart 
Xà Đơn Khoan Tường P90X Kensports K026
Xà đơn treo tường
Xà đơn xếp trong nhà Đức Long XĐ-02
Xà Đơn Tăng Chiều Cao Đa Năng - Loại Inox Dày Xịn Chỉnh Nhiều Kích Thước - Có Hướng Dẫn Chi Tiết
Xà đơn khoan tường đa chức năng Pull-up K1688
Xà Đơn Cho Người Cao To - Xà đơn xếp Khánh Trình KT1.1520
Xà đơn gắn cửa 60cm - 1m
Xà Đơn Treo Tường Mút Dài 60-110cm 2017 TT - Mart
Xà đơn gắn cửa cải tiến có chốt chống xoay (60cm-100cm)Tặng Găng Tay tập Xà- Màu Xanh Dương
"Xà đơn treo tường đa năng cải tiến, kèm móc treo bao cát Gymlink GLS1008"
"Xà Đơn  Treo Tường Gắn Cửa Điều Chỉnh Độ Dài Linh Hoạt ,Mẫu Mới Chất Liệu Thép Không Gỉ Chịu Lực 150kg , Tay Cầm Bọc Đệm PVC Chống Trượt"
"Xà đơn điều chỉnh treo tường 0,6 - 1,1m"
"Xà đơn điều chỉnh treo tường 0,8 - 1,3m"
Combo xà đơn treo tường gắn cửa 2018 KT60cm-110cm + Gậy bẻ tập cơ tay
Xà đơn gắn cửa loại dài 80x130cm
Xà Đơn Treo Tường Gắn Cửa 2020 Sọc Xanh Tích Hợp Khóa Chống Xoay Chịu Lực 200kg + Kèm Găng Tay Tập Xà
Xà Đơn Thông Minh Đa Năng New 60-100 Cm Siêu Hot
Xà Đơn Gắn Cửa 2016 - 80 Kensports K023-B (130cm)
Xà đơn gắn cửa loại 60-110cm
Xà Đơn Gắn Cửa Kensport VIP3.2 (95 - 130 cm)
Xà đơn treo tường 2018 có chốt chống xoay (60-100)
Xà Đơn Xếp DV-01
Xà Đơn Đa Năng 1557B
Xà Đơn Xếp Khánh Trình Cho Người Cao Từ 1m40 - 1m80 - Tặng Túi Chườm Không Dùng Điện
"Xà đơn gắn cửa mút dài màu đen đỏ ,dễ lắp đặt (tặng găng tay gym) - chọn kích thước"
XÀ ĐƠN CHO BÉ KT1.0914
Xà Đơn Gắn Cửa 2018 - 70 Kensports K021-A (110cm)
Xà Đơn Treo Tường - Xà đơn lắp cửa có thẻ thay đổi chiều dài tặng kèm thước dây đo 150cm màu ngẫu nhiên
Combo xà đơn treo tường 2018 + Găng tay tập xà đơn cao cấp( Chọn kích thước)
Xà Đơn Đa Năng New 60-100Cm Cao Cấp
Combo xà đơn treo tường DNS  (KT 60-110cm) + Kìm bóp tay điều chỉnh lực
Combo Xà đơn treo tường 2019 + Kìm bóp tay điều chỉnh lực (Màu ngẫu nhiên)
Xà Đơn 12 Động Tác KenSports K025 (105cm)
Bộ xà đơn gắn tường đa năng P90X + Kèm găng tay tập xà
Xà Đơn Khoan Tường KenSport ZP5
"Xà đơn điều chỉnh treo tường 0,8 - 1,3m"
Xà đơn xếp Thiên Trường TT- 2020 
Xà Đơn Gắn Cửa Độ Dài Tùy Chỉnh XDTT80-2015 (80 - 130 cm)
Xà Đơn Treo Cửa Adidas ADAC-11402
Combo Xà Đơn Treo Tường Inox + Găng Tay Tập Xà (Chọn Kích Thước)
Xà Đơn Thông Minh Đa Năng New 60-100 Cm Siêu Hot
Xà Đơn Treo Cửa New 60-100Cm Cao Cấp
Xà đơn treo tường 60-110cm + găng tay tập tạ
Xà Đơn Khoan Tường ZP6 Kensports
Xà Đơn Khoan Tường Kensport ZP4
Xà Đơn Gắn Cửa 60-110cm
"Xà Đơn Treo Tường,Gắn Tường ĐL-XĐ03 Cao Cấp + Kèm Vít Nở Và Găng Tay Tập Xà"
1 Chiếc Xà Đơn Gắn Cửa 2021 Cải Tiến Mút Tay Cầm Dài Dầy 3mm( Màu đỏ Đen)
Xà Đơn Gắn Cửa Treo Tường Có Điều Chỉnh Kích Thước (60-100cm)
Xà Đơn Gắn Cửa Treo Tường Có Điều Chỉnh Kích Thước size 60-100 (trắng /đen)
Combo xà đơn treo tường DNS (KT 80-130cm) + Dây nhảy thể dục
Xà Đơn Treo Tường Mút Dài 60-110cm 2017 TT - Mart
"BG Bộ xà đơn, xà kép đa năng cao cấp CHINNING DIPPING - RED (hàng nhập khẩu)"
 Xà đơn treo tường chống xoay New 2019+ Tặng găng tay tập xà
Xà Đơn Gắn Cửa Kensport VIP3.1 (74 - 105 cm)
Xà Đơn Treo Tường Gắn Cửa Đỏ Đen Không Cần Bắt Vít Chịu Lực 150kg + Kèm Găng Tay Tập Xà
"Xà Đơn Gắn Cửa Treo Tường Có Chốt Chống Xoay 2018 size 60-100,80-130 (màu sọc xanh)"
Xà đơn treo tường gắn cửa đa năng độ dài tùy chỉnh giúp bạn tập gym
Xà đơn gắn cửa 60-100cm
Xà đơn treo tường gắn cửa đa năng độ dài tùy chỉnh giúp bạn tập gym (60-110 cm)
Xà đơn treo tường đa năng Gymlink GLS1007
Xà đơn gắn cửa màu xám Xanh (Chọn kích thước) -kèm giấy hướng dẫn sử dụng 
"Xà Đơn Treo Tường Gắn Cửa Đa Năng Độ Dài Tùy Chỉnh Giúp Bạn Tập Gym, Tập Cơ Bụng, Cơ Vai, Cơ Xô 60-120Cm - Chính Hãng miDoctor (Màu Ngẫu Nhiên)"
"Xà đơn gắn cửa, treo tường không cần khoan vít"
Xà đơn treo tường gắn cửa đa năng độ dài tùy chỉnh Xà Đơn 80 - 100cm - Xà Đơn Gắn Tường
Xà Đơn Gắn Cửa Hoặc Treo Tường Chốt Chống Xoay Màu Đen Xanh Dương(Chọn Kích Thước)- Mẫu Cải Tiến Chất Lượng Vượt Trội
Combo xà đơn treo tường DNS  (KT 60-110cm) không cần bắt vít + Găng tay tập xà đơn
Xà Đơn Xếp Khánh Trình Cho Người Lớn KT1.1518
Xà Đơn Treo Tường 2020 Chốt Chống Xoay 360 - Mẫu đầu lục giác
"Xà đơn đa năng, gắn cửa , treo tường Top Body, hỗ trợ lên xà, hít đất, tập luyện tại nhà, văn phòng tiện lợi"
Xà đơn gắn cửa treo tường 2020
Xà Đơn Treo Tường Gắn Cửa New 80-130Cm
Xà Đơn Cho Trẻ Em Và Người Lớn - Xà Đơn Xếp Khánh Trình KT1.HT
Xà đơn gắn cửa loại ngắn 60x100cm
Xà Đơn Đa Năng Treo Tường TT - Mart P90X
Xà đơn gắn cửa cải tiến có chốt chống xoay (60cm-100cm)
Bộ Xà Đơn Treo Tường Đen Đỏ 2019 + Găng tay tập xà 
Xà Đơn Treo Tường Có Chống Xoay TT - Mart
Combo Xà Đơn Treo Tường 2021 Chốt Chống Xoay Chịu Lực 300kg + Găng Tay Tập Xà
Xà đơn treo tường 60 -100cm
Xà đơn treo tường cao cấp 60-100-SRV7610
xà đơn gắn cửa 62cm-90cm
Xà đơn treo tường kiêm hít đất
Bộ Xà Đơn P90X Có Thêm Móc Để Treo Bao Cát (Tặng Kèm Kìm Bóp Cơ Tay Lực 5-60kg)- Xà Đơn Đa Năng Khoan Tường Có 6 Mút Tay Cầm Phiên Bản Cải Tiến Cao Cấp 
Xà đơn treo tường có chốt chống xoay ( An toàn cao cấp )mẫu mới nhất- Màu đỏ đen
Xà đơn gắn cửa đa năng tùy chỉnh độ dài (80-130m)
Xà đơn gắn cửa cải tiến có chốt chống xoay (60cm-100cm)	
XÀ ĐƠN TRẺ EM DG-001
Xà đơn gắn cửa 2020 KT60-1m
"BG Bộ xà đơn, xà kép đa năng cao cấp CHINNING DIPPING (hàng nhập khẩu)"
Xà Đơn Gắn Cửa Treo Tường Có Chốt An Toàn Màu Đỏ Đen Cao Cấp  Phiên Bản Cải Tiến Dùng Để Tập Chống Vẹo Cột Sống Và Tăng Chiều Cao(Chọn kích Thước)
Xà Đơn Treo Tường Mút Dài 80-130cm 2017 TT - Mart
Xà đơn treo tường P90X+găng tập tạ
Xà Đơn Gắn Tường Điều Chỉnh Kích Thước MacBuy (63 -100 cm)
Xà đơn gắn cửa 2020 KT1-1m5
Xà Đơn Tại Nhà Gắn Cửa Treo Tường Đa Năng 80-130cm Loại Dài
Xà đơn treo tường 80 -130cm
Xà đơn gắn cửa treo tường thông minh hàng cao cấp đệm mút dài đỏ đen kích thước 60-100cm
Xà Đơn Treo Tường Gắn Cửa 2018 80-130cm
Xà Đơn Treo Tường Đa Năng (80 x 130 cm)
Combo xà đơn treo tường 2018 + Găng tay tập xà đơn (KT 80cm-130cm)
Xà Đơn Treo Tường Gắn Cửa Đen Đỏ + Kèm Găng Tay Tập Xà
Xà Đơn 2018 new (60-100cm)
BG Xà đơn treo tường cao cấp treo tường gắn cửa độ dài tùy chỉnh 60-100cm (hàng nhập khẩu)
