"Xe đẩy hàng 4 bánh SUMIKA T150 - Khung thép, tay cầm gấp mở tiện lợi, tải trọng 150kg"
Dụng cụ nâng di chuyển đồ vật loại tam giác
Xe đẩy hàng 4 bánh MINGWEI tải trọng 200 kg gấp gọn 
Xe Đẩy Tay 2 Bánh Cao Cấp Có Thể Gấp Gọn Stanley FT580
Xe Đẩy Tay 4 Bánh (Có Thể Gấp Gọn) Stanley PC527
XE KÉO ĐI CHỢ CAO CẤP CÓ GIỎ
Xe đẩy tay đa năng cao cấp stanley FT585
Xe đẩy hàng 4 bánh màu cam đen  TP-XDT003 - tải trọng 150kg
Dụng cụ di chuyển đồ nặng
Xe đẩy hàng giá rẻ - Tải trọng 300kg
Xe Đẩy Tay 2 Bánh Cao Cấp Có Thể Gấp Gọn Stanley FT582
"Xe đẩy hàng 4 bánh SUMIKA T300 - Khung thép, tay cầm gấp mở tiện lợi, tải trọng 300kg"
Xe Đẩy Hàng 4 Bánh Stanley PC528
Xe kéo hàng khung thép hợp kim đa năng gấp gọn tải trọng 40kg
Xe Đẩy Tay 2 Bánh Cao Cấp Có Thể Gấp Gọn Stanley FT516
Xe đẩy hàng 4 bánh MINGWEI tải trọng 400kg gấp gọn
Xe đẩy hàng leo bậc thang Stanley-USA FT584
Xe kéo đẩy hàng gấp gọn đa năng
"Xe kéo hàng, hành lý gấp gọn du lịch chịu tải 200kg DG-3832"
Xe đẩy inox ba tầng nhà hàng AF08164
Xe kéo đi chợ - Xe kéo hàng - Xe đẩy hàng - Xe kéo đa năng - Xe kéo đẩy hàng khung hợp kim cao cấp
Xe Đẩy Tay 2 Bánh Stanley HT526 (Tải Trọng 300kg)
Xe Đẩy Hàng 4 Bánh Gấp Gọn Nhật Bản Tải Trọng 150kg
Thùng nhựa gấp gọn
Xe Đẩy Hàng ADVINDEQ TL-300 (300kg)
"Dụng Cụ Nâng đồ đạc Và Hỗ Trợ Di Chuyển Đồ Đạc Thông Minh, dụng cụ hỗ trợ di chuyển đồ đạc thông minh KIOTOOL - Màu ngẫu nhiên"
Xe Đẩy Tay 4 Bánh Cao Cấp (Có thể gấp gọn) STANLEY PC517
Xe đẩy hàng sàn nhựa NiNDA FD300 tải 300kg
Xe Đẩy Hàng Gấp Gọn Nhật Bản Tải Trọng 300kg
"Xe Đẩy Xếp Gọn THÁI SƠN - Sắt, Sơn tĩnh điện, Tải trọng 70 Kg - TS.XD-2"
Xe Đẩy Tay 4 Bánh Cao Cấp Có Thể Gấp Gọn Stanley PC508
Xe đẩy hàng Advindeq HT-MINI01
 Xe đẩy hàng- hành lý  4 bánh gấp gọn thông minh
Xe kéo đẩy hàng khung thép gấp gọn GG24
Xe kéo đẩy hàng khung thép carbon siêu bền tải trọng 80kg
Xe Đẩy Hàng TL-75 (Tải Trọng 75Kg)
Xe đẩy hành lý gấp gọn
Xe đẩy 4 bánh màu cam đen  TP-XDT014W - tải trọng 300kg
"Bộ 4 bánh xe đẩy hàng xoay 360 độ, có khóa chống xoay chống trượt loại 4cm viền đen"
Xe Đẩy Tay 2 Bánh Stanley HT524 (Tải Trọng 250kg)
Xe Đẩy Tay 2 Bánh Cao Cấp Stanley FT520 (Tải Trọng 120kg)
"Combo 4 bánh xe đẩy hàng loại cao cấp chịu tải 250 kg, KT 75x32 mm - Di chuyển đa mặt sàn (2 bánh xoay và 2 bánh xoay có hãm)"
Xe kéo đẩy hàng xếp gọn
Xe Đẩy Hàng Nikawa FWS-100F - Đen
"Xe kéo đi chợ đẩy hàng xếp gọn 45x25 siêu nhẹ 1,68kg OC0446"
"Bánh xe 5 cm nhựa trắng, xoay 360 độ có khóa chống trượt"
Xe đẩy hàng 4 bánh Fact-Depot
"Bánh xe 4 cm nhựa trắng, xoay 360 độ có khóa chống trượt "
"Xe đẩy hàng 4 bánh SUMIKA T150 - Khung thép, tay cầm gấp mở tiện lợi, tải trọng 150kg"
Dụng cụ nâng di chuyển đồ vật loại tam giác
Xe đẩy hàng 4 bánh MINGWEI tải trọng 200 kg gấp gọn 
Xe Đẩy Tay 2 Bánh Cao Cấp Có Thể Gấp Gọn Stanley FT580
Xe Đẩy Tay 4 Bánh (Có Thể Gấp Gọn) Stanley PC527
XE KÉO ĐI CHỢ CAO CẤP CÓ GIỎ
Xe đẩy tay đa năng cao cấp stanley FT585
Xe đẩy hàng 4 bánh màu cam đen  TP-XDT003 - tải trọng 150kg
Dụng cụ di chuyển đồ nặng
Xe đẩy hàng giá rẻ - Tải trọng 300kg
Xe Đẩy Tay 2 Bánh Cao Cấp Có Thể Gấp Gọn Stanley FT582
"Xe đẩy hàng 4 bánh SUMIKA T300 - Khung thép, tay cầm gấp mở tiện lợi, tải trọng 300kg"
Xe Đẩy Hàng 4 Bánh Stanley PC528
Xe kéo hàng khung thép hợp kim đa năng gấp gọn tải trọng 40kg
Xe Đẩy Tay 2 Bánh Cao Cấp Có Thể Gấp Gọn Stanley FT516
Xe đẩy hàng 4 bánh MINGWEI tải trọng 400kg gấp gọn
Xe đẩy hàng leo bậc thang Stanley-USA FT584
Xe kéo đẩy hàng gấp gọn đa năng
"Xe kéo hàng, hành lý gấp gọn du lịch chịu tải 200kg DG-3832"
Xe đẩy inox ba tầng nhà hàng AF08164
Xe kéo đi chợ - Xe kéo hàng - Xe đẩy hàng - Xe kéo đa năng - Xe kéo đẩy hàng khung hợp kim cao cấp
Xe Đẩy Tay 2 Bánh Stanley HT526 (Tải Trọng 300kg)
Xe Đẩy Hàng 4 Bánh Gấp Gọn Nhật Bản Tải Trọng 150kg
Thùng nhựa gấp gọn
Xe Đẩy Hàng ADVINDEQ TL-300 (300kg)
"Dụng Cụ Nâng đồ đạc Và Hỗ Trợ Di Chuyển Đồ Đạc Thông Minh, dụng cụ hỗ trợ di chuyển đồ đạc thông minh KIOTOOL - Màu ngẫu nhiên"
Xe Đẩy Tay 4 Bánh Cao Cấp (Có thể gấp gọn) STANLEY PC517
Xe đẩy hàng sàn nhựa NiNDA FD300 tải 300kg
Xe Đẩy Hàng Gấp Gọn Nhật Bản Tải Trọng 300kg
"Xe Đẩy Xếp Gọn THÁI SƠN - Sắt, Sơn tĩnh điện, Tải trọng 70 Kg - TS.XD-2"
Xe Đẩy Tay 4 Bánh Cao Cấp Có Thể Gấp Gọn Stanley PC508
Xe đẩy hàng Advindeq HT-MINI01
 Xe đẩy hàng- hành lý  4 bánh gấp gọn thông minh
Xe kéo đẩy hàng khung thép gấp gọn GG24
Xe kéo đẩy hàng khung thép carbon siêu bền tải trọng 80kg
Xe Đẩy Hàng TL-75 (Tải Trọng 75Kg)
Xe đẩy hành lý gấp gọn
Xe đẩy 4 bánh màu cam đen  TP-XDT014W - tải trọng 300kg
"Bộ 4 bánh xe đẩy hàng xoay 360 độ, có khóa chống xoay chống trượt loại 4cm viền đen"
Xe Đẩy Tay 2 Bánh Stanley HT524 (Tải Trọng 250kg)
Xe Đẩy Tay 2 Bánh Cao Cấp Stanley FT520 (Tải Trọng 120kg)
"Combo 4 bánh xe đẩy hàng loại cao cấp chịu tải 250 kg, KT 75x32 mm - Di chuyển đa mặt sàn (2 bánh xoay và 2 bánh xoay có hãm)"
Xe kéo đẩy hàng xếp gọn
Xe Đẩy Hàng Nikawa FWS-100F - Đen
"Xe kéo đi chợ đẩy hàng xếp gọn 45x25 siêu nhẹ 1,68kg OC0446"
"Bánh xe 5 cm nhựa trắng, xoay 360 độ có khóa chống trượt"
Xe đẩy hàng 4 bánh Fact-Depot
"Bánh xe 4 cm nhựa trắng, xoay 360 độ có khóa chống trượt "
Xe đẩy hàng 2 tầng có lưới bảo vệ JUMBO Thái Lan HL-120M
"Bộ 4 bánh xe đẩy hàng 7.5 cm viền đen, có khóa chống trượt xoay 360 độ"
Xe đẩy hàng 4 bánh maxkiwi Pt0090
Xe Đẩy Tay 2/4 Bánh Cao Cấp Stanley SXWTD-MT519 (Tải Trọng 150/200kg)
Xe đẩy mini đa năng TP-XDT067 - tải trọng 70kg
Xe đẩy tay 2 bánh có thể gấp gọn Stanley FT502
"Xe kéo hàng gấp gọn dùng đi chợ, đi chơi, đi du lịch"
Xe Đẩy Tay Đa Năng Cao Cấp Có Thể Gấp Gọn Stanley MT515
Xe đẩy Kanson hai chức năng màu cam TP-XDT023W - tải trọng từ 270-360kg
Xe đẩy hàng 2 bánh tải trọng 180kg
Xe đẩy hàng Ninda ND-300S tải  trọng 200kg
Xe đẩy hàng bằng tay có thể gập lại TOTAL THTHP11502
XE ĐẨY HÀNG PHONG THẠNH 2 BÁNH X370C
Xe đẩy hàng
Xe Kéo Hàng Đẩy Hàng Khung Thép Cao Cấp ( KH01 )
Xe đẩy hàng
Xe kéo đẩy hàng khung hợp kim thép carbon tải trọng 80kg
Xe đẩy hàng 2 tầng hai tay đẩy JUMBO Thái Lan Model HL-120D
Xe đẩy hàng 150kg
Xe kéo đẩy hàng khung thép carbon siêu bền tải trọng 80kg
Xe Đẩy Tay 2 Bánh Cao Cấp Stanley HT522 (Tải Trọng 200kg)
Xe kéo khung thép hợp kim gấp gọn đa năng tải trọng 40kg
Xe Đẩy Xếp Gọn Thái Sơn - tải trọng 50 Kg (chất liệu inox)
Xe Đẩy Hàng 2 Bánh Rút Gọn Advindeq TL-110C - Hàng Chính Hãng
Xe Đẩy Tay 2 Bánh Cao Cấp Có Thể Gấp Gọn Stanley FT503
Xe kéo hàng tải 180kg
Xe đẩy hàng 2 bánh gấp gọn khung nhôm tải trọng 70kgs STANLEY FATMAX- USA FXWT-705
Bánh xe đẩy mặt đế xoay càng sắt tải trọng 50kg lốp nhựa PU đen rộng 32mm Φ75mm
Xe kéo đa năng gấp gọn tiện dụng tải trọng 40kg
Bánh xe đẩy mặt đế xoay càng sắt tải trọng 30kg lốp nhựa PU đen rộng 20mm Φ40mmư
Xe đẩy tay 3 tầng bằng nhựa HORECA JD mã JD-UC333
Xe đẩy hàng có lưới bảo vệ JUMBO Thái Lan HL-113
Xe Đẩy Hàng 2 Bánh Rút Gọn ADVINDEQ TL-80C (80kg) - Hàng Chính Hãng
XE ĐẨY GIÁ GẮN ĐẦU DAO PHAY CNC BT40
Xe đẩy Kanson tay cầm chữ P màu cam TP-XDT024W - tải trọng 270kg
Bánh xe đẩy mặt đế xoay càng sắt mạ kền tải trọng 50kg lốp nhựa TPR đỏ mận rộng 32mm Φ75mm có khóa
Bánh xe đẩy mặt đế xoay càng sắt tải trọng 35kg lốp nhựa PU đen rộng 23mm Φ50mm
Bánh xe đẩy mặt đế xoay càng sắt tải trọng 45kg lốp nhựa PU đen rộng 32mm Φ60mm có khóa
Đế nhựa tròn HORECA TRUST mã 1811BK
Xe đẩy hàng 4 bánh gấp gọn - GẤP GỌN ĐƯỢC CẢ BÁNH XE
Xe Đẩy Tay 2 Bánh Stanley HT525
Xe kéo hàng khung nhôm tải trọng 80kg
Xe đẩy hàng di động
Xe Đẩy Tay 2 Bánh Cao Cấp Có Thể Gấp Gọn Stanley FT504
Xe Đẩy Hàng Nikawa FWS-150S - Xám
Xe Đẩy Hàng 2 Bánh Stanley HT539
Xe đẩy hàng 4 bánh FD150 ( Gấp Gọn)
Xe đẩy hàng 2 in 1- VỪA LÀ XE 2 BÁNH- VỪA LÀ XE 4 BÁNH
Xe Đẩy Tay 2 Bánh Stanley HT538 (Tải Trọng 300kg)
Xe đẩy hàng di động
Xe đẩy hàng nhựa tải trọng 400kg
Xe đẩy dụng cụ 5 ngăn có bánh xe Kowon KTC326BG
Xe Đẩy Hàng Sumo SFT2809
Xe kéo đẩy hàng du lịch bỏ túi Trolley Mini
Xe Đẩy Hàng 2 Bánh Stanley HT536
Xe đẩy đồ 3 tầng bằng nhựa Hi5 HORECA TRUST mã 4025BK
Xe đẩy tay 2 bánh X370 Phong Thạnh
Xe Đẩy Hàng Advindeq Av230
"Xe đẩy dụng cụ WORKPRO W112007, 460x360x520mm"
Xe đẩy hàng 04 bánh XTB100D 
XE ĐẨY HÀNG 4 BÁNH HOMESHEEL XD4 THẾ HỆ MỚI
TỦ ĐỰNG DỤNG 6 NGĂN GARANT - 914550 6
" Xe đẩy hàng(TL: 2,8 kg- NHỎ GỌN thuận tiện bỏ cốp ÔTÔ)"
Xe kéo hành lý du lịch xếp gọn tải trọng 150Kg XH-3618
XE ĐẨY DỌN VỆ SINH BẰNG NHỰA 
Xe đẩy hàng 2 bánh Stanley HT525
Đế di chuyển hộp nhựa có bánh xe HORECA TRUST mã 4483BK
Xe đẩy tay 4 bánh Phong Thạnh XTH 200N
Xe đẩy hàng rút gọn 2 bánh
Xe đẩy hàng 4 bánh gấp gọn tải 300kg
Xe Đẩy Hàng Sumo HG-310C
Bánh xe đẩy mặt đế xoay càng sắt tải trọng 50kg lốp nhựa PU đen rộng 32mm Φ75mm có khóa
Xe đẩy tay 2 bánh X550 Phong Thạnh
Xe đẩy hàng Advindeq HT-170 - Hàng Chính Hãng
Xe 2 bánh đẩy hàng - tải trọng 300kg
Xe đẩy hàng 4 bánh maxkiwi pt0089
Xe Đẩy Fiber-Tech Chống Ồn Gấp Gọn Happy Move (150kg)
Xe kéo hàng khung hợp kim nhôm chịu lực tải trọng 80kg
Bánh xe đẩy mặt đế xoay càng sắt mạ kền tải trọng 65kg lốp nhựa TPR đỏ mận rộng 32mm Φ120m có khóa
XE ĐẨY GIÁ GẮN ĐẦU DAO CNC BT30
Xe Đẩy Hàng 2 Bánh X485 Phong Thạnh
XE ĐẨY HÀNG TẢI TRỌNG 170KG
Xe Đẩy Hàng Nikawa WFA-600Y - Đen
Xe đẩy đồ bằng nhựa có bánh xe 5″ HORECA TRUST mã 4482BK
Đế nhựa vuông HORECA TRUST mã 1812BK
Xe Đẩy Fb Chống Ồn 2 Tầng Happy Move (150kg)
Xe để dụng cụ 4 ngăn DB04
Xe đẩy hàng bằng nhựa HORECA JD mã JD-RD02
Xe đẩy đựng đĩa bằng nhựa HORECA TRUST mã 8651DBN
Xe đẩy hàng bằng tay (có chế độ gập lai) Total THTHP13002 - Hàng chính hãng
Xe đẩy hàng 2 tầng có lưới bảo vệ JUMBO Thái Lan HB-220M
XE ĐẨY GIÁ GẮN ĐẦU DAO PHAY CNC BT50
Bánh xe đẩy mặt đế xoay càng sắt mạ kền tải trọng 65kg lốp nhựa TPR đỏ mận rộng 32mm Φ120mm
"Xe đẩy dụng cụ có ghế WORKPRO W009039, 136 chi tiết"
"Xe đẩy tay bằng nhựa 3 tầng HORECA Samkwang SKCAMEL, màu xám SK4772SC-G "
Xe đẩy Fiber Tech lồng lưới chống ồn Happy Move
"Xe đẩy hàng 4 bánh SUMIKA T150 - Khung thép, tay cầm gấp mở tiện lợi, tải trọng 150kg"
Dụng cụ nâng di chuyển đồ vật loại tam giác
Xe đẩy hàng 4 bánh MINGWEI tải trọng 200 kg gấp gọn 
Xe Đẩy Tay 2 Bánh Cao Cấp Có Thể Gấp Gọn Stanley FT580
Xe Đẩy Tay 4 Bánh (Có Thể Gấp Gọn) Stanley PC527
XE KÉO ĐI CHỢ CAO CẤP CÓ GIỎ
Xe đẩy tay đa năng cao cấp stanley FT585
Xe đẩy hàng 4 bánh màu cam đen  TP-XDT003 - tải trọng 150kg
Dụng cụ di chuyển đồ nặng
Xe đẩy hàng giá rẻ - Tải trọng 300kg
Xe Đẩy Tay 2 Bánh Cao Cấp Có Thể Gấp Gọn Stanley FT582
"Xe đẩy hàng 4 bánh SUMIKA T300 - Khung thép, tay cầm gấp mở tiện lợi, tải trọng 300kg"
Xe Đẩy Hàng 4 Bánh Stanley PC528
Xe kéo hàng khung thép hợp kim đa năng gấp gọn tải trọng 40kg
Xe Đẩy Tay 2 Bánh Cao Cấp Có Thể Gấp Gọn Stanley FT516
Xe đẩy hàng 4 bánh MINGWEI tải trọng 400kg gấp gọn
Xe đẩy hàng leo bậc thang Stanley-USA FT584
Xe kéo đẩy hàng gấp gọn đa năng
"Xe kéo hàng, hành lý gấp gọn du lịch chịu tải 200kg DG-3832"
Xe đẩy inox ba tầng nhà hàng AF08164
Xe kéo đi chợ - Xe kéo hàng - Xe đẩy hàng - Xe kéo đa năng - Xe kéo đẩy hàng khung hợp kim cao cấp
Xe Đẩy Tay 2 Bánh Stanley HT526 (Tải Trọng 300kg)
Xe Đẩy Hàng 4 Bánh Gấp Gọn Nhật Bản Tải Trọng 150kg
Thùng nhựa gấp gọn
Xe Đẩy Hàng ADVINDEQ TL-300 (300kg)
"Dụng Cụ Nâng đồ đạc Và Hỗ Trợ Di Chuyển Đồ Đạc Thông Minh, dụng cụ hỗ trợ di chuyển đồ đạc thông minh KIOTOOL - Màu ngẫu nhiên"
Xe Đẩy Tay 4 Bánh Cao Cấp (Có thể gấp gọn) STANLEY PC517
Xe đẩy hàng sàn nhựa NiNDA FD300 tải 300kg
Xe Đẩy Hàng Gấp Gọn Nhật Bản Tải Trọng 300kg
"Xe Đẩy Xếp Gọn THÁI SƠN - Sắt, Sơn tĩnh điện, Tải trọng 70 Kg - TS.XD-2"
Xe Đẩy Tay 4 Bánh Cao Cấp Có Thể Gấp Gọn Stanley PC508
Xe đẩy hàng Advindeq HT-MINI01
 Xe đẩy hàng- hành lý  4 bánh gấp gọn thông minh
Xe kéo đẩy hàng khung thép gấp gọn GG24
Xe kéo đẩy hàng khung thép carbon siêu bền tải trọng 80kg
Xe Đẩy Hàng TL-75 (Tải Trọng 75Kg)
Xe đẩy hành lý gấp gọn
Xe đẩy 4 bánh màu cam đen  TP-XDT014W - tải trọng 300kg
"Bộ 4 bánh xe đẩy hàng xoay 360 độ, có khóa chống xoay chống trượt loại 4cm viền đen"
Xe Đẩy Tay 2 Bánh Stanley HT524 (Tải Trọng 250kg)
Xe Đẩy Tay 2 Bánh Cao Cấp Stanley FT520 (Tải Trọng 120kg)
"Combo 4 bánh xe đẩy hàng loại cao cấp chịu tải 250 kg, KT 75x32 mm - Di chuyển đa mặt sàn (2 bánh xoay và 2 bánh xoay có hãm)"
Xe kéo đẩy hàng xếp gọn
Xe Đẩy Hàng Nikawa FWS-100F - Đen
"Xe kéo đi chợ đẩy hàng xếp gọn 45x25 siêu nhẹ 1,68kg OC0446"
"Bánh xe 5 cm nhựa trắng, xoay 360 độ có khóa chống trượt"
Xe đẩy hàng 4 bánh Fact-Depot
"Bánh xe 4 cm nhựa trắng, xoay 360 độ có khóa chống trượt "
Xe đẩy hàng GARANT 918520 T32 tải trọng 250kg
Xe đẩy hàng GARANT 918520 T34 tải trọng 500kg
Xe để dụng cụ thông ngăn N0R4 ( Màu nhũ bạc )
Xe đẩy hàng 2 tầng GARANT 918500 T14 tải trọng 200kg
Xe để dụng cụ 3 ngăn N0R3
Đế 3 khoang bằng nhựa HORECA TRUST mã 1816BK
Xe đẩy hàng 3 tầng GARANT 918540 T74 tải trọng 250 kg
"Xe đẩy dọn buồng phòng 3 tầng khách sạn, Mã C-37, Thương hiệu Chinasouth, Chất liệu thép sơn tĩnh điện, Kích thước nhỏ"
